2026-07-04 21:16:16.928 [main] INFO  c.e.h.c.AuthControllerTestIT - Starting AuthControllerTestIT using Java 25.0.1 with PID 94958 (started by ermapsh in /Users/ermapsh/Devlopement/project/backend/hospital)
2026-07-04 21:16:16.928 [main] INFO  c.e.h.c.AuthControllerTestIT - No active profile set, falling back to 1 default profile: "default"
2026-07-04 21:16:17.014 [background-preinit] INFO  o.h.validator.internal.util.Version - HV000001: Hibernate Validator 9.0.1.Final
2026-07-04 21:16:17.295 [main] INFO  o.s.d.r.c.RepositoryConfigurationDelegate - Bootstrapping Spring Data JPA repositories in DEFAULT mode.
2026-07-04 21:16:17.365 [main] INFO  o.s.d.r.c.RepositoryConfigurationDelegate - Finished Spring Data repository scanning in 64 ms. Found 8 JPA repository interfaces.
2026-07-04 21:16:17.566 [main] INFO  o.testcontainers.images.PullPolicy - Image pull policy will be performed by: DefaultPullPolicy()
2026-07-04 21:16:17.566 [main] INFO  o.t.utility.ImageNameSubstitutor - Image name substitution will be performed by: DefaultImageNameSubstitutor (composite of 'ConfigurationFileImageNameSubstitutor' and 'PrefixingImageNameSubstitutor')
2026-07-04 21:16:17.575 [main] INFO  o.testcontainers.DockerClientFactory - Testcontainers version: 2.0.4
2026-07-04 21:16:17.659 [main] INFO  o.t.d.DockerClientProviderStrategy - Loaded org.testcontainers.dockerclient.UnixSocketClientProviderStrategy from ~/.testcontainers.properties, will try it first
2026-07-04 21:16:17.848 [main] INFO  o.t.d.DockerClientProviderStrategy - Found Docker environment with local Unix socket (unix:///var/run/docker.sock)
2026-07-04 21:16:17.849 [main] INFO  o.testcontainers.DockerClientFactory - Docker host IP address is localhost
2026-07-04 21:16:17.860 [main] INFO  o.testcontainers.DockerClientFactory - Connected to docker: 
  Server Version: 29.6.1
  API Version: 1.55
  Operating System: Docker Desktop
  Total Memory: 7936 MB
  Labels: 
    com.docker.desktop.address=unix:///Users/ermapsh/Library/Containers/com.docker.docker/Data/docker-cli.sock
2026-07-04 21:16:17.910 [main] INFO  tc.testcontainers/ryuk:0.14.0 - Creating container for image: testcontainers/ryuk:0.14.0
2026-07-04 21:16:18.087 [main] INFO  tc.testcontainers/ryuk:0.14.0 - Container testcontainers/ryuk:0.14.0 is starting: 05fbdbc6039fff1ecc274c0631a9b06acc607ae0a93ee68e0b420305ee9ee91a
2026-07-04 21:16:18.281 [main] INFO  tc.testcontainers/ryuk:0.14.0 - Container testcontainers/ryuk:0.14.0 started in PT0.371067S
2026-07-04 21:16:18.284 [main] INFO  o.t.utility.RyukResourceReaper - Ryuk started - will monitor and terminate Testcontainers containers on JVM exit
2026-07-04 21:16:18.284 [main] INFO  o.testcontainers.DockerClientFactory - Checking the system...
2026-07-04 21:16:18.284 [main] INFO  o.testcontainers.DockerClientFactory - ✔︎ Docker server version should be at least 1.6.0
2026-07-04 21:16:18.284 [main] INFO  tc.postgres:16 - Creating container for image: postgres:16
2026-07-04 21:16:18.314 [main] INFO  tc.postgres:16 - Container postgres:16 is starting: 979409a6ce7a0a21382a95914992f1a19426109aa6dac7566587c15eaddded21
2026-07-04 21:16:18.973 [main] INFO  tc.postgres:16 - Container postgres:16 started in PT0.689395S
2026-07-04 21:16:18.974 [main] INFO  tc.postgres:16 - Container is started (JDBC URL: jdbc:postgresql://localhost:54645/test?loggerLevel=OFF)
2026-07-04 21:16:19.047 [main] INFO  org.hibernate.orm.jpa - HHH008540: Processing PersistenceUnitInfo [name: default]
2026-07-04 21:16:19.075 [main] INFO  org.hibernate.orm.core - HHH000001: Hibernate ORM core version 7.2.7.Final
2026-07-04 21:16:19.168 [main] INFO  o.h.e.b.internal.EnversServiceImpl - Envers integration enabled? : true
2026-07-04 21:16:19.247 [main] INFO  o.s.o.j.p.SpringPersistenceUnitInfo - No LoadTimeWeaver setup: ignoring JPA class transformer
2026-07-04 21:16:19.260 [main] INFO  com.zaxxer.hikari.HikariDataSource - HikariPool-1 - Starting...
2026-07-04 21:16:19.325 [main] INFO  com.zaxxer.hikari.pool.HikariPool - HikariPool-1 - Added connection org.postgresql.jdbc.PgConnection@3c12f87d
2026-07-04 21:16:19.326 [main] INFO  com.zaxxer.hikari.HikariDataSource - HikariPool-1 - Start completed.
2026-07-04 21:16:19.358 [main] INFO  o.hibernate.orm.connections.pooling - HHH10001005: Database info:
	Database JDBC URL [jdbc:postgresql://localhost:54645/test?loggerLevel=OFF]
	Database driver: PostgreSQL JDBC Driver
	Database dialect: PostgreSQLDialect
	Database version: 16.14
	Default catalog/schema: test/public
	Autocommit mode: undefined/unknown
	Isolation level: READ_COMMITTED [default READ_COMMITTED]
	JDBC fetch size: none
	Pool: DataSourceConnectionProvider
	Minimum pool size: undefined/unknown
	Maximum pool size: undefined/unknown
2026-07-04 21:16:19.455 [main] INFO  o.h.e.c.i.m.AuditMetadataGenerator - Adding properties for entity: com.ermapsh.hospital.entity.PostEntity
2026-07-04 21:16:19.881 [main] INFO  org.hibernate.orm.core - HHH000489: No JTA platform available (set 'hibernate.transaction.jta.platform' to enable JTA platform integration)
2026-07-04 21:16:19.915 [main] WARN  org.hibernate.orm.jdbc.warn - HHH000247: ErrorCode: 0, SQLState: 00000
2026-07-04 21:16:19.915 [main] WARN  org.hibernate.orm.jdbc.warn - constraint "uk1t68827l97cwyxo9r1u6t4p7d" of relation "department" does not exist, skipping
2026-07-04 21:16:19.916 [main] WARN  org.hibernate.orm.jdbc.warn - HHH000247: ErrorCode: 0, SQLState: 00000
2026-07-04 21:16:19.916 [main] WARN  org.hibernate.orm.jdbc.warn - constraint "ukkkp33svgs69x9xgcgl55rk5sp" of relation "department" does not exist, skipping
2026-07-04 21:16:19.917 [main] WARN  org.hibernate.orm.jdbc.warn - HHH000247: ErrorCode: 0, SQLState: 00000
2026-07-04 21:16:19.917 [main] WARN  org.hibernate.orm.jdbc.warn - constraint "uk2o0gkfbstwhhtknwdle80icm" of relation "doctor" does not exist, skipping
2026-07-04 21:16:19.918 [main] WARN  org.hibernate.orm.jdbc.warn - HHH000247: ErrorCode: 0, SQLState: 00000
2026-07-04 21:16:19.918 [main] WARN  org.hibernate.orm.jdbc.warn - constraint "uk7rbxwbe5osbdxdxv1nx6xp5q4" of relation "insurance" does not exist, skipping
2026-07-04 21:16:19.920 [main] WARN  org.hibernate.orm.jdbc.warn - HHH000247: ErrorCode: 0, SQLState: 00000
2026-07-04 21:16:19.920 [main] WARN  org.hibernate.orm.jdbc.warn - constraint "unique_patient_name_dob" of relation "patient" does not exist, skipping
2026-07-04 21:16:19.921 [main] WARN  org.hibernate.orm.jdbc.warn - HHH000247: ErrorCode: 0, SQLState: 00000
2026-07-04 21:16:19.921 [main] WARN  org.hibernate.orm.jdbc.warn - constraint "ukmrjnos83qfuhf1o7sivv5ws5q" of relation "patient" does not exist, skipping
2026-07-04 21:16:19.922 [main] WARN  org.hibernate.orm.jdbc.warn - HHH000247: ErrorCode: 0, SQLState: 00000
2026-07-04 21:16:19.922 [main] WARN  org.hibernate.orm.jdbc.warn - constraint "ukqfqu3sawio9crosjondpnadot" of relation "patient" does not exist, skipping
2026-07-04 21:16:19.923 [main] WARN  org.hibernate.orm.jdbc.warn - HHH000247: ErrorCode: 0, SQLState: 00000
2026-07-04 21:16:19.923 [main] WARN  org.hibernate.orm.jdbc.warn - constraint "uk6dotkott2kjsp8vw4d0m25fb7" of relation "users" does not exist, skipping
2026-07-04 21:16:19.932 [main] INFO  o.s.o.j.LocalContainerEntityManagerFactoryBean - Initialized JPA EntityManagerFactory for persistence unit 'default'
2026-07-04 21:16:19.963 [main] INFO  o.s.d.j.r.q.QueryEnhancerFactories - Hibernate is in classpath; If applicable, HQL parser will be used.
2026-07-04 21:16:20.046 [main] INFO  o.s.s.c.a.a.c.InitializeUserDetailsBeanManagerConfigurer$InitializeUserDetailsManagerConfigurer - Global AuthenticationManager configured with UserDetailsService bean with name userService
2026-07-04 21:16:20.531 [main] WARN  o.s.b.j.a.JpaBaseConfiguration$JpaWebConfiguration - spring.jpa.open-in-view is enabled by default. Therefore, database queries may be performed during view rendering. Explicitly configure spring.jpa.open-in-view to disable this warning
2026-07-04 21:16:20.855 [main] INFO  o.s.b.t.m.w.SpringBootMockServletContext - Initializing Spring TestDispatcherServlet ''
2026-07-04 21:16:20.855 [main] INFO  o.s.t.w.s.TestDispatcherServlet - Initializing Servlet ''
2026-07-04 21:16:20.858 [main] INFO  o.s.b.a.e.web.EndpointLinksResolver - Exposing 13 endpoints beneath base path '/actuator'
2026-07-04 21:16:20.864 [main] INFO  o.s.t.w.s.TestDispatcherServlet - Completed initialization in 9 ms
2026-07-04 21:16:20.911 [main] INFO  c.e.h.c.AuthControllerTestIT - Started AuthControllerTestIT in 4.149 seconds (process running for 4.764)
2026-07-04 21:16:21.304 [main] ERROR o.s.t.w.r.server.ExchangeResult - Request details for assertion failure:

> POST /auth/signup
> WebTestClient-Request-Id: [1]
> Content-Type: [application/json]
> Content-Length: [142]

{"email":"maheshmestri73@gmail.com","password":"Mahesh@12345","name":"Mahesh Mestri","roles":["USER"],"permissions":["USER_VIEW","POST_VIEW"]}

< 401 UNAUTHORIZED Unauthorized
< Content-Type: [application/json]

{"timestamp":"2026-07-04T21:16:21.290371","message":"User email already exist maheshmestri73@gmail.com","error":"Unauthorized","status":401}

======================  MockMvc (Server) ===============================

MockHttpServletRequest:
      HTTP Method = POST
      Request URI = /auth/signup
       Parameters = {}
          Headers = [WebTestClient-Request-Id:"1", Content-Type:"application/json", Content-Length:"142"]
             Body = <no character encoding set>
    Session Attrs = {}

Handler:
             Type = com.ermapsh.hospital.controller.AuthController
           Method = com.ermapsh.hospital.controller.AuthController#signup(SignupRequest)

Async:
    Async started = false
     Async result = null

Resolved Exception:
             Type = org.springframework.security.authentication.BadCredentialsException

ModelAndView:
        View name = null
             View = null
            Model = null

FlashMap:
       Attributes = null

MockHttpServletResponse:
           Status = 401
    Error message = null
          Headers = [Content-Type:"application/json"]
     Content type = application/json
             Body = {"timestamp":"2026-07-04T21:16:21.290371","message":"User email already exist maheshmestri73@gmail.com","error":"Unauthorized","status":401}
    Forwarded URL = null
   Redirected URL = null
          Cookies = []


2026-07-04 21:16:21.320 [SpringApplicationShutdownHook] INFO  o.s.o.j.LocalContainerEntityManagerFactoryBean - Closing JPA EntityManagerFactory for persistence unit 'default'
2026-07-04 21:16:21.321 [SpringApplicationShutdownHook] INFO  com.zaxxer.hikari.HikariDataSource - HikariPool-1 - Shutdown initiated...
2026-07-04 21:16:21.322 [SpringApplicationShutdownHook] INFO  com.zaxxer.hikari.HikariDataSource - HikariPool-1 - Shutdown completed.
2026-07-04 21:17:28.202 [main] INFO  c.e.h.c.AuthControllerTestIT - Starting AuthControllerTestIT using Java 25.0.1 with PID 94988 (started by ermapsh in /Users/ermapsh/Devlopement/project/backend/hospital)
2026-07-04 21:17:28.203 [main] INFO  c.e.h.c.AuthControllerTestIT - No active profile set, falling back to 1 default profile: "default"
2026-07-04 21:17:28.288 [background-preinit] INFO  o.h.validator.internal.util.Version - HV000001: Hibernate Validator 9.0.1.Final
2026-07-04 21:17:28.546 [main] INFO  o.s.d.r.c.RepositoryConfigurationDelegate - Bootstrapping Spring Data JPA repositories in DEFAULT mode.
2026-07-04 21:17:28.604 [main] INFO  o.s.d.r.c.RepositoryConfigurationDelegate - Finished Spring Data repository scanning in 54 ms. Found 8 JPA repository interfaces.
2026-07-04 21:17:28.803 [main] INFO  o.testcontainers.images.PullPolicy - Image pull policy will be performed by: DefaultPullPolicy()
2026-07-04 21:17:28.804 [main] INFO  o.t.utility.ImageNameSubstitutor - Image name substitution will be performed by: DefaultImageNameSubstitutor (composite of 'ConfigurationFileImageNameSubstitutor' and 'PrefixingImageNameSubstitutor')
2026-07-04 21:17:28.813 [main] INFO  o.testcontainers.DockerClientFactory - Testcontainers version: 2.0.4
2026-07-04 21:17:28.892 [main] INFO  o.t.d.DockerClientProviderStrategy - Loaded org.testcontainers.dockerclient.UnixSocketClientProviderStrategy from ~/.testcontainers.properties, will try it first
2026-07-04 21:17:29.058 [main] INFO  o.t.d.DockerClientProviderStrategy - Found Docker environment with local Unix socket (unix:///var/run/docker.sock)
2026-07-04 21:17:29.060 [main] INFO  o.testcontainers.DockerClientFactory - Docker host IP address is localhost
2026-07-04 21:17:29.071 [main] INFO  o.testcontainers.DockerClientFactory - Connected to docker: 
  Server Version: 29.6.1
  API Version: 1.55
  Operating System: Docker Desktop
  Total Memory: 7936 MB
  Labels: 
    com.docker.desktop.address=unix:///Users/ermapsh/Library/Containers/com.docker.docker/Data/docker-cli.sock
2026-07-04 21:17:29.118 [main] INFO  tc.testcontainers/ryuk:0.14.0 - Creating container for image: testcontainers/ryuk:0.14.0
2026-07-04 21:17:29.255 [main] INFO  tc.testcontainers/ryuk:0.14.0 - Container testcontainers/ryuk:0.14.0 is starting: 64fb6e287e1b2b817584d9099e08339982dee916ffa8c014277c63d6174317b2
2026-07-04 21:17:29.443 [main] INFO  tc.testcontainers/ryuk:0.14.0 - Container testcontainers/ryuk:0.14.0 started in PT0.32506S
2026-07-04 21:17:29.446 [main] INFO  o.t.utility.RyukResourceReaper - Ryuk started - will monitor and terminate Testcontainers containers on JVM exit
2026-07-04 21:17:29.446 [main] INFO  o.testcontainers.DockerClientFactory - Checking the system...
2026-07-04 21:17:29.446 [main] INFO  o.testcontainers.DockerClientFactory - ✔︎ Docker server version should be at least 1.6.0
2026-07-04 21:17:29.446 [main] INFO  tc.postgres:16 - Creating container for image: postgres:16
2026-07-04 21:17:29.472 [main] INFO  tc.postgres:16 - Container postgres:16 is starting: c76dffc66a7d25952ea8995e6905330c6b9ec399db500b7bd45659cf97ae46d8
2026-07-04 21:17:30.142 [main] INFO  tc.postgres:16 - Container postgres:16 started in PT0.695807S
2026-07-04 21:17:30.143 [main] INFO  tc.postgres:16 - Container is started (JDBC URL: jdbc:postgresql://localhost:54672/test?loggerLevel=OFF)
2026-07-04 21:17:30.213 [main] INFO  org.hibernate.orm.jpa - HHH008540: Processing PersistenceUnitInfo [name: default]
2026-07-04 21:17:30.238 [main] INFO  org.hibernate.orm.core - HHH000001: Hibernate ORM core version 7.2.7.Final
2026-07-04 21:17:30.329 [main] INFO  o.h.e.b.internal.EnversServiceImpl - Envers integration enabled? : true
2026-07-04 21:17:30.405 [main] INFO  o.s.o.j.p.SpringPersistenceUnitInfo - No LoadTimeWeaver setup: ignoring JPA class transformer
2026-07-04 21:17:30.417 [main] INFO  com.zaxxer.hikari.HikariDataSource - HikariPool-1 - Starting...
2026-07-04 21:17:30.481 [main] INFO  com.zaxxer.hikari.pool.HikariPool - HikariPool-1 - Added connection org.postgresql.jdbc.PgConnection@78fc5eb
2026-07-04 21:17:30.481 [main] INFO  com.zaxxer.hikari.HikariDataSource - HikariPool-1 - Start completed.
2026-07-04 21:17:30.507 [main] INFO  o.hibernate.orm.connections.pooling - HHH10001005: Database info:
	Database JDBC URL [jdbc:postgresql://localhost:54672/test?loggerLevel=OFF]
	Database driver: PostgreSQL JDBC Driver
	Database dialect: PostgreSQLDialect
	Database version: 16.14
	Default catalog/schema: test/public
	Autocommit mode: undefined/unknown
	Isolation level: READ_COMMITTED [default READ_COMMITTED]
	JDBC fetch size: none
	Pool: DataSourceConnectionProvider
	Minimum pool size: undefined/unknown
	Maximum pool size: undefined/unknown
2026-07-04 21:17:30.597 [main] INFO  o.h.e.c.i.m.AuditMetadataGenerator - Adding properties for entity: com.ermapsh.hospital.entity.PostEntity
2026-07-04 21:17:31.007 [main] INFO  org.hibernate.orm.core - HHH000489: No JTA platform available (set 'hibernate.transaction.jta.platform' to enable JTA platform integration)
2026-07-04 21:17:31.045 [main] WARN  org.hibernate.orm.jdbc.warn - HHH000247: ErrorCode: 0, SQLState: 00000
2026-07-04 21:17:31.046 [main] WARN  org.hibernate.orm.jdbc.warn - constraint "uk1t68827l97cwyxo9r1u6t4p7d" of relation "department" does not exist, skipping
2026-07-04 21:17:31.047 [main] WARN  org.hibernate.orm.jdbc.warn - HHH000247: ErrorCode: 0, SQLState: 00000
2026-07-04 21:17:31.047 [main] WARN  org.hibernate.orm.jdbc.warn - constraint "ukkkp33svgs69x9xgcgl55rk5sp" of relation "department" does not exist, skipping
2026-07-04 21:17:31.048 [main] WARN  org.hibernate.orm.jdbc.warn - HHH000247: ErrorCode: 0, SQLState: 00000
2026-07-04 21:17:31.048 [main] WARN  org.hibernate.orm.jdbc.warn - constraint "uk2o0gkfbstwhhtknwdle80icm" of relation "doctor" does not exist, skipping
2026-07-04 21:17:31.049 [main] WARN  org.hibernate.orm.jdbc.warn - HHH000247: ErrorCode: 0, SQLState: 00000
2026-07-04 21:17:31.049 [main] WARN  org.hibernate.orm.jdbc.warn - constraint "uk7rbxwbe5osbdxdxv1nx6xp5q4" of relation "insurance" does not exist, skipping
2026-07-04 21:17:31.051 [main] WARN  org.hibernate.orm.jdbc.warn - HHH000247: ErrorCode: 0, SQLState: 00000
2026-07-04 21:17:31.051 [main] WARN  org.hibernate.orm.jdbc.warn - constraint "unique_patient_name_dob" of relation "patient" does not exist, skipping
2026-07-04 21:17:31.052 [main] WARN  org.hibernate.orm.jdbc.warn - HHH000247: ErrorCode: 0, SQLState: 00000
2026-07-04 21:17:31.052 [main] WARN  org.hibernate.orm.jdbc.warn - constraint "ukmrjnos83qfuhf1o7sivv5ws5q" of relation "patient" does not exist, skipping
2026-07-04 21:17:31.053 [main] WARN  org.hibernate.orm.jdbc.warn - HHH000247: ErrorCode: 0, SQLState: 00000
2026-07-04 21:17:31.053 [main] WARN  org.hibernate.orm.jdbc.warn - constraint "ukqfqu3sawio9crosjondpnadot" of relation "patient" does not exist, skipping
2026-07-04 21:17:31.054 [main] WARN  org.hibernate.orm.jdbc.warn - HHH000247: ErrorCode: 0, SQLState: 00000
2026-07-04 21:17:31.054 [main] WARN  org.hibernate.orm.jdbc.warn - constraint "uk6dotkott2kjsp8vw4d0m25fb7" of relation "users" does not exist, skipping
2026-07-04 21:17:31.062 [main] INFO  o.s.o.j.LocalContainerEntityManagerFactoryBean - Initialized JPA EntityManagerFactory for persistence unit 'default'
2026-07-04 21:17:31.092 [main] INFO  o.s.d.j.r.q.QueryEnhancerFactories - Hibernate is in classpath; If applicable, HQL parser will be used.
2026-07-04 21:17:31.176 [main] INFO  o.s.s.c.a.a.c.InitializeUserDetailsBeanManagerConfigurer$InitializeUserDetailsManagerConfigurer - Global AuthenticationManager configured with UserDetailsService bean with name userService
2026-07-04 21:17:31.669 [main] WARN  o.s.b.j.a.JpaBaseConfiguration$JpaWebConfiguration - spring.jpa.open-in-view is enabled by default. Therefore, database queries may be performed during view rendering. Explicitly configure spring.jpa.open-in-view to disable this warning
2026-07-04 21:17:31.985 [main] INFO  o.s.b.t.m.w.SpringBootMockServletContext - Initializing Spring TestDispatcherServlet ''
2026-07-04 21:17:31.985 [main] INFO  o.s.t.w.s.TestDispatcherServlet - Initializing Servlet ''
2026-07-04 21:17:31.988 [main] INFO  o.s.b.a.e.web.EndpointLinksResolver - Exposing 13 endpoints beneath base path '/actuator'
2026-07-04 21:17:31.994 [main] INFO  o.s.t.w.s.TestDispatcherServlet - Completed initialization in 9 ms
2026-07-04 21:17:32.040 [main] INFO  c.e.h.c.AuthControllerTestIT - Started AuthControllerTestIT in 3.99 seconds (process running for 4.542)
2026-07-04 21:17:32.435 [main] ERROR o.s.t.w.r.server.ExchangeResult - Request details for assertion failure:

> POST /auth/signup
> WebTestClient-Request-Id: [1]
> Content-Type: [application/json]
> Content-Length: [142]

{"email":"maheshmestri73@gmail.com","password":"Mahesh@12345","name":"Mahesh Mestri","roles":["USER"],"permissions":["USER_VIEW","POST_VIEW"]}

< 401 UNAUTHORIZED Unauthorized
< Content-Type: [application/json]

{"timestamp":"2026-07-04T21:17:32.42282","message":"User email already exist maheshmestri73@gmail.com","error":"Unauthorized","status":401}

======================  MockMvc (Server) ===============================

MockHttpServletRequest:
      HTTP Method = POST
      Request URI = /auth/signup
       Parameters = {}
          Headers = [WebTestClient-Request-Id:"1", Content-Type:"application/json", Content-Length:"142"]
             Body = <no character encoding set>
    Session Attrs = {}

Handler:
             Type = com.ermapsh.hospital.controller.AuthController
           Method = com.ermapsh.hospital.controller.AuthController#signup(SignupRequest)

Async:
    Async started = false
     Async result = null

Resolved Exception:
             Type = org.springframework.security.authentication.BadCredentialsException

ModelAndView:
        View name = null
             View = null
            Model = null

FlashMap:
       Attributes = null

MockHttpServletResponse:
           Status = 401
    Error message = null
          Headers = [Content-Type:"application/json"]
     Content type = application/json
             Body = {"timestamp":"2026-07-04T21:17:32.42282","message":"User email already exist maheshmestri73@gmail.com","error":"Unauthorized","status":401}
    Forwarded URL = null
   Redirected URL = null
          Cookies = []


2026-07-04 21:17:32.451 [SpringApplicationShutdownHook] INFO  o.s.o.j.LocalContainerEntityManagerFactoryBean - Closing JPA EntityManagerFactory for persistence unit 'default'
2026-07-04 21:17:32.451 [SpringApplicationShutdownHook] INFO  com.zaxxer.hikari.HikariDataSource - HikariPool-1 - Shutdown initiated...
2026-07-04 21:17:32.453 [SpringApplicationShutdownHook] INFO  com.zaxxer.hikari.HikariDataSource - HikariPool-1 - Shutdown completed.
2026-07-04 21:18:09.396 [main] INFO  c.e.h.c.AuthControllerTestIT - Starting AuthControllerTestIT using Java 25.0.1 with PID 95010 (started by ermapsh in /Users/ermapsh/Devlopement/project/backend/hospital)
2026-07-04 21:18:09.396 [main] INFO  c.e.h.c.AuthControllerTestIT - No active profile set, falling back to 1 default profile: "default"
2026-07-04 21:18:09.473 [background-preinit] INFO  o.h.validator.internal.util.Version - HV000001: Hibernate Validator 9.0.1.Final
2026-07-04 21:18:09.757 [main] INFO  o.s.d.r.c.RepositoryConfigurationDelegate - Bootstrapping Spring Data JPA repositories in DEFAULT mode.
2026-07-04 21:18:09.815 [main] INFO  o.s.d.r.c.RepositoryConfigurationDelegate - Finished Spring Data repository scanning in 54 ms. Found 8 JPA repository interfaces.
2026-07-04 21:18:10.016 [main] INFO  o.testcontainers.images.PullPolicy - Image pull policy will be performed by: DefaultPullPolicy()
2026-07-04 21:18:10.016 [main] INFO  o.t.utility.ImageNameSubstitutor - Image name substitution will be performed by: DefaultImageNameSubstitutor (composite of 'ConfigurationFileImageNameSubstitutor' and 'PrefixingImageNameSubstitutor')
2026-07-04 21:18:10.025 [main] INFO  o.testcontainers.DockerClientFactory - Testcontainers version: 2.0.4
2026-07-04 21:18:10.103 [main] INFO  o.t.d.DockerClientProviderStrategy - Loaded org.testcontainers.dockerclient.UnixSocketClientProviderStrategy from ~/.testcontainers.properties, will try it first
2026-07-04 21:18:10.280 [main] INFO  o.t.d.DockerClientProviderStrategy - Found Docker environment with local Unix socket (unix:///var/run/docker.sock)
2026-07-04 21:18:10.281 [main] INFO  o.testcontainers.DockerClientFactory - Docker host IP address is localhost
2026-07-04 21:18:10.299 [main] INFO  o.testcontainers.DockerClientFactory - Connected to docker: 
  Server Version: 29.6.1
  API Version: 1.55
  Operating System: Docker Desktop
  Total Memory: 7936 MB
  Labels: 
    com.docker.desktop.address=unix:///Users/ermapsh/Library/Containers/com.docker.docker/Data/docker-cli.sock
2026-07-04 21:18:10.343 [main] INFO  tc.testcontainers/ryuk:0.14.0 - Creating container for image: testcontainers/ryuk:0.14.0
2026-07-04 21:18:10.512 [main] INFO  tc.testcontainers/ryuk:0.14.0 - Container testcontainers/ryuk:0.14.0 is starting: 35158e1fb3327cf63f0c034723a5ecae3413496dabdd70ae98729ff8a1ced3fe
2026-07-04 21:18:10.698 [main] INFO  tc.testcontainers/ryuk:0.14.0 - Container testcontainers/ryuk:0.14.0 started in PT0.35508S
2026-07-04 21:18:10.701 [main] INFO  o.t.utility.RyukResourceReaper - Ryuk started - will monitor and terminate Testcontainers containers on JVM exit
2026-07-04 21:18:10.701 [main] INFO  o.testcontainers.DockerClientFactory - Checking the system...
2026-07-04 21:18:10.701 [main] INFO  o.testcontainers.DockerClientFactory - ✔︎ Docker server version should be at least 1.6.0
2026-07-04 21:18:10.701 [main] INFO  tc.postgres:16 - Creating container for image: postgres:16
2026-07-04 21:18:10.726 [main] INFO  tc.postgres:16 - Container postgres:16 is starting: 8b78b0e3b7414b54dd531c00b6ace662b0a1d1e4d9cc0166b5ce9fd9807899af
2026-07-04 21:18:11.383 [main] INFO  tc.postgres:16 - Container postgres:16 started in PT0.681136S
2026-07-04 21:18:11.383 [main] INFO  tc.postgres:16 - Container is started (JDBC URL: jdbc:postgresql://localhost:54694/test?loggerLevel=OFF)
2026-07-04 21:18:11.460 [main] INFO  org.hibernate.orm.jpa - HHH008540: Processing PersistenceUnitInfo [name: default]
2026-07-04 21:18:11.487 [main] INFO  org.hibernate.orm.core - HHH000001: Hibernate ORM core version 7.2.7.Final
2026-07-04 21:18:11.579 [main] INFO  o.h.e.b.internal.EnversServiceImpl - Envers integration enabled? : true
2026-07-04 21:18:11.657 [main] INFO  o.s.o.j.p.SpringPersistenceUnitInfo - No LoadTimeWeaver setup: ignoring JPA class transformer
2026-07-04 21:18:11.668 [main] INFO  com.zaxxer.hikari.HikariDataSource - HikariPool-1 - Starting...
2026-07-04 21:18:11.737 [main] INFO  com.zaxxer.hikari.pool.HikariPool - HikariPool-1 - Added connection org.postgresql.jdbc.PgConnection@3c12f87d
2026-07-04 21:18:11.737 [main] INFO  com.zaxxer.hikari.HikariDataSource - HikariPool-1 - Start completed.
2026-07-04 21:18:11.763 [main] INFO  o.hibernate.orm.connections.pooling - HHH10001005: Database info:
	Database JDBC URL [jdbc:postgresql://localhost:54694/test?loggerLevel=OFF]
	Database driver: PostgreSQL JDBC Driver
	Database dialect: PostgreSQLDialect
	Database version: 16.14
	Default catalog/schema: test/public
	Autocommit mode: undefined/unknown
	Isolation level: READ_COMMITTED [default READ_COMMITTED]
	JDBC fetch size: none
	Pool: DataSourceConnectionProvider
	Minimum pool size: undefined/unknown
	Maximum pool size: undefined/unknown
2026-07-04 21:18:11.855 [main] INFO  o.h.e.c.i.m.AuditMetadataGenerator - Adding properties for entity: com.ermapsh.hospital.entity.PostEntity
2026-07-04 21:18:12.260 [main] INFO  org.hibernate.orm.core - HHH000489: No JTA platform available (set 'hibernate.transaction.jta.platform' to enable JTA platform integration)
2026-07-04 21:18:12.292 [main] WARN  org.hibernate.orm.jdbc.warn - HHH000247: ErrorCode: 0, SQLState: 00000
2026-07-04 21:18:12.292 [main] WARN  org.hibernate.orm.jdbc.warn - constraint "uk1t68827l97cwyxo9r1u6t4p7d" of relation "department" does not exist, skipping
2026-07-04 21:18:12.293 [main] WARN  org.hibernate.orm.jdbc.warn - HHH000247: ErrorCode: 0, SQLState: 00000
2026-07-04 21:18:12.293 [main] WARN  org.hibernate.orm.jdbc.warn - constraint "ukkkp33svgs69x9xgcgl55rk5sp" of relation "department" does not exist, skipping
2026-07-04 21:18:12.294 [main] WARN  org.hibernate.orm.jdbc.warn - HHH000247: ErrorCode: 0, SQLState: 00000
2026-07-04 21:18:12.294 [main] WARN  org.hibernate.orm.jdbc.warn - constraint "uk2o0gkfbstwhhtknwdle80icm" of relation "doctor" does not exist, skipping
2026-07-04 21:18:12.295 [main] WARN  org.hibernate.orm.jdbc.warn - HHH000247: ErrorCode: 0, SQLState: 00000
2026-07-04 21:18:12.295 [main] WARN  org.hibernate.orm.jdbc.warn - constraint "uk7rbxwbe5osbdxdxv1nx6xp5q4" of relation "insurance" does not exist, skipping
2026-07-04 21:18:12.296 [main] WARN  org.hibernate.orm.jdbc.warn - HHH000247: ErrorCode: 0, SQLState: 00000
2026-07-04 21:18:12.296 [main] WARN  org.hibernate.orm.jdbc.warn - constraint "unique_patient_name_dob" of relation "patient" does not exist, skipping
2026-07-04 21:18:12.297 [main] WARN  org.hibernate.orm.jdbc.warn - HHH000247: ErrorCode: 0, SQLState: 00000
2026-07-04 21:18:12.297 [main] WARN  org.hibernate.orm.jdbc.warn - constraint "ukmrjnos83qfuhf1o7sivv5ws5q" of relation "patient" does not exist, skipping
2026-07-04 21:18:12.298 [main] WARN  org.hibernate.orm.jdbc.warn - HHH000247: ErrorCode: 0, SQLState: 00000
2026-07-04 21:18:12.298 [main] WARN  org.hibernate.orm.jdbc.warn - constraint "ukqfqu3sawio9crosjondpnadot" of relation "patient" does not exist, skipping
2026-07-04 21:18:12.299 [main] WARN  org.hibernate.orm.jdbc.warn - HHH000247: ErrorCode: 0, SQLState: 00000
2026-07-04 21:18:12.299 [main] WARN  org.hibernate.orm.jdbc.warn - constraint "uk6dotkott2kjsp8vw4d0m25fb7" of relation "users" does not exist, skipping
2026-07-04 21:18:12.309 [main] INFO  o.s.o.j.LocalContainerEntityManagerFactoryBean - Initialized JPA EntityManagerFactory for persistence unit 'default'
2026-07-04 21:18:12.339 [main] INFO  o.s.d.j.r.q.QueryEnhancerFactories - Hibernate is in classpath; If applicable, HQL parser will be used.
2026-07-04 21:18:12.421 [main] INFO  o.s.s.c.a.a.c.InitializeUserDetailsBeanManagerConfigurer$InitializeUserDetailsManagerConfigurer - Global AuthenticationManager configured with UserDetailsService bean with name userService
2026-07-04 21:18:12.932 [main] WARN  o.s.b.j.a.JpaBaseConfiguration$JpaWebConfiguration - spring.jpa.open-in-view is enabled by default. Therefore, database queries may be performed during view rendering. Explicitly configure spring.jpa.open-in-view to disable this warning
2026-07-04 21:18:13.249 [main] INFO  o.s.b.t.m.w.SpringBootMockServletContext - Initializing Spring TestDispatcherServlet ''
2026-07-04 21:18:13.249 [main] INFO  o.s.t.w.s.TestDispatcherServlet - Initializing Servlet ''
2026-07-04 21:18:13.253 [main] INFO  o.s.b.a.e.web.EndpointLinksResolver - Exposing 13 endpoints beneath base path '/actuator'
2026-07-04 21:18:13.258 [main] INFO  o.s.t.w.s.TestDispatcherServlet - Completed initialization in 9 ms
2026-07-04 21:18:13.302 [main] INFO  c.e.h.c.AuthControllerTestIT - Started AuthControllerTestIT in 4.057 seconds (process running for 4.564)
2026-07-04 21:18:13.623 [main] ERROR o.s.t.w.r.server.ExchangeResult - Request details for assertion failure:

> POST /api/v1/auth/signup
> WebTestClient-Request-Id: [1]
> Content-Type: [application/json]
> Content-Length: [142]

{"email":"maheshmestri73@gmail.com","password":"Mahesh@12345","name":"Mahesh Mestri","roles":["USER"],"permissions":["USER_VIEW","POST_VIEW"]}

< 404 NOT_FOUND Not Found
< 

0 bytes of content (unknown content-type).

======================  MockMvc (Server) ===============================

MockHttpServletRequest:
      HTTP Method = POST
      Request URI = /api/v1/auth/signup
       Parameters = {}
          Headers = [WebTestClient-Request-Id:"1", Content-Type:"application/json", Content-Length:"142"]
             Body = <no character encoding set>
    Session Attrs = {}

Handler:
             Type = org.springframework.web.servlet.resource.ResourceHttpRequestHandler

Async:
    Async started = false
     Async result = null

Resolved Exception:
             Type = org.springframework.web.servlet.resource.NoResourceFoundException

ModelAndView:
        View name = null
             View = null
            Model = null

FlashMap:
       Attributes = null

MockHttpServletResponse:
           Status = 404
    Error message = No static resource api/v1/auth/signup.
          Headers = []
     Content type = null
             Body = 
    Forwarded URL = null
   Redirected URL = null
          Cookies = []


2026-07-04 21:18:13.642 [SpringApplicationShutdownHook] INFO  o.s.o.j.LocalContainerEntityManagerFactoryBean - Closing JPA EntityManagerFactory for persistence unit 'default'
2026-07-04 21:18:13.643 [SpringApplicationShutdownHook] INFO  com.zaxxer.hikari.HikariDataSource - HikariPool-1 - Shutdown initiated...
2026-07-04 21:18:13.644 [SpringApplicationShutdownHook] INFO  com.zaxxer.hikari.HikariDataSource - HikariPool-1 - Shutdown completed.
2026-07-04 21:18:25.775 [main] INFO  c.e.h.c.AuthControllerTestIT - Starting AuthControllerTestIT using Java 25.0.1 with PID 95033 (started by ermapsh in /Users/ermapsh/Devlopement/project/backend/hospital)
2026-07-04 21:18:25.776 [main] INFO  c.e.h.c.AuthControllerTestIT - No active profile set, falling back to 1 default profile: "default"
2026-07-04 21:18:25.842 [background-preinit] INFO  o.h.validator.internal.util.Version - HV000001: Hibernate Validator 9.0.1.Final
2026-07-04 21:18:26.098 [main] INFO  o.s.d.r.c.RepositoryConfigurationDelegate - Bootstrapping Spring Data JPA repositories in DEFAULT mode.
2026-07-04 21:18:26.157 [main] INFO  o.s.d.r.c.RepositoryConfigurationDelegate - Finished Spring Data repository scanning in 56 ms. Found 8 JPA repository interfaces.
2026-07-04 21:18:26.354 [main] INFO  o.testcontainers.images.PullPolicy - Image pull policy will be performed by: DefaultPullPolicy()
2026-07-04 21:18:26.355 [main] INFO  o.t.utility.ImageNameSubstitutor - Image name substitution will be performed by: DefaultImageNameSubstitutor (composite of 'ConfigurationFileImageNameSubstitutor' and 'PrefixingImageNameSubstitutor')
2026-07-04 21:18:26.363 [main] INFO  o.testcontainers.DockerClientFactory - Testcontainers version: 2.0.4
2026-07-04 21:18:26.437 [main] INFO  o.t.d.DockerClientProviderStrategy - Loaded org.testcontainers.dockerclient.UnixSocketClientProviderStrategy from ~/.testcontainers.properties, will try it first
2026-07-04 21:18:26.584 [main] INFO  o.t.d.DockerClientProviderStrategy - Found Docker environment with local Unix socket (unix:///var/run/docker.sock)
2026-07-04 21:18:26.585 [main] INFO  o.testcontainers.DockerClientFactory - Docker host IP address is localhost
2026-07-04 21:18:26.595 [main] INFO  o.testcontainers.DockerClientFactory - Connected to docker: 
  Server Version: 29.6.1
  API Version: 1.55
  Operating System: Docker Desktop
  Total Memory: 7936 MB
  Labels: 
    com.docker.desktop.address=unix:///Users/ermapsh/Library/Containers/com.docker.docker/Data/docker-cli.sock
2026-07-04 21:18:26.641 [main] INFO  tc.testcontainers/ryuk:0.14.0 - Creating container for image: testcontainers/ryuk:0.14.0
2026-07-04 21:18:26.786 [main] INFO  tc.testcontainers/ryuk:0.14.0 - Container testcontainers/ryuk:0.14.0 is starting: d178573ceb0e2d4bd824d688bf5ec63353fc50ac0e48e6c4af48e0a146c6b7ae
2026-07-04 21:18:26.944 [main] INFO  tc.testcontainers/ryuk:0.14.0 - Container testcontainers/ryuk:0.14.0 started in PT0.303275S
2026-07-04 21:18:26.947 [main] INFO  o.t.utility.RyukResourceReaper - Ryuk started - will monitor and terminate Testcontainers containers on JVM exit
2026-07-04 21:18:26.947 [main] INFO  o.testcontainers.DockerClientFactory - Checking the system...
2026-07-04 21:18:26.947 [main] INFO  o.testcontainers.DockerClientFactory - ✔︎ Docker server version should be at least 1.6.0
2026-07-04 21:18:26.947 [main] INFO  tc.postgres:16 - Creating container for image: postgres:16
2026-07-04 21:18:26.973 [main] INFO  tc.postgres:16 - Container postgres:16 is starting: fcd0970f17920357fa1ce30cfc7c8e5468b7bb13d78889fd160cbd77f5f33c11
2026-07-04 21:18:27.545 [main] INFO  tc.postgres:16 - Container postgres:16 started in PT0.597332S
2026-07-04 21:18:27.545 [main] INFO  tc.postgres:16 - Container is started (JDBC URL: jdbc:postgresql://localhost:54715/test?loggerLevel=OFF)
2026-07-04 21:18:27.614 [main] INFO  org.hibernate.orm.jpa - HHH008540: Processing PersistenceUnitInfo [name: default]
2026-07-04 21:18:27.640 [main] INFO  org.hibernate.orm.core - HHH000001: Hibernate ORM core version 7.2.7.Final
2026-07-04 21:18:27.730 [main] INFO  o.h.e.b.internal.EnversServiceImpl - Envers integration enabled? : true
2026-07-04 21:18:27.814 [main] INFO  o.s.o.j.p.SpringPersistenceUnitInfo - No LoadTimeWeaver setup: ignoring JPA class transformer
2026-07-04 21:18:27.827 [main] INFO  com.zaxxer.hikari.HikariDataSource - HikariPool-1 - Starting...
2026-07-04 21:18:27.893 [main] INFO  com.zaxxer.hikari.pool.HikariPool - HikariPool-1 - Added connection org.postgresql.jdbc.PgConnection@3c12f87d
2026-07-04 21:18:27.894 [main] INFO  com.zaxxer.hikari.HikariDataSource - HikariPool-1 - Start completed.
2026-07-04 21:18:27.925 [main] INFO  o.hibernate.orm.connections.pooling - HHH10001005: Database info:
	Database JDBC URL [jdbc:postgresql://localhost:54715/test?loggerLevel=OFF]
	Database driver: PostgreSQL JDBC Driver
	Database dialect: PostgreSQLDialect
	Database version: 16.14
	Default catalog/schema: test/public
	Autocommit mode: undefined/unknown
	Isolation level: READ_COMMITTED [default READ_COMMITTED]
	JDBC fetch size: none
	Pool: DataSourceConnectionProvider
	Minimum pool size: undefined/unknown
	Maximum pool size: undefined/unknown
2026-07-04 21:18:28.039 [main] INFO  o.h.e.c.i.m.AuditMetadataGenerator - Adding properties for entity: com.ermapsh.hospital.entity.PostEntity
2026-07-04 21:18:28.452 [main] INFO  org.hibernate.orm.core - HHH000489: No JTA platform available (set 'hibernate.transaction.jta.platform' to enable JTA platform integration)
2026-07-04 21:18:28.484 [main] WARN  org.hibernate.orm.jdbc.warn - HHH000247: ErrorCode: 0, SQLState: 00000
2026-07-04 21:18:28.484 [main] WARN  org.hibernate.orm.jdbc.warn - constraint "uk1t68827l97cwyxo9r1u6t4p7d" of relation "department" does not exist, skipping
2026-07-04 21:18:28.485 [main] WARN  org.hibernate.orm.jdbc.warn - HHH000247: ErrorCode: 0, SQLState: 00000
2026-07-04 21:18:28.486 [main] WARN  org.hibernate.orm.jdbc.warn - constraint "ukkkp33svgs69x9xgcgl55rk5sp" of relation "department" does not exist, skipping
2026-07-04 21:18:28.486 [main] WARN  org.hibernate.orm.jdbc.warn - HHH000247: ErrorCode: 0, SQLState: 00000
2026-07-04 21:18:28.486 [main] WARN  org.hibernate.orm.jdbc.warn - constraint "uk2o0gkfbstwhhtknwdle80icm" of relation "doctor" does not exist, skipping
2026-07-04 21:18:28.487 [main] WARN  org.hibernate.orm.jdbc.warn - HHH000247: ErrorCode: 0, SQLState: 00000
2026-07-04 21:18:28.487 [main] WARN  org.hibernate.orm.jdbc.warn - constraint "uk7rbxwbe5osbdxdxv1nx6xp5q4" of relation "insurance" does not exist, skipping
2026-07-04 21:18:28.489 [main] WARN  org.hibernate.orm.jdbc.warn - HHH000247: ErrorCode: 0, SQLState: 00000
2026-07-04 21:18:28.489 [main] WARN  org.hibernate.orm.jdbc.warn - constraint "unique_patient_name_dob" of relation "patient" does not exist, skipping
2026-07-04 21:18:28.490 [main] WARN  org.hibernate.orm.jdbc.warn - HHH000247: ErrorCode: 0, SQLState: 00000
2026-07-04 21:18:28.490 [main] WARN  org.hibernate.orm.jdbc.warn - constraint "ukmrjnos83qfuhf1o7sivv5ws5q" of relation "patient" does not exist, skipping
2026-07-04 21:18:28.491 [main] WARN  org.hibernate.orm.jdbc.warn - HHH000247: ErrorCode: 0, SQLState: 00000
2026-07-04 21:18:28.491 [main] WARN  org.hibernate.orm.jdbc.warn - constraint "ukqfqu3sawio9crosjondpnadot" of relation "patient" does not exist, skipping
2026-07-04 21:18:28.492 [main] WARN  org.hibernate.orm.jdbc.warn - HHH000247: ErrorCode: 0, SQLState: 00000
2026-07-04 21:18:28.492 [main] WARN  org.hibernate.orm.jdbc.warn - constraint "uk6dotkott2kjsp8vw4d0m25fb7" of relation "users" does not exist, skipping
2026-07-04 21:18:28.500 [main] INFO  o.s.o.j.LocalContainerEntityManagerFactoryBean - Initialized JPA EntityManagerFactory for persistence unit 'default'
2026-07-04 21:18:28.531 [main] INFO  o.s.d.j.r.q.QueryEnhancerFactories - Hibernate is in classpath; If applicable, HQL parser will be used.
2026-07-04 21:18:28.608 [main] INFO  o.s.s.c.a.a.c.InitializeUserDetailsBeanManagerConfigurer$InitializeUserDetailsManagerConfigurer - Global AuthenticationManager configured with UserDetailsService bean with name userService
2026-07-04 21:18:29.048 [main] WARN  o.s.b.j.a.JpaBaseConfiguration$JpaWebConfiguration - spring.jpa.open-in-view is enabled by default. Therefore, database queries may be performed during view rendering. Explicitly configure spring.jpa.open-in-view to disable this warning
2026-07-04 21:18:29.345 [main] INFO  o.s.b.t.m.w.SpringBootMockServletContext - Initializing Spring TestDispatcherServlet ''
2026-07-04 21:18:29.345 [main] INFO  o.s.t.w.s.TestDispatcherServlet - Initializing Servlet ''
2026-07-04 21:18:29.348 [main] INFO  o.s.b.a.e.web.EndpointLinksResolver - Exposing 13 endpoints beneath base path '/actuator'
2026-07-04 21:18:29.358 [main] INFO  o.s.t.w.s.TestDispatcherServlet - Completed initialization in 12 ms
2026-07-04 21:18:29.402 [main] INFO  c.e.h.c.AuthControllerTestIT - Started AuthControllerTestIT in 3.772 seconds (process running for 4.23)
2026-07-04 21:18:29.722 [main] ERROR o.s.t.w.r.server.ExchangeResult - Request details for assertion failure:

> POST /v1/auth/signup
> WebTestClient-Request-Id: [1]
> Content-Type: [application/json]
> Content-Length: [142]

{"email":"maheshmestri73@gmail.com","password":"Mahesh@12345","name":"Mahesh Mestri","roles":["USER"],"permissions":["USER_VIEW","POST_VIEW"]}

< 404 NOT_FOUND Not Found
< 

0 bytes of content (unknown content-type).

======================  MockMvc (Server) ===============================

MockHttpServletRequest:
      HTTP Method = POST
      Request URI = /v1/auth/signup
       Parameters = {}
          Headers = [WebTestClient-Request-Id:"1", Content-Type:"application/json", Content-Length:"142"]
             Body = <no character encoding set>
    Session Attrs = {}

Handler:
             Type = org.springframework.web.servlet.resource.ResourceHttpRequestHandler

Async:
    Async started = false
     Async result = null

Resolved Exception:
             Type = org.springframework.web.servlet.resource.NoResourceFoundException

ModelAndView:
        View name = null
             View = null
            Model = null

FlashMap:
       Attributes = null

MockHttpServletResponse:
           Status = 404
    Error message = No static resource v1/auth/signup.
          Headers = []
     Content type = null
             Body = 
    Forwarded URL = null
   Redirected URL = null
          Cookies = []


2026-07-04 21:18:29.739 [SpringApplicationShutdownHook] INFO  o.s.o.j.LocalContainerEntityManagerFactoryBean - Closing JPA EntityManagerFactory for persistence unit 'default'
2026-07-04 21:18:29.740 [SpringApplicationShutdownHook] INFO  com.zaxxer.hikari.HikariDataSource - HikariPool-1 - Shutdown initiated...
2026-07-04 21:18:29.745 [SpringApplicationShutdownHook] INFO  com.zaxxer.hikari.HikariDataSource - HikariPool-1 - Shutdown completed.
2026-07-04 21:18:40.474 [main] INFO  c.e.h.c.AuthControllerTestIT - Starting AuthControllerTestIT using Java 25.0.1 with PID 95050 (started by ermapsh in /Users/ermapsh/Devlopement/project/backend/hospital)
2026-07-04 21:18:40.475 [main] INFO  c.e.h.c.AuthControllerTestIT - No active profile set, falling back to 1 default profile: "default"
2026-07-04 21:18:40.545 [background-preinit] INFO  o.h.validator.internal.util.Version - HV000001: Hibernate Validator 9.0.1.Final
2026-07-04 21:18:40.791 [main] INFO  o.s.d.r.c.RepositoryConfigurationDelegate - Bootstrapping Spring Data JPA repositories in DEFAULT mode.
2026-07-04 21:18:40.848 [main] INFO  o.s.d.r.c.RepositoryConfigurationDelegate - Finished Spring Data repository scanning in 53 ms. Found 8 JPA repository interfaces.
2026-07-04 21:18:41.033 [main] INFO  o.testcontainers.images.PullPolicy - Image pull policy will be performed by: DefaultPullPolicy()
2026-07-04 21:18:41.033 [main] INFO  o.t.utility.ImageNameSubstitutor - Image name substitution will be performed by: DefaultImageNameSubstitutor (composite of 'ConfigurationFileImageNameSubstitutor' and 'PrefixingImageNameSubstitutor')
2026-07-04 21:18:41.041 [main] INFO  o.testcontainers.DockerClientFactory - Testcontainers version: 2.0.4
2026-07-04 21:18:41.113 [main] INFO  o.t.d.DockerClientProviderStrategy - Loaded org.testcontainers.dockerclient.UnixSocketClientProviderStrategy from ~/.testcontainers.properties, will try it first
2026-07-04 21:18:41.255 [main] INFO  o.t.d.DockerClientProviderStrategy - Found Docker environment with local Unix socket (unix:///var/run/docker.sock)
2026-07-04 21:18:41.256 [main] INFO  o.testcontainers.DockerClientFactory - Docker host IP address is localhost
2026-07-04 21:18:41.265 [main] INFO  o.testcontainers.DockerClientFactory - Connected to docker: 
  Server Version: 29.6.1
  API Version: 1.55
  Operating System: Docker Desktop
  Total Memory: 7936 MB
  Labels: 
    com.docker.desktop.address=unix:///Users/ermapsh/Library/Containers/com.docker.docker/Data/docker-cli.sock
2026-07-04 21:18:41.308 [main] INFO  tc.testcontainers/ryuk:0.14.0 - Creating container for image: testcontainers/ryuk:0.14.0
2026-07-04 21:18:41.404 [main] INFO  tc.testcontainers/ryuk:0.14.0 - Container testcontainers/ryuk:0.14.0 is starting: d502da033413ff98e9c4a68f273574f9569970566005a8f1e39724c1505c7ea5
2026-07-04 21:18:41.556 [main] INFO  tc.testcontainers/ryuk:0.14.0 - Container testcontainers/ryuk:0.14.0 started in PT0.248389S
2026-07-04 21:18:41.559 [main] INFO  o.t.utility.RyukResourceReaper - Ryuk started - will monitor and terminate Testcontainers containers on JVM exit
2026-07-04 21:18:41.559 [main] INFO  o.testcontainers.DockerClientFactory - Checking the system...
2026-07-04 21:18:41.560 [main] INFO  o.testcontainers.DockerClientFactory - ✔︎ Docker server version should be at least 1.6.0
2026-07-04 21:18:41.560 [main] INFO  tc.postgres:16 - Creating container for image: postgres:16
2026-07-04 21:18:41.584 [main] INFO  tc.postgres:16 - Container postgres:16 is starting: f0ffe3029045e03002b394807c7758e29cee0d1984f1c40cf4a42b9ab05801ce
2026-07-04 21:18:42.159 [main] INFO  tc.postgres:16 - Container postgres:16 started in PT0.59921S
2026-07-04 21:18:42.160 [main] INFO  tc.postgres:16 - Container is started (JDBC URL: jdbc:postgresql://localhost:54736/test?loggerLevel=OFF)
2026-07-04 21:18:42.227 [main] INFO  org.hibernate.orm.jpa - HHH008540: Processing PersistenceUnitInfo [name: default]
2026-07-04 21:18:42.248 [main] INFO  org.hibernate.orm.core - HHH000001: Hibernate ORM core version 7.2.7.Final
2026-07-04 21:18:42.336 [main] INFO  o.h.e.b.internal.EnversServiceImpl - Envers integration enabled? : true
2026-07-04 21:18:42.397 [main] INFO  o.s.o.j.p.SpringPersistenceUnitInfo - No LoadTimeWeaver setup: ignoring JPA class transformer
2026-07-04 21:18:42.408 [main] INFO  com.zaxxer.hikari.HikariDataSource - HikariPool-1 - Starting...
2026-07-04 21:18:42.467 [main] INFO  com.zaxxer.hikari.pool.HikariPool - HikariPool-1 - Added connection org.postgresql.jdbc.PgConnection@6a6a60f3
2026-07-04 21:18:42.467 [main] INFO  com.zaxxer.hikari.HikariDataSource - HikariPool-1 - Start completed.
2026-07-04 21:18:42.491 [main] INFO  o.hibernate.orm.connections.pooling - HHH10001005: Database info:
	Database JDBC URL [jdbc:postgresql://localhost:54736/test?loggerLevel=OFF]
	Database driver: PostgreSQL JDBC Driver
	Database dialect: PostgreSQLDialect
	Database version: 16.14
	Default catalog/schema: test/public
	Autocommit mode: undefined/unknown
	Isolation level: READ_COMMITTED [default READ_COMMITTED]
	JDBC fetch size: none
	Pool: DataSourceConnectionProvider
	Minimum pool size: undefined/unknown
	Maximum pool size: undefined/unknown
2026-07-04 21:18:42.582 [main] INFO  o.h.e.c.i.m.AuditMetadataGenerator - Adding properties for entity: com.ermapsh.hospital.entity.PostEntity
2026-07-04 21:18:43.003 [main] INFO  org.hibernate.orm.core - HHH000489: No JTA platform available (set 'hibernate.transaction.jta.platform' to enable JTA platform integration)
2026-07-04 21:18:43.037 [main] WARN  org.hibernate.orm.jdbc.warn - HHH000247: ErrorCode: 0, SQLState: 00000
2026-07-04 21:18:43.038 [main] WARN  org.hibernate.orm.jdbc.warn - constraint "uk1t68827l97cwyxo9r1u6t4p7d" of relation "department" does not exist, skipping
2026-07-04 21:18:43.039 [main] WARN  org.hibernate.orm.jdbc.warn - HHH000247: ErrorCode: 0, SQLState: 00000
2026-07-04 21:18:43.039 [main] WARN  org.hibernate.orm.jdbc.warn - constraint "ukkkp33svgs69x9xgcgl55rk5sp" of relation "department" does not exist, skipping
2026-07-04 21:18:43.040 [main] WARN  org.hibernate.orm.jdbc.warn - HHH000247: ErrorCode: 0, SQLState: 00000
2026-07-04 21:18:43.040 [main] WARN  org.hibernate.orm.jdbc.warn - constraint "uk2o0gkfbstwhhtknwdle80icm" of relation "doctor" does not exist, skipping
2026-07-04 21:18:43.041 [main] WARN  org.hibernate.orm.jdbc.warn - HHH000247: ErrorCode: 0, SQLState: 00000
2026-07-04 21:18:43.041 [main] WARN  org.hibernate.orm.jdbc.warn - constraint "uk7rbxwbe5osbdxdxv1nx6xp5q4" of relation "insurance" does not exist, skipping
2026-07-04 21:18:43.043 [main] WARN  org.hibernate.orm.jdbc.warn - HHH000247: ErrorCode: 0, SQLState: 00000
2026-07-04 21:18:43.043 [main] WARN  org.hibernate.orm.jdbc.warn - constraint "unique_patient_name_dob" of relation "patient" does not exist, skipping
2026-07-04 21:18:43.044 [main] WARN  org.hibernate.orm.jdbc.warn - HHH000247: ErrorCode: 0, SQLState: 00000
2026-07-04 21:18:43.044 [main] WARN  org.hibernate.orm.jdbc.warn - constraint "ukmrjnos83qfuhf1o7sivv5ws5q" of relation "patient" does not exist, skipping
2026-07-04 21:18:43.045 [main] WARN  org.hibernate.orm.jdbc.warn - HHH000247: ErrorCode: 0, SQLState: 00000
2026-07-04 21:18:43.045 [main] WARN  org.hibernate.orm.jdbc.warn - constraint "ukqfqu3sawio9crosjondpnadot" of relation "patient" does not exist, skipping
2026-07-04 21:18:43.046 [main] WARN  org.hibernate.orm.jdbc.warn - HHH000247: ErrorCode: 0, SQLState: 00000
2026-07-04 21:18:43.046 [main] WARN  org.hibernate.orm.jdbc.warn - constraint "uk6dotkott2kjsp8vw4d0m25fb7" of relation "users" does not exist, skipping
2026-07-04 21:18:43.057 [main] INFO  o.s.o.j.LocalContainerEntityManagerFactoryBean - Initialized JPA EntityManagerFactory for persistence unit 'default'
2026-07-04 21:18:43.095 [main] INFO  o.s.d.j.r.q.QueryEnhancerFactories - Hibernate is in classpath; If applicable, HQL parser will be used.
2026-07-04 21:18:43.197 [main] INFO  o.s.s.c.a.a.c.InitializeUserDetailsBeanManagerConfigurer$InitializeUserDetailsManagerConfigurer - Global AuthenticationManager configured with UserDetailsService bean with name userService
2026-07-04 21:18:43.712 [main] WARN  o.s.b.j.a.JpaBaseConfiguration$JpaWebConfiguration - spring.jpa.open-in-view is enabled by default. Therefore, database queries may be performed during view rendering. Explicitly configure spring.jpa.open-in-view to disable this warning
2026-07-04 21:18:44.053 [main] INFO  o.s.b.t.m.w.SpringBootMockServletContext - Initializing Spring TestDispatcherServlet ''
2026-07-04 21:18:44.053 [main] INFO  o.s.t.w.s.TestDispatcherServlet - Initializing Servlet ''
2026-07-04 21:18:44.056 [main] INFO  o.s.b.a.e.web.EndpointLinksResolver - Exposing 13 endpoints beneath base path '/actuator'
2026-07-04 21:18:44.062 [main] INFO  o.s.t.w.s.TestDispatcherServlet - Completed initialization in 9 ms
2026-07-04 21:18:44.114 [main] INFO  c.e.h.c.AuthControllerTestIT - Started AuthControllerTestIT in 3.787 seconds (process running for 4.261)
2026-07-04 21:18:44.502 [main] ERROR o.s.t.w.r.server.ExchangeResult - Request details for assertion failure:

> POST /auth/signup
> WebTestClient-Request-Id: [1]
> Content-Type: [application/json]
> Content-Length: [142]

{"email":"maheshmestri73@gmail.com","password":"Mahesh@12345","name":"Mahesh Mestri","roles":["USER"],"permissions":["USER_VIEW","POST_VIEW"]}

< 401 UNAUTHORIZED Unauthorized
< Content-Type: [application/json]

{"status":401,"timestamp":"2026-07-04T21:18:44.488539","message":"User email already exist maheshmestri73@gmail.com","error":"Unauthorized"}

======================  MockMvc (Server) ===============================

MockHttpServletRequest:
      HTTP Method = POST
      Request URI = /auth/signup
       Parameters = {}
          Headers = [WebTestClient-Request-Id:"1", Content-Type:"application/json", Content-Length:"142"]
             Body = <no character encoding set>
    Session Attrs = {}

Handler:
             Type = com.ermapsh.hospital.controller.AuthController
           Method = com.ermapsh.hospital.controller.AuthController#signup(SignupRequest)

Async:
    Async started = false
     Async result = null

Resolved Exception:
             Type = org.springframework.security.authentication.BadCredentialsException

ModelAndView:
        View name = null
             View = null
            Model = null

FlashMap:
       Attributes = null

MockHttpServletResponse:
           Status = 401
    Error message = null
          Headers = [Content-Type:"application/json"]
     Content type = application/json
             Body = {"status":401,"timestamp":"2026-07-04T21:18:44.488539","message":"User email already exist maheshmestri73@gmail.com","error":"Unauthorized"}
    Forwarded URL = null
   Redirected URL = null
          Cookies = []


2026-07-04 21:18:44.529 [SpringApplicationShutdownHook] INFO  o.s.o.j.LocalContainerEntityManagerFactoryBean - Closing JPA EntityManagerFactory for persistence unit 'default'
2026-07-04 21:18:44.530 [SpringApplicationShutdownHook] INFO  com.zaxxer.hikari.HikariDataSource - HikariPool-1 - Shutdown initiated...
2026-07-04 21:18:44.532 [SpringApplicationShutdownHook] INFO  com.zaxxer.hikari.HikariDataSource - HikariPool-1 - Shutdown completed.
2026-07-04 21:20:30.939 [main] INFO  c.e.h.c.AuthControllerTestIT - Starting AuthControllerTestIT using Java 25.0.1 with PID 95102 (started by ermapsh in /Users/ermapsh/Devlopement/project/backend/hospital)
2026-07-04 21:20:30.940 [main] INFO  c.e.h.c.AuthControllerTestIT - No active profile set, falling back to 1 default profile: "default"
2026-07-04 21:20:31.023 [background-preinit] INFO  o.h.validator.internal.util.Version - HV000001: Hibernate Validator 9.0.1.Final
2026-07-04 21:20:31.297 [main] INFO  o.s.d.r.c.RepositoryConfigurationDelegate - Bootstrapping Spring Data JPA repositories in DEFAULT mode.
2026-07-04 21:20:31.358 [main] INFO  o.s.d.r.c.RepositoryConfigurationDelegate - Finished Spring Data repository scanning in 57 ms. Found 8 JPA repository interfaces.
2026-07-04 21:20:31.573 [main] INFO  o.testcontainers.images.PullPolicy - Image pull policy will be performed by: DefaultPullPolicy()
2026-07-04 21:20:31.574 [main] INFO  o.t.utility.ImageNameSubstitutor - Image name substitution will be performed by: DefaultImageNameSubstitutor (composite of 'ConfigurationFileImageNameSubstitutor' and 'PrefixingImageNameSubstitutor')
2026-07-04 21:20:31.582 [main] INFO  o.testcontainers.DockerClientFactory - Testcontainers version: 2.0.4
2026-07-04 21:20:31.663 [main] INFO  o.t.d.DockerClientProviderStrategy - Loaded org.testcontainers.dockerclient.UnixSocketClientProviderStrategy from ~/.testcontainers.properties, will try it first
2026-07-04 21:20:31.834 [main] INFO  o.t.d.DockerClientProviderStrategy - Found Docker environment with local Unix socket (unix:///var/run/docker.sock)
2026-07-04 21:20:31.834 [main] INFO  o.testcontainers.DockerClientFactory - Docker host IP address is localhost
2026-07-04 21:20:31.848 [main] INFO  o.testcontainers.DockerClientFactory - Connected to docker: 
  Server Version: 29.6.1
  API Version: 1.55
  Operating System: Docker Desktop
  Total Memory: 7936 MB
  Labels: 
    com.docker.desktop.address=unix:///Users/ermapsh/Library/Containers/com.docker.docker/Data/docker-cli.sock
2026-07-04 21:20:31.908 [main] INFO  tc.testcontainers/ryuk:0.14.0 - Creating container for image: testcontainers/ryuk:0.14.0
2026-07-04 21:20:32.060 [main] INFO  tc.testcontainers/ryuk:0.14.0 - Container testcontainers/ryuk:0.14.0 is starting: 2f2c5c10be73e0098223ae7d835bc22e1690cf76f2b66cb0edae92e7775ce05d
2026-07-04 21:20:32.236 [main] INFO  tc.testcontainers/ryuk:0.14.0 - Container testcontainers/ryuk:0.14.0 started in PT0.328159S
2026-07-04 21:20:32.238 [main] INFO  o.t.utility.RyukResourceReaper - Ryuk started - will monitor and terminate Testcontainers containers on JVM exit
2026-07-04 21:20:32.239 [main] INFO  o.testcontainers.DockerClientFactory - Checking the system...
2026-07-04 21:20:32.239 [main] INFO  o.testcontainers.DockerClientFactory - ✔︎ Docker server version should be at least 1.6.0
2026-07-04 21:20:32.239 [main] INFO  tc.postgres:16 - Creating container for image: postgres:16
2026-07-04 21:20:32.262 [main] INFO  tc.postgres:16 - Container postgres:16 is starting: bcfce282f9a9af1b725aaba06115407b1163ea5b6889483a2bc5e308caf7a240
2026-07-04 21:20:32.903 [main] INFO  tc.postgres:16 - Container postgres:16 started in PT0.664115S
2026-07-04 21:20:32.904 [main] INFO  tc.postgres:16 - Container is started (JDBC URL: jdbc:postgresql://localhost:54770/test?loggerLevel=OFF)
2026-07-04 21:20:32.973 [main] INFO  org.hibernate.orm.jpa - HHH008540: Processing PersistenceUnitInfo [name: default]
2026-07-04 21:20:32.997 [main] INFO  org.hibernate.orm.core - HHH000001: Hibernate ORM core version 7.2.7.Final
2026-07-04 21:20:33.089 [main] INFO  o.h.e.b.internal.EnversServiceImpl - Envers integration enabled? : true
2026-07-04 21:20:33.165 [main] INFO  o.s.o.j.p.SpringPersistenceUnitInfo - No LoadTimeWeaver setup: ignoring JPA class transformer
2026-07-04 21:20:33.177 [main] INFO  com.zaxxer.hikari.HikariDataSource - HikariPool-1 - Starting...
2026-07-04 21:20:33.238 [main] INFO  com.zaxxer.hikari.pool.HikariPool - HikariPool-1 - Added connection org.postgresql.jdbc.PgConnection@637bf67c
2026-07-04 21:20:33.238 [main] INFO  com.zaxxer.hikari.HikariDataSource - HikariPool-1 - Start completed.
2026-07-04 21:20:33.267 [main] INFO  o.hibernate.orm.connections.pooling - HHH10001005: Database info:
	Database JDBC URL [jdbc:postgresql://localhost:54770/test?loggerLevel=OFF]
	Database driver: PostgreSQL JDBC Driver
	Database dialect: PostgreSQLDialect
	Database version: 16.14
	Default catalog/schema: test/public
	Autocommit mode: undefined/unknown
	Isolation level: READ_COMMITTED [default READ_COMMITTED]
	JDBC fetch size: none
	Pool: DataSourceConnectionProvider
	Minimum pool size: undefined/unknown
	Maximum pool size: undefined/unknown
2026-07-04 21:20:33.360 [main] INFO  o.h.e.c.i.m.AuditMetadataGenerator - Adding properties for entity: com.ermapsh.hospital.entity.PostEntity
2026-07-04 21:20:33.783 [main] INFO  org.hibernate.orm.core - HHH000489: No JTA platform available (set 'hibernate.transaction.jta.platform' to enable JTA platform integration)
2026-07-04 21:20:33.818 [main] WARN  org.hibernate.orm.jdbc.warn - HHH000247: ErrorCode: 0, SQLState: 00000
2026-07-04 21:20:33.818 [main] WARN  org.hibernate.orm.jdbc.warn - constraint "uk1t68827l97cwyxo9r1u6t4p7d" of relation "department" does not exist, skipping
2026-07-04 21:20:33.819 [main] WARN  org.hibernate.orm.jdbc.warn - HHH000247: ErrorCode: 0, SQLState: 00000
2026-07-04 21:20:33.819 [main] WARN  org.hibernate.orm.jdbc.warn - constraint "ukkkp33svgs69x9xgcgl55rk5sp" of relation "department" does not exist, skipping
2026-07-04 21:20:33.820 [main] WARN  org.hibernate.orm.jdbc.warn - HHH000247: ErrorCode: 0, SQLState: 00000
2026-07-04 21:20:33.820 [main] WARN  org.hibernate.orm.jdbc.warn - constraint "uk2o0gkfbstwhhtknwdle80icm" of relation "doctor" does not exist, skipping
2026-07-04 21:20:33.821 [main] WARN  org.hibernate.orm.jdbc.warn - HHH000247: ErrorCode: 0, SQLState: 00000
2026-07-04 21:20:33.822 [main] WARN  org.hibernate.orm.jdbc.warn - constraint "uk7rbxwbe5osbdxdxv1nx6xp5q4" of relation "insurance" does not exist, skipping
2026-07-04 21:20:33.823 [main] WARN  org.hibernate.orm.jdbc.warn - HHH000247: ErrorCode: 0, SQLState: 00000
2026-07-04 21:20:33.823 [main] WARN  org.hibernate.orm.jdbc.warn - constraint "unique_patient_name_dob" of relation "patient" does not exist, skipping
2026-07-04 21:20:33.824 [main] WARN  org.hibernate.orm.jdbc.warn - HHH000247: ErrorCode: 0, SQLState: 00000
2026-07-04 21:20:33.824 [main] WARN  org.hibernate.orm.jdbc.warn - constraint "ukmrjnos83qfuhf1o7sivv5ws5q" of relation "patient" does not exist, skipping
2026-07-04 21:20:33.825 [main] WARN  org.hibernate.orm.jdbc.warn - HHH000247: ErrorCode: 0, SQLState: 00000
2026-07-04 21:20:33.825 [main] WARN  org.hibernate.orm.jdbc.warn - constraint "ukqfqu3sawio9crosjondpnadot" of relation "patient" does not exist, skipping
2026-07-04 21:20:33.826 [main] WARN  org.hibernate.orm.jdbc.warn - HHH000247: ErrorCode: 0, SQLState: 00000
2026-07-04 21:20:33.826 [main] WARN  org.hibernate.orm.jdbc.warn - constraint "uk6dotkott2kjsp8vw4d0m25fb7" of relation "users" does not exist, skipping
2026-07-04 21:20:33.837 [main] INFO  o.s.o.j.LocalContainerEntityManagerFactoryBean - Initialized JPA EntityManagerFactory for persistence unit 'default'
2026-07-04 21:20:33.868 [main] INFO  o.s.d.j.r.q.QueryEnhancerFactories - Hibernate is in classpath; If applicable, HQL parser will be used.
2026-07-04 21:20:33.945 [main] INFO  o.s.s.c.a.a.c.InitializeUserDetailsBeanManagerConfigurer$InitializeUserDetailsManagerConfigurer - Global AuthenticationManager configured with UserDetailsService bean with name userService
2026-07-04 21:20:34.392 [main] WARN  o.s.b.j.a.JpaBaseConfiguration$JpaWebConfiguration - spring.jpa.open-in-view is enabled by default. Therefore, database queries may be performed during view rendering. Explicitly configure spring.jpa.open-in-view to disable this warning
2026-07-04 21:20:34.703 [main] INFO  o.s.b.t.m.w.SpringBootMockServletContext - Initializing Spring TestDispatcherServlet ''
2026-07-04 21:20:34.703 [main] INFO  o.s.t.w.s.TestDispatcherServlet - Initializing Servlet ''
2026-07-04 21:20:34.706 [main] INFO  o.s.b.a.e.web.EndpointLinksResolver - Exposing 13 endpoints beneath base path '/actuator'
2026-07-04 21:20:34.712 [main] INFO  o.s.t.w.s.TestDispatcherServlet - Completed initialization in 9 ms
2026-07-04 21:20:34.759 [main] INFO  c.e.h.c.AuthControllerTestIT - Started AuthControllerTestIT in 3.97 seconds (process running for 4.454)
2026-07-04 21:20:35.253 [SpringApplicationShutdownHook] INFO  o.s.o.j.LocalContainerEntityManagerFactoryBean - Closing JPA EntityManagerFactory for persistence unit 'default'
2026-07-04 21:20:35.254 [SpringApplicationShutdownHook] INFO  com.zaxxer.hikari.HikariDataSource - HikariPool-1 - Shutdown initiated...
2026-07-04 21:20:35.255 [SpringApplicationShutdownHook] INFO  com.zaxxer.hikari.HikariDataSource - HikariPool-1 - Shutdown completed.
2026-07-04 21:35:28.775 [main] INFO  c.e.h.c.AuthControllerTestIT - Starting AuthControllerTestIT using Java 25.0.1 with PID 96014 (started by ermapsh in /Users/ermapsh/Devlopement/project/backend/hospital)
2026-07-04 21:35:28.776 [main] INFO  c.e.h.c.AuthControllerTestIT - No active profile set, falling back to 1 default profile: "default"
2026-07-04 21:35:28.856 [background-preinit] INFO  o.h.validator.internal.util.Version - HV000001: Hibernate Validator 9.0.1.Final
2026-07-04 21:35:29.126 [main] INFO  o.s.d.r.c.RepositoryConfigurationDelegate - Bootstrapping Spring Data JPA repositories in DEFAULT mode.
2026-07-04 21:35:29.187 [main] INFO  o.s.d.r.c.RepositoryConfigurationDelegate - Finished Spring Data repository scanning in 58 ms. Found 8 JPA repository interfaces.
2026-07-04 21:35:29.392 [main] INFO  o.testcontainers.images.PullPolicy - Image pull policy will be performed by: DefaultPullPolicy()
2026-07-04 21:35:29.393 [main] INFO  o.t.utility.ImageNameSubstitutor - Image name substitution will be performed by: DefaultImageNameSubstitutor (composite of 'ConfigurationFileImageNameSubstitutor' and 'PrefixingImageNameSubstitutor')
2026-07-04 21:35:29.405 [main] INFO  o.testcontainers.DockerClientFactory - Testcontainers version: 2.0.4
2026-07-04 21:35:29.483 [main] INFO  o.t.d.DockerClientProviderStrategy - Loaded org.testcontainers.dockerclient.UnixSocketClientProviderStrategy from ~/.testcontainers.properties, will try it first
2026-07-04 21:35:29.684 [main] INFO  o.t.d.DockerClientProviderStrategy - Found Docker environment with local Unix socket (unix:///var/run/docker.sock)
2026-07-04 21:35:29.685 [main] INFO  o.testcontainers.DockerClientFactory - Docker host IP address is localhost
2026-07-04 21:35:29.704 [main] INFO  o.testcontainers.DockerClientFactory - Connected to docker: 
  Server Version: 29.6.1
  API Version: 1.55
  Operating System: Docker Desktop
  Total Memory: 7936 MB
  Labels: 
    com.docker.desktop.address=unix:///Users/ermapsh/Library/Containers/com.docker.docker/Data/docker-cli.sock
2026-07-04 21:35:29.742 [main] INFO  tc.testcontainers/ryuk:0.14.0 - Creating container for image: testcontainers/ryuk:0.14.0
2026-07-04 21:35:29.893 [main] INFO  tc.testcontainers/ryuk:0.14.0 - Container testcontainers/ryuk:0.14.0 is starting: 54128d7f1863a59466cfa564c5d9ee0ff09800aecd57c0da2acb9cdb438058d1
2026-07-04 21:35:30.084 [main] INFO  tc.testcontainers/ryuk:0.14.0 - Container testcontainers/ryuk:0.14.0 started in PT0.341797S
2026-07-04 21:35:30.086 [main] INFO  o.t.utility.RyukResourceReaper - Ryuk started - will monitor and terminate Testcontainers containers on JVM exit
2026-07-04 21:35:30.087 [main] INFO  o.testcontainers.DockerClientFactory - Checking the system...
2026-07-04 21:35:30.087 [main] INFO  o.testcontainers.DockerClientFactory - ✔︎ Docker server version should be at least 1.6.0
2026-07-04 21:35:30.087 [main] INFO  tc.postgres:16 - Creating container for image: postgres:16
2026-07-04 21:35:30.113 [main] INFO  tc.postgres:16 - Container postgres:16 is starting: f13aa707d1b268afbf1669d686a68b80db902e742523c0ccccbd8d0d7e4a317a
2026-07-04 21:35:30.779 [main] INFO  tc.postgres:16 - Container postgres:16 started in PT0.691704S
2026-07-04 21:35:30.779 [main] INFO  tc.postgres:16 - Container is started (JDBC URL: jdbc:postgresql://localhost:54963/test?loggerLevel=OFF)
2026-07-04 21:35:30.857 [main] INFO  org.hibernate.orm.jpa - HHH008540: Processing PersistenceUnitInfo [name: default]
2026-07-04 21:35:30.893 [main] INFO  org.hibernate.orm.core - HHH000001: Hibernate ORM core version 7.2.7.Final
2026-07-04 21:35:30.992 [main] INFO  o.h.e.b.internal.EnversServiceImpl - Envers integration enabled? : true
2026-07-04 21:35:31.076 [main] INFO  o.s.o.j.p.SpringPersistenceUnitInfo - No LoadTimeWeaver setup: ignoring JPA class transformer
2026-07-04 21:35:31.089 [main] INFO  com.zaxxer.hikari.HikariDataSource - HikariPool-1 - Starting...
2026-07-04 21:35:31.152 [main] INFO  com.zaxxer.hikari.pool.HikariPool - HikariPool-1 - Added connection org.postgresql.jdbc.PgConnection@395ac2e5
2026-07-04 21:35:31.152 [main] INFO  com.zaxxer.hikari.HikariDataSource - HikariPool-1 - Start completed.
2026-07-04 21:35:31.181 [main] INFO  o.hibernate.orm.connections.pooling - HHH10001005: Database info:
	Database JDBC URL [jdbc:postgresql://localhost:54963/test?loggerLevel=OFF]
	Database driver: PostgreSQL JDBC Driver
	Database dialect: PostgreSQLDialect
	Database version: 16.14
	Default catalog/schema: test/public
	Autocommit mode: undefined/unknown
	Isolation level: READ_COMMITTED [default READ_COMMITTED]
	JDBC fetch size: none
	Pool: DataSourceConnectionProvider
	Minimum pool size: undefined/unknown
	Maximum pool size: undefined/unknown
2026-07-04 21:35:31.302 [main] INFO  o.h.e.c.i.m.AuditMetadataGenerator - Adding properties for entity: com.ermapsh.hospital.entity.PostEntity
2026-07-04 21:35:31.707 [main] INFO  org.hibernate.orm.core - HHH000489: No JTA platform available (set 'hibernate.transaction.jta.platform' to enable JTA platform integration)
2026-07-04 21:35:31.742 [main] WARN  org.hibernate.orm.jdbc.warn - HHH000247: ErrorCode: 0, SQLState: 00000
2026-07-04 21:35:31.742 [main] WARN  org.hibernate.orm.jdbc.warn - constraint "uk1t68827l97cwyxo9r1u6t4p7d" of relation "department" does not exist, skipping
2026-07-04 21:35:31.743 [main] WARN  org.hibernate.orm.jdbc.warn - HHH000247: ErrorCode: 0, SQLState: 00000
2026-07-04 21:35:31.743 [main] WARN  org.hibernate.orm.jdbc.warn - constraint "ukkkp33svgs69x9xgcgl55rk5sp" of relation "department" does not exist, skipping
2026-07-04 21:35:31.744 [main] WARN  org.hibernate.orm.jdbc.warn - HHH000247: ErrorCode: 0, SQLState: 00000
2026-07-04 21:35:31.744 [main] WARN  org.hibernate.orm.jdbc.warn - constraint "uk2o0gkfbstwhhtknwdle80icm" of relation "doctor" does not exist, skipping
2026-07-04 21:35:31.745 [main] WARN  org.hibernate.orm.jdbc.warn - HHH000247: ErrorCode: 0, SQLState: 00000
2026-07-04 21:35:31.745 [main] WARN  org.hibernate.orm.jdbc.warn - constraint "uk7rbxwbe5osbdxdxv1nx6xp5q4" of relation "insurance" does not exist, skipping
2026-07-04 21:35:31.747 [main] WARN  org.hibernate.orm.jdbc.warn - HHH000247: ErrorCode: 0, SQLState: 00000
2026-07-04 21:35:31.747 [main] WARN  org.hibernate.orm.jdbc.warn - constraint "unique_patient_name_dob" of relation "patient" does not exist, skipping
2026-07-04 21:35:31.748 [main] WARN  org.hibernate.orm.jdbc.warn - HHH000247: ErrorCode: 0, SQLState: 00000
2026-07-04 21:35:31.748 [main] WARN  org.hibernate.orm.jdbc.warn - constraint "ukmrjnos83qfuhf1o7sivv5ws5q" of relation "patient" does not exist, skipping
2026-07-04 21:35:31.749 [main] WARN  org.hibernate.orm.jdbc.warn - HHH000247: ErrorCode: 0, SQLState: 00000
2026-07-04 21:35:31.749 [main] WARN  org.hibernate.orm.jdbc.warn - constraint "ukqfqu3sawio9crosjondpnadot" of relation "patient" does not exist, skipping
2026-07-04 21:35:31.750 [main] WARN  org.hibernate.orm.jdbc.warn - HHH000247: ErrorCode: 0, SQLState: 00000
2026-07-04 21:35:31.750 [main] WARN  org.hibernate.orm.jdbc.warn - constraint "uk6dotkott2kjsp8vw4d0m25fb7" of relation "users" does not exist, skipping
2026-07-04 21:35:31.759 [main] INFO  o.s.o.j.LocalContainerEntityManagerFactoryBean - Initialized JPA EntityManagerFactory for persistence unit 'default'
2026-07-04 21:35:31.791 [main] INFO  o.s.d.j.r.q.QueryEnhancerFactories - Hibernate is in classpath; If applicable, HQL parser will be used.
2026-07-04 21:35:31.875 [main] INFO  o.s.s.c.a.a.c.InitializeUserDetailsBeanManagerConfigurer$InitializeUserDetailsManagerConfigurer - Global AuthenticationManager configured with UserDetailsService bean with name userService
2026-07-04 21:35:32.341 [main] WARN  o.s.b.j.a.JpaBaseConfiguration$JpaWebConfiguration - spring.jpa.open-in-view is enabled by default. Therefore, database queries may be performed during view rendering. Explicitly configure spring.jpa.open-in-view to disable this warning
2026-07-04 21:35:32.635 [main] INFO  o.s.b.t.m.w.SpringBootMockServletContext - Initializing Spring TestDispatcherServlet ''
2026-07-04 21:35:32.635 [main] INFO  o.s.t.w.s.TestDispatcherServlet - Initializing Servlet ''
2026-07-04 21:35:32.639 [main] INFO  o.s.b.a.e.web.EndpointLinksResolver - Exposing 13 endpoints beneath base path '/actuator'
2026-07-04 21:35:32.645 [main] INFO  o.s.t.w.s.TestDispatcherServlet - Completed initialization in 10 ms
2026-07-04 21:35:32.699 [main] INFO  c.e.h.c.AuthControllerTestIT - Started AuthControllerTestIT in 4.095 seconds (process running for 4.616)
2026-07-04 21:35:33.158 [main] WARN  o.s.s.c.bcrypt.BCryptPasswordEncoder - Encoded password does not look like BCrypt
2026-07-04 21:35:33.173 [main] ERROR o.s.t.w.r.server.ExchangeResult - Request details for assertion failure:

> POST /auth/login
> WebTestClient-Request-Id: [1]
> Content-Type: [application/json]
> Content-Length: [140]

{"email":"maheshmestri@gmail.com","password":"Mahesh@12345","name":"Mahesh Mestri","roles":["USER"],"permissions":["USER_VIEW","POST_VIEW"]}

< 401 UNAUTHORIZED Unauthorized
< Content-Type: [application/json]

{"timestamp":"2026-07-04T21:35:33.159567","message":"Bad credentials","error":"Unauthorized","status":401}

======================  MockMvc (Server) ===============================

MockHttpServletRequest:
      HTTP Method = POST
      Request URI = /auth/login
       Parameters = {}
          Headers = [WebTestClient-Request-Id:"1", Content-Type:"application/json", Content-Length:"140"]
             Body = <no character encoding set>
    Session Attrs = {}

Handler:
             Type = com.ermapsh.hospital.controller.AuthController
           Method = com.ermapsh.hospital.controller.AuthController#login(LoginDto)

Async:
    Async started = false
     Async result = null

Resolved Exception:
             Type = org.springframework.security.authentication.BadCredentialsException

ModelAndView:
        View name = null
             View = null
            Model = null

FlashMap:
       Attributes = null

MockHttpServletResponse:
           Status = 401
    Error message = null
          Headers = [Content-Type:"application/json"]
     Content type = application/json
             Body = {"timestamp":"2026-07-04T21:35:33.159567","message":"Bad credentials","error":"Unauthorized","status":401}
    Forwarded URL = null
   Redirected URL = null
          Cookies = []


2026-07-04 21:35:33.189 [SpringApplicationShutdownHook] INFO  o.s.o.j.LocalContainerEntityManagerFactoryBean - Closing JPA EntityManagerFactory for persistence unit 'default'
2026-07-04 21:35:33.190 [SpringApplicationShutdownHook] INFO  com.zaxxer.hikari.HikariDataSource - HikariPool-1 - Shutdown initiated...
2026-07-04 21:35:33.191 [SpringApplicationShutdownHook] INFO  com.zaxxer.hikari.HikariDataSource - HikariPool-1 - Shutdown completed.
2026-07-04 21:36:56.292 [main] INFO  c.e.h.c.AuthControllerTestIT - Starting AuthControllerTestIT using Java 25.0.1 with PID 96066 (started by ermapsh in /Users/ermapsh/Devlopement/project/backend/hospital)
2026-07-04 21:36:56.293 [main] INFO  c.e.h.c.AuthControllerTestIT - No active profile set, falling back to 1 default profile: "default"
2026-07-04 21:36:56.375 [background-preinit] INFO  o.h.validator.internal.util.Version - HV000001: Hibernate Validator 9.0.1.Final
2026-07-04 21:36:56.634 [main] INFO  o.s.d.r.c.RepositoryConfigurationDelegate - Bootstrapping Spring Data JPA repositories in DEFAULT mode.
2026-07-04 21:36:56.696 [main] INFO  o.s.d.r.c.RepositoryConfigurationDelegate - Finished Spring Data repository scanning in 57 ms. Found 8 JPA repository interfaces.
2026-07-04 21:36:56.894 [main] INFO  o.testcontainers.images.PullPolicy - Image pull policy will be performed by: DefaultPullPolicy()
2026-07-04 21:36:56.894 [main] INFO  o.t.utility.ImageNameSubstitutor - Image name substitution will be performed by: DefaultImageNameSubstitutor (composite of 'ConfigurationFileImageNameSubstitutor' and 'PrefixingImageNameSubstitutor')
2026-07-04 21:36:56.902 [main] INFO  o.testcontainers.DockerClientFactory - Testcontainers version: 2.0.4
2026-07-04 21:36:56.977 [main] INFO  o.t.d.DockerClientProviderStrategy - Loaded org.testcontainers.dockerclient.UnixSocketClientProviderStrategy from ~/.testcontainers.properties, will try it first
2026-07-04 21:36:57.155 [main] INFO  o.t.d.DockerClientProviderStrategy - Found Docker environment with local Unix socket (unix:///var/run/docker.sock)
2026-07-04 21:36:57.156 [main] INFO  o.testcontainers.DockerClientFactory - Docker host IP address is localhost
2026-07-04 21:36:57.167 [main] INFO  o.testcontainers.DockerClientFactory - Connected to docker: 
  Server Version: 29.6.1
  API Version: 1.55
  Operating System: Docker Desktop
  Total Memory: 7936 MB
  Labels: 
    com.docker.desktop.address=unix:///Users/ermapsh/Library/Containers/com.docker.docker/Data/docker-cli.sock
2026-07-04 21:36:57.220 [main] INFO  tc.testcontainers/ryuk:0.14.0 - Creating container for image: testcontainers/ryuk:0.14.0
2026-07-04 21:36:57.388 [main] INFO  tc.testcontainers/ryuk:0.14.0 - Container testcontainers/ryuk:0.14.0 is starting: dd51032547fc209ecbc8489624ec3fe42aa732b02313d9f76bca538229455648
2026-07-04 21:36:57.586 [main] INFO  tc.testcontainers/ryuk:0.14.0 - Container testcontainers/ryuk:0.14.0 started in PT0.366037S
2026-07-04 21:36:57.588 [main] INFO  o.t.utility.RyukResourceReaper - Ryuk started - will monitor and terminate Testcontainers containers on JVM exit
2026-07-04 21:36:57.588 [main] INFO  o.testcontainers.DockerClientFactory - Checking the system...
2026-07-04 21:36:57.589 [main] INFO  o.testcontainers.DockerClientFactory - ✔︎ Docker server version should be at least 1.6.0
2026-07-04 21:36:57.589 [main] INFO  tc.postgres:16 - Creating container for image: postgres:16
2026-07-04 21:36:57.621 [main] INFO  tc.postgres:16 - Container postgres:16 is starting: 4810425afe753fcc0de636ad568b21521e75a30a8db09aa00b6fbe113766f88b
2026-07-04 21:36:58.271 [main] INFO  tc.postgres:16 - Container postgres:16 started in PT0.682386S
2026-07-04 21:36:58.272 [main] INFO  tc.postgres:16 - Container is started (JDBC URL: jdbc:postgresql://localhost:55002/test?loggerLevel=OFF)
2026-07-04 21:36:58.344 [main] INFO  org.hibernate.orm.jpa - HHH008540: Processing PersistenceUnitInfo [name: default]
2026-07-04 21:36:58.368 [main] INFO  org.hibernate.orm.core - HHH000001: Hibernate ORM core version 7.2.7.Final
2026-07-04 21:36:58.459 [main] INFO  o.h.e.b.internal.EnversServiceImpl - Envers integration enabled? : true
2026-07-04 21:36:58.536 [main] INFO  o.s.o.j.p.SpringPersistenceUnitInfo - No LoadTimeWeaver setup: ignoring JPA class transformer
2026-07-04 21:36:58.548 [main] INFO  com.zaxxer.hikari.HikariDataSource - HikariPool-1 - Starting...
2026-07-04 21:36:58.606 [main] INFO  com.zaxxer.hikari.pool.HikariPool - HikariPool-1 - Added connection org.postgresql.jdbc.PgConnection@35825d43
2026-07-04 21:36:58.607 [main] INFO  com.zaxxer.hikari.HikariDataSource - HikariPool-1 - Start completed.
2026-07-04 21:36:58.634 [main] INFO  o.hibernate.orm.connections.pooling - HHH10001005: Database info:
	Database JDBC URL [jdbc:postgresql://localhost:55002/test?loggerLevel=OFF]
	Database driver: PostgreSQL JDBC Driver
	Database dialect: PostgreSQLDialect
	Database version: 16.14
	Default catalog/schema: test/public
	Autocommit mode: undefined/unknown
	Isolation level: READ_COMMITTED [default READ_COMMITTED]
	JDBC fetch size: none
	Pool: DataSourceConnectionProvider
	Minimum pool size: undefined/unknown
	Maximum pool size: undefined/unknown
2026-07-04 21:36:58.734 [main] INFO  o.h.e.c.i.m.AuditMetadataGenerator - Adding properties for entity: com.ermapsh.hospital.entity.PostEntity
2026-07-04 21:36:59.139 [main] INFO  org.hibernate.orm.core - HHH000489: No JTA platform available (set 'hibernate.transaction.jta.platform' to enable JTA platform integration)
2026-07-04 21:36:59.173 [main] WARN  org.hibernate.orm.jdbc.warn - HHH000247: ErrorCode: 0, SQLState: 00000
2026-07-04 21:36:59.174 [main] WARN  org.hibernate.orm.jdbc.warn - constraint "uk1t68827l97cwyxo9r1u6t4p7d" of relation "department" does not exist, skipping
2026-07-04 21:36:59.175 [main] WARN  org.hibernate.orm.jdbc.warn - HHH000247: ErrorCode: 0, SQLState: 00000
2026-07-04 21:36:59.175 [main] WARN  org.hibernate.orm.jdbc.warn - constraint "ukkkp33svgs69x9xgcgl55rk5sp" of relation "department" does not exist, skipping
2026-07-04 21:36:59.176 [main] WARN  org.hibernate.orm.jdbc.warn - HHH000247: ErrorCode: 0, SQLState: 00000
2026-07-04 21:36:59.176 [main] WARN  org.hibernate.orm.jdbc.warn - constraint "uk2o0gkfbstwhhtknwdle80icm" of relation "doctor" does not exist, skipping
2026-07-04 21:36:59.177 [main] WARN  org.hibernate.orm.jdbc.warn - HHH000247: ErrorCode: 0, SQLState: 00000
2026-07-04 21:36:59.177 [main] WARN  org.hibernate.orm.jdbc.warn - constraint "uk7rbxwbe5osbdxdxv1nx6xp5q4" of relation "insurance" does not exist, skipping
2026-07-04 21:36:59.179 [main] WARN  org.hibernate.orm.jdbc.warn - HHH000247: ErrorCode: 0, SQLState: 00000
2026-07-04 21:36:59.179 [main] WARN  org.hibernate.orm.jdbc.warn - constraint "unique_patient_name_dob" of relation "patient" does not exist, skipping
2026-07-04 21:36:59.180 [main] WARN  org.hibernate.orm.jdbc.warn - HHH000247: ErrorCode: 0, SQLState: 00000
2026-07-04 21:36:59.180 [main] WARN  org.hibernate.orm.jdbc.warn - constraint "ukmrjnos83qfuhf1o7sivv5ws5q" of relation "patient" does not exist, skipping
2026-07-04 21:36:59.181 [main] WARN  org.hibernate.orm.jdbc.warn - HHH000247: ErrorCode: 0, SQLState: 00000
2026-07-04 21:36:59.181 [main] WARN  org.hibernate.orm.jdbc.warn - constraint "ukqfqu3sawio9crosjondpnadot" of relation "patient" does not exist, skipping
2026-07-04 21:36:59.182 [main] WARN  org.hibernate.orm.jdbc.warn - HHH000247: ErrorCode: 0, SQLState: 00000
2026-07-04 21:36:59.182 [main] WARN  org.hibernate.orm.jdbc.warn - constraint "uk6dotkott2kjsp8vw4d0m25fb7" of relation "users" does not exist, skipping
2026-07-04 21:36:59.191 [main] INFO  o.s.o.j.LocalContainerEntityManagerFactoryBean - Initialized JPA EntityManagerFactory for persistence unit 'default'
2026-07-04 21:36:59.222 [main] INFO  o.s.d.j.r.q.QueryEnhancerFactories - Hibernate is in classpath; If applicable, HQL parser will be used.
2026-07-04 21:36:59.299 [main] INFO  o.s.s.c.a.a.c.InitializeUserDetailsBeanManagerConfigurer$InitializeUserDetailsManagerConfigurer - Global AuthenticationManager configured with UserDetailsService bean with name userService
2026-07-04 21:36:59.756 [main] WARN  o.s.b.j.a.JpaBaseConfiguration$JpaWebConfiguration - spring.jpa.open-in-view is enabled by default. Therefore, database queries may be performed during view rendering. Explicitly configure spring.jpa.open-in-view to disable this warning
2026-07-04 21:37:00.067 [main] INFO  o.s.b.t.m.w.SpringBootMockServletContext - Initializing Spring TestDispatcherServlet ''
2026-07-04 21:37:00.068 [main] INFO  o.s.t.w.s.TestDispatcherServlet - Initializing Servlet ''
2026-07-04 21:37:00.073 [main] INFO  o.s.b.a.e.web.EndpointLinksResolver - Exposing 13 endpoints beneath base path '/actuator'
2026-07-04 21:37:00.079 [main] INFO  o.s.t.w.s.TestDispatcherServlet - Completed initialization in 11 ms
2026-07-04 21:37:00.131 [main] INFO  c.e.h.c.AuthControllerTestIT - Started AuthControllerTestIT in 3.99 seconds (process running for 4.466)
2026-07-04 21:37:00.569 [main] WARN  o.s.s.c.bcrypt.BCryptPasswordEncoder - Encoded password does not look like BCrypt
2026-07-04 21:37:00.583 [main] ERROR o.s.t.w.r.server.ExchangeResult - Request details for assertion failure:

> POST /auth/login
> WebTestClient-Request-Id: [1]
> Content-Type: [application/json]
> Content-Length: [60]

{"email":"maheshmestri@gmail.com","password":"Mahesh@12345"}

< 401 UNAUTHORIZED Unauthorized
< Content-Type: [application/json]

{"status":401,"error":"Unauthorized","message":"Bad credentials","timestamp":"2026-07-04T21:37:00.570972"}

======================  MockMvc (Server) ===============================

MockHttpServletRequest:
      HTTP Method = POST
      Request URI = /auth/login
       Parameters = {}
          Headers = [WebTestClient-Request-Id:"1", Content-Type:"application/json", Content-Length:"60"]
             Body = <no character encoding set>
    Session Attrs = {}

Handler:
             Type = com.ermapsh.hospital.controller.AuthController
           Method = com.ermapsh.hospital.controller.AuthController#login(LoginDto)

Async:
    Async started = false
     Async result = null

Resolved Exception:
             Type = org.springframework.security.authentication.BadCredentialsException

ModelAndView:
        View name = null
             View = null
            Model = null

FlashMap:
       Attributes = null

MockHttpServletResponse:
           Status = 401
    Error message = null
          Headers = [Content-Type:"application/json"]
     Content type = application/json
             Body = {"status":401,"error":"Unauthorized","message":"Bad credentials","timestamp":"2026-07-04T21:37:00.570972"}
    Forwarded URL = null
   Redirected URL = null
          Cookies = []


2026-07-04 21:37:00.599 [SpringApplicationShutdownHook] INFO  o.s.o.j.LocalContainerEntityManagerFactoryBean - Closing JPA EntityManagerFactory for persistence unit 'default'
2026-07-04 21:37:00.600 [SpringApplicationShutdownHook] INFO  com.zaxxer.hikari.HikariDataSource - HikariPool-1 - Shutdown initiated...
2026-07-04 21:37:00.601 [SpringApplicationShutdownHook] INFO  com.zaxxer.hikari.HikariDataSource - HikariPool-1 - Shutdown completed.
2026-07-04 21:37:43.042 [main] INFO  c.e.h.c.AuthControllerTestIT - Starting AuthControllerTestIT using Java 25.0.1 with PID 96085 (started by ermapsh in /Users/ermapsh/Devlopement/project/backend/hospital)
2026-07-04 21:37:43.043 [main] INFO  c.e.h.c.AuthControllerTestIT - No active profile set, falling back to 1 default profile: "default"
2026-07-04 21:37:43.113 [background-preinit] INFO  o.h.validator.internal.util.Version - HV000001: Hibernate Validator 9.0.1.Final
2026-07-04 21:37:43.362 [main] INFO  o.s.d.r.c.RepositoryConfigurationDelegate - Bootstrapping Spring Data JPA repositories in DEFAULT mode.
2026-07-04 21:37:43.416 [main] INFO  o.s.d.r.c.RepositoryConfigurationDelegate - Finished Spring Data repository scanning in 50 ms. Found 8 JPA repository interfaces.
2026-07-04 21:37:43.610 [main] INFO  o.testcontainers.images.PullPolicy - Image pull policy will be performed by: DefaultPullPolicy()
2026-07-04 21:37:43.611 [main] INFO  o.t.utility.ImageNameSubstitutor - Image name substitution will be performed by: DefaultImageNameSubstitutor (composite of 'ConfigurationFileImageNameSubstitutor' and 'PrefixingImageNameSubstitutor')
2026-07-04 21:37:43.618 [main] INFO  o.testcontainers.DockerClientFactory - Testcontainers version: 2.0.4
2026-07-04 21:37:43.696 [main] INFO  o.t.d.DockerClientProviderStrategy - Loaded org.testcontainers.dockerclient.UnixSocketClientProviderStrategy from ~/.testcontainers.properties, will try it first
2026-07-04 21:37:43.860 [main] INFO  o.t.d.DockerClientProviderStrategy - Found Docker environment with local Unix socket (unix:///var/run/docker.sock)
2026-07-04 21:37:43.860 [main] INFO  o.testcontainers.DockerClientFactory - Docker host IP address is localhost
2026-07-04 21:37:43.869 [main] INFO  o.testcontainers.DockerClientFactory - Connected to docker: 
  Server Version: 29.6.1
  API Version: 1.55
  Operating System: Docker Desktop
  Total Memory: 7936 MB
  Labels: 
    com.docker.desktop.address=unix:///Users/ermapsh/Library/Containers/com.docker.docker/Data/docker-cli.sock
2026-07-04 21:37:43.912 [main] INFO  tc.testcontainers/ryuk:0.14.0 - Creating container for image: testcontainers/ryuk:0.14.0
2026-07-04 21:37:44.057 [main] INFO  tc.testcontainers/ryuk:0.14.0 - Container testcontainers/ryuk:0.14.0 is starting: 5018c0bdb727ee1c89079a4abfd6a596ee5a985edd1ef940ffb7df8b295f6feb
2026-07-04 21:37:44.212 [main] INFO  tc.testcontainers/ryuk:0.14.0 - Container testcontainers/ryuk:0.14.0 started in PT0.300664S
2026-07-04 21:37:44.215 [main] INFO  o.t.utility.RyukResourceReaper - Ryuk started - will monitor and terminate Testcontainers containers on JVM exit
2026-07-04 21:37:44.215 [main] INFO  o.testcontainers.DockerClientFactory - Checking the system...
2026-07-04 21:37:44.215 [main] INFO  o.testcontainers.DockerClientFactory - ✔︎ Docker server version should be at least 1.6.0
2026-07-04 21:37:44.215 [main] INFO  tc.postgres:16 - Creating container for image: postgres:16
2026-07-04 21:37:44.236 [main] INFO  tc.postgres:16 - Container postgres:16 is starting: c10ef5b9603b34ab23b6db3685cfbb629982fb91fd9f9415df2c7979087cb83a
2026-07-04 21:37:44.799 [main] INFO  tc.postgres:16 - Container postgres:16 started in PT0.584386S
2026-07-04 21:37:44.800 [main] INFO  tc.postgres:16 - Container is started (JDBC URL: jdbc:postgresql://localhost:55025/test?loggerLevel=OFF)
2026-07-04 21:37:44.869 [main] INFO  org.hibernate.orm.jpa - HHH008540: Processing PersistenceUnitInfo [name: default]
2026-07-04 21:37:44.892 [main] INFO  org.hibernate.orm.core - HHH000001: Hibernate ORM core version 7.2.7.Final
2026-07-04 21:37:44.985 [main] INFO  o.h.e.b.internal.EnversServiceImpl - Envers integration enabled? : true
2026-07-04 21:37:45.057 [main] INFO  o.s.o.j.p.SpringPersistenceUnitInfo - No LoadTimeWeaver setup: ignoring JPA class transformer
2026-07-04 21:37:45.069 [main] INFO  com.zaxxer.hikari.HikariDataSource - HikariPool-1 - Starting...
2026-07-04 21:37:45.138 [main] INFO  com.zaxxer.hikari.pool.HikariPool - HikariPool-1 - Added connection org.postgresql.jdbc.PgConnection@30dbcffd
2026-07-04 21:37:45.138 [main] INFO  com.zaxxer.hikari.HikariDataSource - HikariPool-1 - Start completed.
2026-07-04 21:37:45.167 [main] INFO  o.hibernate.orm.connections.pooling - HHH10001005: Database info:
	Database JDBC URL [jdbc:postgresql://localhost:55025/test?loggerLevel=OFF]
	Database driver: PostgreSQL JDBC Driver
	Database dialect: PostgreSQLDialect
	Database version: 16.14
	Default catalog/schema: test/public
	Autocommit mode: undefined/unknown
	Isolation level: READ_COMMITTED [default READ_COMMITTED]
	JDBC fetch size: none
	Pool: DataSourceConnectionProvider
	Minimum pool size: undefined/unknown
	Maximum pool size: undefined/unknown
2026-07-04 21:37:45.268 [main] INFO  o.h.e.c.i.m.AuditMetadataGenerator - Adding properties for entity: com.ermapsh.hospital.entity.PostEntity
2026-07-04 21:37:45.698 [main] INFO  org.hibernate.orm.core - HHH000489: No JTA platform available (set 'hibernate.transaction.jta.platform' to enable JTA platform integration)
2026-07-04 21:37:45.733 [main] WARN  org.hibernate.orm.jdbc.warn - HHH000247: ErrorCode: 0, SQLState: 00000
2026-07-04 21:37:45.733 [main] WARN  org.hibernate.orm.jdbc.warn - constraint "uk1t68827l97cwyxo9r1u6t4p7d" of relation "department" does not exist, skipping
2026-07-04 21:37:45.735 [main] WARN  org.hibernate.orm.jdbc.warn - HHH000247: ErrorCode: 0, SQLState: 00000
2026-07-04 21:37:45.735 [main] WARN  org.hibernate.orm.jdbc.warn - constraint "ukkkp33svgs69x9xgcgl55rk5sp" of relation "department" does not exist, skipping
2026-07-04 21:37:45.736 [main] WARN  org.hibernate.orm.jdbc.warn - HHH000247: ErrorCode: 0, SQLState: 00000
2026-07-04 21:37:45.736 [main] WARN  org.hibernate.orm.jdbc.warn - constraint "uk2o0gkfbstwhhtknwdle80icm" of relation "doctor" does not exist, skipping
2026-07-04 21:37:45.737 [main] WARN  org.hibernate.orm.jdbc.warn - HHH000247: ErrorCode: 0, SQLState: 00000
2026-07-04 21:37:45.737 [main] WARN  org.hibernate.orm.jdbc.warn - constraint "uk7rbxwbe5osbdxdxv1nx6xp5q4" of relation "insurance" does not exist, skipping
2026-07-04 21:37:45.739 [main] WARN  org.hibernate.orm.jdbc.warn - HHH000247: ErrorCode: 0, SQLState: 00000
2026-07-04 21:37:45.739 [main] WARN  org.hibernate.orm.jdbc.warn - constraint "unique_patient_name_dob" of relation "patient" does not exist, skipping
2026-07-04 21:37:45.741 [main] WARN  org.hibernate.orm.jdbc.warn - HHH000247: ErrorCode: 0, SQLState: 00000
2026-07-04 21:37:45.741 [main] WARN  org.hibernate.orm.jdbc.warn - constraint "ukmrjnos83qfuhf1o7sivv5ws5q" of relation "patient" does not exist, skipping
2026-07-04 21:37:45.742 [main] WARN  org.hibernate.orm.jdbc.warn - HHH000247: ErrorCode: 0, SQLState: 00000
2026-07-04 21:37:45.742 [main] WARN  org.hibernate.orm.jdbc.warn - constraint "ukqfqu3sawio9crosjondpnadot" of relation "patient" does not exist, skipping
2026-07-04 21:37:45.743 [main] WARN  org.hibernate.orm.jdbc.warn - HHH000247: ErrorCode: 0, SQLState: 00000
2026-07-04 21:37:45.743 [main] WARN  org.hibernate.orm.jdbc.warn - constraint "uk6dotkott2kjsp8vw4d0m25fb7" of relation "users" does not exist, skipping
2026-07-04 21:37:45.753 [main] INFO  o.s.o.j.LocalContainerEntityManagerFactoryBean - Initialized JPA EntityManagerFactory for persistence unit 'default'
2026-07-04 21:37:45.787 [main] INFO  o.s.d.j.r.q.QueryEnhancerFactories - Hibernate is in classpath; If applicable, HQL parser will be used.
2026-07-04 21:37:45.876 [main] INFO  o.s.s.c.a.a.c.InitializeUserDetailsBeanManagerConfigurer$InitializeUserDetailsManagerConfigurer - Global AuthenticationManager configured with UserDetailsService bean with name userService
2026-07-04 21:37:46.317 [main] WARN  o.s.b.j.a.JpaBaseConfiguration$JpaWebConfiguration - spring.jpa.open-in-view is enabled by default. Therefore, database queries may be performed during view rendering. Explicitly configure spring.jpa.open-in-view to disable this warning
2026-07-04 21:37:46.623 [main] INFO  o.s.b.t.m.w.SpringBootMockServletContext - Initializing Spring TestDispatcherServlet ''
2026-07-04 21:37:46.623 [main] INFO  o.s.t.w.s.TestDispatcherServlet - Initializing Servlet ''
2026-07-04 21:37:46.627 [main] INFO  o.s.b.a.e.web.EndpointLinksResolver - Exposing 13 endpoints beneath base path '/actuator'
2026-07-04 21:37:46.634 [main] INFO  o.s.t.w.s.TestDispatcherServlet - Completed initialization in 11 ms
2026-07-04 21:37:46.682 [main] INFO  c.e.h.c.AuthControllerTestIT - Started AuthControllerTestIT in 3.789 seconds (process running for 4.301)
2026-07-04 21:37:47.106 [main] WARN  o.s.s.c.bcrypt.BCryptPasswordEncoder - Encoded password does not look like BCrypt
2026-07-04 21:37:47.119 [main] ERROR o.s.t.w.r.server.ExchangeResult - Request details for assertion failure:

> POST /auth/login
> WebTestClient-Request-Id: [1]
> Content-Type: [application/json]
> Content-Length: [60]

{"email":"maheshmestri@gmail.com","password":"Mahesh@12345"}

< 401 UNAUTHORIZED Unauthorized
< Content-Type: [application/json]

{"status":401,"error":"Unauthorized","message":"Bad credentials","timestamp":"2026-07-04T21:37:47.107383"}

======================  MockMvc (Server) ===============================

MockHttpServletRequest:
      HTTP Method = POST
      Request URI = /auth/login
       Parameters = {}
          Headers = [WebTestClient-Request-Id:"1", Content-Type:"application/json", Content-Length:"60"]
             Body = <no character encoding set>
    Session Attrs = {}

Handler:
             Type = com.ermapsh.hospital.controller.AuthController
           Method = com.ermapsh.hospital.controller.AuthController#login(LoginDto)

Async:
    Async started = false
     Async result = null

Resolved Exception:
             Type = org.springframework.security.authentication.BadCredentialsException

ModelAndView:
        View name = null
             View = null
            Model = null

FlashMap:
       Attributes = null

MockHttpServletResponse:
           Status = 401
    Error message = null
          Headers = [Content-Type:"application/json"]
     Content type = application/json
             Body = {"status":401,"error":"Unauthorized","message":"Bad credentials","timestamp":"2026-07-04T21:37:47.107383"}
    Forwarded URL = null
   Redirected URL = null
          Cookies = []


2026-07-04 21:37:47.132 [main] WARN  org.hibernate.orm.jdbc.error - HHH000247: ErrorCode: 0, SQLState: 23505
2026-07-04 21:37:47.132 [main] WARN  org.hibernate.orm.jdbc.error - ERROR: duplicate key value violates unique constraint "uk6dotkott2kjsp8vw4d0m25fb7"
  Detail: Key (email)=(maheshmestri@gmail.com) already exists.
2026-07-04 21:37:47.147 [SpringApplicationShutdownHook] INFO  o.s.o.j.LocalContainerEntityManagerFactoryBean - Closing JPA EntityManagerFactory for persistence unit 'default'
2026-07-04 21:37:47.148 [SpringApplicationShutdownHook] INFO  com.zaxxer.hikari.HikariDataSource - HikariPool-1 - Shutdown initiated...
2026-07-04 21:37:47.149 [SpringApplicationShutdownHook] INFO  com.zaxxer.hikari.HikariDataSource - HikariPool-1 - Shutdown completed.
2026-07-04 21:41:06.313 [main] INFO  c.e.h.c.AuthControllerTestIT - Starting AuthControllerTestIT using Java 25.0.1 with PID 96215 (started by ermapsh in /Users/ermapsh/Devlopement/project/backend/hospital)
2026-07-04 21:41:06.314 [main] INFO  c.e.h.c.AuthControllerTestIT - No active profile set, falling back to 1 default profile: "default"
2026-07-04 21:41:06.389 [background-preinit] INFO  o.h.validator.internal.util.Version - HV000001: Hibernate Validator 9.0.1.Final
2026-07-04 21:41:06.678 [main] INFO  o.s.d.r.c.RepositoryConfigurationDelegate - Bootstrapping Spring Data JPA repositories in DEFAULT mode.
2026-07-04 21:41:06.751 [main] INFO  o.s.d.r.c.RepositoryConfigurationDelegate - Finished Spring Data repository scanning in 68 ms. Found 8 JPA repository interfaces.
2026-07-04 21:41:06.965 [main] INFO  o.testcontainers.images.PullPolicy - Image pull policy will be performed by: DefaultPullPolicy()
2026-07-04 21:41:06.965 [main] INFO  o.t.utility.ImageNameSubstitutor - Image name substitution will be performed by: DefaultImageNameSubstitutor (composite of 'ConfigurationFileImageNameSubstitutor' and 'PrefixingImageNameSubstitutor')
2026-07-04 21:41:06.977 [main] INFO  o.testcontainers.DockerClientFactory - Testcontainers version: 2.0.4
2026-07-04 21:41:07.050 [main] INFO  o.t.d.DockerClientProviderStrategy - Loaded org.testcontainers.dockerclient.UnixSocketClientProviderStrategy from ~/.testcontainers.properties, will try it first
2026-07-04 21:41:07.228 [main] INFO  o.t.d.DockerClientProviderStrategy - Found Docker environment with local Unix socket (unix:///var/run/docker.sock)
2026-07-04 21:41:07.229 [main] INFO  o.testcontainers.DockerClientFactory - Docker host IP address is localhost
2026-07-04 21:41:07.245 [main] INFO  o.testcontainers.DockerClientFactory - Connected to docker: 
  Server Version: 29.6.1
  API Version: 1.55
  Operating System: Docker Desktop
  Total Memory: 7936 MB
  Labels: 
    com.docker.desktop.address=unix:///Users/ermapsh/Library/Containers/com.docker.docker/Data/docker-cli.sock
2026-07-04 21:41:07.292 [main] INFO  tc.testcontainers/ryuk:0.14.0 - Creating container for image: testcontainers/ryuk:0.14.0
2026-07-04 21:41:07.450 [main] INFO  tc.testcontainers/ryuk:0.14.0 - Container testcontainers/ryuk:0.14.0 is starting: 26a3d0ac25b0ac91a92c4aca8c208bb57c9d8c2b3e78ebb241b794a4de22a1a6
2026-07-04 21:41:07.651 [main] INFO  tc.testcontainers/ryuk:0.14.0 - Container testcontainers/ryuk:0.14.0 started in PT0.358397S
2026-07-04 21:41:07.653 [main] INFO  o.t.utility.RyukResourceReaper - Ryuk started - will monitor and terminate Testcontainers containers on JVM exit
2026-07-04 21:41:07.653 [main] INFO  o.testcontainers.DockerClientFactory - Checking the system...
2026-07-04 21:41:07.654 [main] INFO  o.testcontainers.DockerClientFactory - ✔︎ Docker server version should be at least 1.6.0
2026-07-04 21:41:07.654 [main] INFO  tc.postgres:16 - Creating container for image: postgres:16
2026-07-04 21:41:07.682 [main] INFO  tc.postgres:16 - Container postgres:16 is starting: 372d9d2f7d117d4d54d556d507564aa4fb2274b2280b8de32c8b771bd7d66454
2026-07-04 21:41:08.328 [main] INFO  tc.postgres:16 - Container postgres:16 started in PT0.673935S
2026-07-04 21:41:08.328 [main] INFO  tc.postgres:16 - Container is started (JDBC URL: jdbc:postgresql://localhost:55074/test?loggerLevel=OFF)
2026-07-04 21:41:08.407 [main] INFO  org.hibernate.orm.jpa - HHH008540: Processing PersistenceUnitInfo [name: default]
2026-07-04 21:41:08.432 [main] INFO  org.hibernate.orm.core - HHH000001: Hibernate ORM core version 7.2.7.Final
2026-07-04 21:41:08.519 [main] INFO  o.h.e.b.internal.EnversServiceImpl - Envers integration enabled? : true
2026-07-04 21:41:08.595 [main] INFO  o.s.o.j.p.SpringPersistenceUnitInfo - No LoadTimeWeaver setup: ignoring JPA class transformer
2026-07-04 21:41:08.607 [main] INFO  com.zaxxer.hikari.HikariDataSource - HikariPool-1 - Starting...
2026-07-04 21:41:08.674 [main] INFO  com.zaxxer.hikari.pool.HikariPool - HikariPool-1 - Added connection org.postgresql.jdbc.PgConnection@4c3c1963
2026-07-04 21:41:08.674 [main] INFO  com.zaxxer.hikari.HikariDataSource - HikariPool-1 - Start completed.
2026-07-04 21:41:08.700 [main] INFO  o.hibernate.orm.connections.pooling - HHH10001005: Database info:
	Database JDBC URL [jdbc:postgresql://localhost:55074/test?loggerLevel=OFF]
	Database driver: PostgreSQL JDBC Driver
	Database dialect: PostgreSQLDialect
	Database version: 16.14
	Default catalog/schema: test/public
	Autocommit mode: undefined/unknown
	Isolation level: READ_COMMITTED [default READ_COMMITTED]
	JDBC fetch size: none
	Pool: DataSourceConnectionProvider
	Minimum pool size: undefined/unknown
	Maximum pool size: undefined/unknown
2026-07-04 21:41:08.798 [main] INFO  o.h.e.c.i.m.AuditMetadataGenerator - Adding properties for entity: com.ermapsh.hospital.entity.PostEntity
2026-07-04 21:41:09.200 [main] INFO  org.hibernate.orm.core - HHH000489: No JTA platform available (set 'hibernate.transaction.jta.platform' to enable JTA platform integration)
2026-07-04 21:41:09.233 [main] WARN  org.hibernate.orm.jdbc.warn - HHH000247: ErrorCode: 0, SQLState: 00000
2026-07-04 21:41:09.233 [main] WARN  org.hibernate.orm.jdbc.warn - constraint "uk1t68827l97cwyxo9r1u6t4p7d" of relation "department" does not exist, skipping
2026-07-04 21:41:09.234 [main] WARN  org.hibernate.orm.jdbc.warn - HHH000247: ErrorCode: 0, SQLState: 00000
2026-07-04 21:41:09.234 [main] WARN  org.hibernate.orm.jdbc.warn - constraint "ukkkp33svgs69x9xgcgl55rk5sp" of relation "department" does not exist, skipping
2026-07-04 21:41:09.235 [main] WARN  org.hibernate.orm.jdbc.warn - HHH000247: ErrorCode: 0, SQLState: 00000
2026-07-04 21:41:09.235 [main] WARN  org.hibernate.orm.jdbc.warn - constraint "uk2o0gkfbstwhhtknwdle80icm" of relation "doctor" does not exist, skipping
2026-07-04 21:41:09.236 [main] WARN  org.hibernate.orm.jdbc.warn - HHH000247: ErrorCode: 0, SQLState: 00000
2026-07-04 21:41:09.236 [main] WARN  org.hibernate.orm.jdbc.warn - constraint "uk7rbxwbe5osbdxdxv1nx6xp5q4" of relation "insurance" does not exist, skipping
2026-07-04 21:41:09.238 [main] WARN  org.hibernate.orm.jdbc.warn - HHH000247: ErrorCode: 0, SQLState: 00000
2026-07-04 21:41:09.238 [main] WARN  org.hibernate.orm.jdbc.warn - constraint "unique_patient_name_dob" of relation "patient" does not exist, skipping
2026-07-04 21:41:09.239 [main] WARN  org.hibernate.orm.jdbc.warn - HHH000247: ErrorCode: 0, SQLState: 00000
2026-07-04 21:41:09.239 [main] WARN  org.hibernate.orm.jdbc.warn - constraint "ukmrjnos83qfuhf1o7sivv5ws5q" of relation "patient" does not exist, skipping
2026-07-04 21:41:09.240 [main] WARN  org.hibernate.orm.jdbc.warn - HHH000247: ErrorCode: 0, SQLState: 00000
2026-07-04 21:41:09.240 [main] WARN  org.hibernate.orm.jdbc.warn - constraint "ukqfqu3sawio9crosjondpnadot" of relation "patient" does not exist, skipping
2026-07-04 21:41:09.241 [main] WARN  org.hibernate.orm.jdbc.warn - HHH000247: ErrorCode: 0, SQLState: 00000
2026-07-04 21:41:09.241 [main] WARN  org.hibernate.orm.jdbc.warn - constraint "uk6dotkott2kjsp8vw4d0m25fb7" of relation "users" does not exist, skipping
2026-07-04 21:41:09.249 [main] INFO  o.s.o.j.LocalContainerEntityManagerFactoryBean - Initialized JPA EntityManagerFactory for persistence unit 'default'
2026-07-04 21:41:09.286 [main] INFO  o.s.d.j.r.q.QueryEnhancerFactories - Hibernate is in classpath; If applicable, HQL parser will be used.
2026-07-04 21:41:09.363 [main] INFO  o.s.s.c.a.a.c.InitializeUserDetailsBeanManagerConfigurer$InitializeUserDetailsManagerConfigurer - Global AuthenticationManager configured with UserDetailsService bean with name userService
2026-07-04 21:41:09.857 [main] WARN  o.s.b.j.a.JpaBaseConfiguration$JpaWebConfiguration - spring.jpa.open-in-view is enabled by default. Therefore, database queries may be performed during view rendering. Explicitly configure spring.jpa.open-in-view to disable this warning
2026-07-04 21:41:10.161 [main] INFO  o.s.b.t.m.w.SpringBootMockServletContext - Initializing Spring TestDispatcherServlet ''
2026-07-04 21:41:10.161 [main] INFO  o.s.t.w.s.TestDispatcherServlet - Initializing Servlet ''
2026-07-04 21:41:10.164 [main] INFO  o.s.b.a.e.web.EndpointLinksResolver - Exposing 13 endpoints beneath base path '/actuator'
2026-07-04 21:41:10.169 [main] INFO  o.s.t.w.s.TestDispatcherServlet - Completed initialization in 8 ms
2026-07-04 21:41:10.216 [main] INFO  c.e.h.c.AuthControllerTestIT - Started AuthControllerTestIT in 4.052 seconds (process running for 4.527)
2026-07-04 21:41:10.676 [main] WARN  o.s.s.c.bcrypt.BCryptPasswordEncoder - Encoded password does not look like BCrypt
2026-07-04 21:41:10.696 [main] ERROR o.s.t.w.r.server.ExchangeResult - Request details for assertion failure:

> POST /auth/login
> WebTestClient-Request-Id: [1]
> Content-Type: [application/json]
> Content-Length: [60]

{"email":"maheshmestri@gmail.com","password":"Mahesh@12345"}

< 401 UNAUTHORIZED Unauthorized
< Content-Type: [application/json]

{"message":"Bad credentials","error":"Unauthorized","status":401,"timestamp":"2026-07-04T21:41:10.678494"}

======================  MockMvc (Server) ===============================

MockHttpServletRequest:
      HTTP Method = POST
      Request URI = /auth/login
       Parameters = {}
          Headers = [WebTestClient-Request-Id:"1", Content-Type:"application/json", Content-Length:"60"]
             Body = <no character encoding set>
    Session Attrs = {}

Handler:
             Type = com.ermapsh.hospital.controller.AuthController
           Method = com.ermapsh.hospital.controller.AuthController#login(LoginDto)

Async:
    Async started = false
     Async result = null

Resolved Exception:
             Type = org.springframework.security.authentication.BadCredentialsException

ModelAndView:
        View name = null
             View = null
            Model = null

FlashMap:
       Attributes = null

MockHttpServletResponse:
           Status = 401
    Error message = null
          Headers = [Content-Type:"application/json"]
     Content type = application/json
             Body = {"message":"Bad credentials","error":"Unauthorized","status":401,"timestamp":"2026-07-04T21:41:10.678494"}
    Forwarded URL = null
   Redirected URL = null
          Cookies = []


2026-07-04 21:41:10.708 [main] WARN  org.hibernate.orm.jdbc.error - HHH000247: ErrorCode: 0, SQLState: 23505
2026-07-04 21:41:10.708 [main] WARN  org.hibernate.orm.jdbc.error - ERROR: duplicate key value violates unique constraint "uk6dotkott2kjsp8vw4d0m25fb7"
  Detail: Key (email)=(maheshmestri@gmail.com) already exists.
2026-07-04 21:41:10.723 [SpringApplicationShutdownHook] INFO  o.s.o.j.LocalContainerEntityManagerFactoryBean - Closing JPA EntityManagerFactory for persistence unit 'default'
2026-07-04 21:41:10.723 [SpringApplicationShutdownHook] INFO  com.zaxxer.hikari.HikariDataSource - HikariPool-1 - Shutdown initiated...
2026-07-04 21:41:10.724 [SpringApplicationShutdownHook] INFO  com.zaxxer.hikari.HikariDataSource - HikariPool-1 - Shutdown completed.
2026-07-04 21:42:51.832 [main] INFO  c.e.h.c.AuthControllerTestIT - Starting AuthControllerTestIT using Java 25.0.1 with PID 96268 (started by ermapsh in /Users/ermapsh/Devlopement/project/backend/hospital)
2026-07-04 21:42:51.833 [main] INFO  c.e.h.c.AuthControllerTestIT - No active profile set, falling back to 1 default profile: "default"
2026-07-04 21:42:51.912 [background-preinit] INFO  o.h.validator.internal.util.Version - HV000001: Hibernate Validator 9.0.1.Final
2026-07-04 21:42:52.179 [main] INFO  o.s.d.r.c.RepositoryConfigurationDelegate - Bootstrapping Spring Data JPA repositories in DEFAULT mode.
2026-07-04 21:42:52.238 [main] INFO  o.s.d.r.c.RepositoryConfigurationDelegate - Finished Spring Data repository scanning in 55 ms. Found 8 JPA repository interfaces.
2026-07-04 21:42:52.435 [main] INFO  o.testcontainers.images.PullPolicy - Image pull policy will be performed by: DefaultPullPolicy()
2026-07-04 21:42:52.436 [main] INFO  o.t.utility.ImageNameSubstitutor - Image name substitution will be performed by: DefaultImageNameSubstitutor (composite of 'ConfigurationFileImageNameSubstitutor' and 'PrefixingImageNameSubstitutor')
2026-07-04 21:42:52.444 [main] INFO  o.testcontainers.DockerClientFactory - Testcontainers version: 2.0.4
2026-07-04 21:42:52.520 [main] INFO  o.t.d.DockerClientProviderStrategy - Loaded org.testcontainers.dockerclient.UnixSocketClientProviderStrategy from ~/.testcontainers.properties, will try it first
2026-07-04 21:42:52.695 [main] INFO  o.t.d.DockerClientProviderStrategy - Found Docker environment with local Unix socket (unix:///var/run/docker.sock)
2026-07-04 21:42:52.695 [main] INFO  o.testcontainers.DockerClientFactory - Docker host IP address is localhost
2026-07-04 21:42:52.708 [main] INFO  o.testcontainers.DockerClientFactory - Connected to docker: 
  Server Version: 29.6.1
  API Version: 1.55
  Operating System: Docker Desktop
  Total Memory: 7936 MB
  Labels: 
    com.docker.desktop.address=unix:///Users/ermapsh/Library/Containers/com.docker.docker/Data/docker-cli.sock
2026-07-04 21:42:52.772 [main] INFO  tc.testcontainers/ryuk:0.14.0 - Creating container for image: testcontainers/ryuk:0.14.0
2026-07-04 21:42:52.925 [main] INFO  tc.testcontainers/ryuk:0.14.0 - Container testcontainers/ryuk:0.14.0 is starting: 8f025d9e8a0d3133ed24b9f60d61489e980136e5f352690eeb72d326e61aeddf
2026-07-04 21:42:53.112 [main] INFO  tc.testcontainers/ryuk:0.14.0 - Container testcontainers/ryuk:0.14.0 started in PT0.339814S
2026-07-04 21:42:53.115 [main] INFO  o.t.utility.RyukResourceReaper - Ryuk started - will monitor and terminate Testcontainers containers on JVM exit
2026-07-04 21:42:53.115 [main] INFO  o.testcontainers.DockerClientFactory - Checking the system...
2026-07-04 21:42:53.115 [main] INFO  o.testcontainers.DockerClientFactory - ✔︎ Docker server version should be at least 1.6.0
2026-07-04 21:42:53.116 [main] INFO  tc.postgres:16 - Creating container for image: postgres:16
2026-07-04 21:42:53.145 [main] INFO  tc.postgres:16 - Container postgres:16 is starting: d8389c70ebbeb39dcd05c1405cfa6a7defcd5b082ef8c890485d597ad1eae23d
2026-07-04 21:42:53.811 [main] INFO  tc.postgres:16 - Container postgres:16 started in PT0.694959S
2026-07-04 21:42:53.811 [main] INFO  tc.postgres:16 - Container is started (JDBC URL: jdbc:postgresql://localhost:55119/test?loggerLevel=OFF)
2026-07-04 21:42:53.892 [main] INFO  org.hibernate.orm.jpa - HHH008540: Processing PersistenceUnitInfo [name: default]
2026-07-04 21:42:53.924 [main] INFO  org.hibernate.orm.core - HHH000001: Hibernate ORM core version 7.2.7.Final
2026-07-04 21:42:54.053 [main] INFO  o.h.e.b.internal.EnversServiceImpl - Envers integration enabled? : true
2026-07-04 21:42:54.170 [main] INFO  o.s.o.j.p.SpringPersistenceUnitInfo - No LoadTimeWeaver setup: ignoring JPA class transformer
2026-07-04 21:42:54.192 [main] INFO  com.zaxxer.hikari.HikariDataSource - HikariPool-1 - Starting...
2026-07-04 21:42:54.302 [main] INFO  com.zaxxer.hikari.pool.HikariPool - HikariPool-1 - Added connection org.postgresql.jdbc.PgConnection@4a0e3bd
2026-07-04 21:42:54.302 [main] INFO  com.zaxxer.hikari.HikariDataSource - HikariPool-1 - Start completed.
2026-07-04 21:42:54.356 [main] INFO  o.hibernate.orm.connections.pooling - HHH10001005: Database info:
	Database JDBC URL [jdbc:postgresql://localhost:55119/test?loggerLevel=OFF]
	Database driver: PostgreSQL JDBC Driver
	Database dialect: PostgreSQLDialect
	Database version: 16.14
	Default catalog/schema: test/public
	Autocommit mode: undefined/unknown
	Isolation level: READ_COMMITTED [default READ_COMMITTED]
	JDBC fetch size: none
	Pool: DataSourceConnectionProvider
	Minimum pool size: undefined/unknown
	Maximum pool size: undefined/unknown
2026-07-04 21:42:54.549 [main] INFO  o.h.e.c.i.m.AuditMetadataGenerator - Adding properties for entity: com.ermapsh.hospital.entity.PostEntity
2026-07-04 21:42:55.044 [restartedMain] INFO  c.e.hospital.HospitalApplication - Starting HospitalApplication using Java 25.0.1 with PID 96273 (/Users/ermapsh/Devlopement/project/backend/hospital/target/classes started by ermapsh in /Users/ermapsh/Devlopement/project/backend/hospital)
2026-07-04 21:42:55.045 [restartedMain] INFO  c.e.hospital.HospitalApplication - No active profile set, falling back to 1 default profile: "default"
2026-07-04 21:42:55.076 [restartedMain] INFO  o.s.b.d.e.DevToolsPropertyDefaultsPostProcessor - Devtools property defaults active! Set 'spring.devtools.add-properties' to 'false' to disable
2026-07-04 21:42:55.076 [restartedMain] INFO  o.s.b.d.e.DevToolsPropertyDefaultsPostProcessor - For additional web related logging consider setting the 'logging.level.web' property to 'DEBUG'
2026-07-04 21:42:55.202 [background-preinit] INFO  o.h.validator.internal.util.Version - HV000001: Hibernate Validator 9.0.1.Final
2026-07-04 21:42:55.206 [main] INFO  org.hibernate.orm.core - HHH000489: No JTA platform available (set 'hibernate.transaction.jta.platform' to enable JTA platform integration)
2026-07-04 21:42:55.273 [main] WARN  org.hibernate.orm.jdbc.warn - HHH000247: ErrorCode: 0, SQLState: 00000
2026-07-04 21:42:55.273 [main] WARN  org.hibernate.orm.jdbc.warn - constraint "uk1t68827l97cwyxo9r1u6t4p7d" of relation "department" does not exist, skipping
2026-07-04 21:42:55.275 [main] WARN  org.hibernate.orm.jdbc.warn - HHH000247: ErrorCode: 0, SQLState: 00000
2026-07-04 21:42:55.275 [main] WARN  org.hibernate.orm.jdbc.warn - constraint "ukkkp33svgs69x9xgcgl55rk5sp" of relation "department" does not exist, skipping
2026-07-04 21:42:55.276 [main] WARN  org.hibernate.orm.jdbc.warn - HHH000247: ErrorCode: 0, SQLState: 00000
2026-07-04 21:42:55.276 [main] WARN  org.hibernate.orm.jdbc.warn - constraint "uk2o0gkfbstwhhtknwdle80icm" of relation "doctor" does not exist, skipping
2026-07-04 21:42:55.277 [main] WARN  org.hibernate.orm.jdbc.warn - HHH000247: ErrorCode: 0, SQLState: 00000
2026-07-04 21:42:55.277 [main] WARN  org.hibernate.orm.jdbc.warn - constraint "uk7rbxwbe5osbdxdxv1nx6xp5q4" of relation "insurance" does not exist, skipping
2026-07-04 21:42:55.279 [main] WARN  org.hibernate.orm.jdbc.warn - HHH000247: ErrorCode: 0, SQLState: 00000
2026-07-04 21:42:55.279 [main] WARN  org.hibernate.orm.jdbc.warn - constraint "unique_patient_name_dob" of relation "patient" does not exist, skipping
2026-07-04 21:42:55.280 [main] WARN  org.hibernate.orm.jdbc.warn - HHH000247: ErrorCode: 0, SQLState: 00000
2026-07-04 21:42:55.280 [main] WARN  org.hibernate.orm.jdbc.warn - constraint "ukmrjnos83qfuhf1o7sivv5ws5q" of relation "patient" does not exist, skipping
2026-07-04 21:42:55.281 [main] WARN  org.hibernate.orm.jdbc.warn - HHH000247: ErrorCode: 0, SQLState: 00000
2026-07-04 21:42:55.281 [main] WARN  org.hibernate.orm.jdbc.warn - constraint "ukqfqu3sawio9crosjondpnadot" of relation "patient" does not exist, skipping
2026-07-04 21:42:55.283 [main] WARN  org.hibernate.orm.jdbc.warn - HHH000247: ErrorCode: 0, SQLState: 00000
2026-07-04 21:42:55.283 [main] WARN  org.hibernate.orm.jdbc.warn - constraint "uk6dotkott2kjsp8vw4d0m25fb7" of relation "users" does not exist, skipping
2026-07-04 21:42:55.294 [main] INFO  o.s.o.j.LocalContainerEntityManagerFactoryBean - Initialized JPA EntityManagerFactory for persistence unit 'default'
2026-07-04 21:42:55.337 [main] INFO  o.s.d.j.r.q.QueryEnhancerFactories - Hibernate is in classpath; If applicable, HQL parser will be used.
2026-07-04 21:42:55.467 [main] INFO  o.s.s.c.a.a.c.InitializeUserDetailsBeanManagerConfigurer$InitializeUserDetailsManagerConfigurer - Global AuthenticationManager configured with UserDetailsService bean with name userService
2026-07-04 21:42:55.606 [restartedMain] INFO  o.s.d.r.c.RepositoryConfigurationDelegate - Bootstrapping Spring Data JPA repositories in DEFAULT mode.
2026-07-04 21:42:55.686 [restartedMain] INFO  o.s.d.r.c.RepositoryConfigurationDelegate - Finished Spring Data repository scanning in 75 ms. Found 8 JPA repository interfaces.
2026-07-04 21:42:56.051 [restartedMain] INFO  o.s.boot.tomcat.TomcatWebServer - Tomcat initialized with port 8080 (http)
2026-07-04 21:42:56.054 [main] WARN  o.s.b.j.a.JpaBaseConfiguration$JpaWebConfiguration - spring.jpa.open-in-view is enabled by default. Therefore, database queries may be performed during view rendering. Explicitly configure spring.jpa.open-in-view to disable this warning
2026-07-04 21:42:56.057 [restartedMain] INFO  o.a.coyote.http11.Http11NioProtocol - Initializing ProtocolHandler ["http-nio-8080"]
2026-07-04 21:42:56.058 [restartedMain] INFO  o.a.catalina.core.StandardService - Starting service [Tomcat]
2026-07-04 21:42:56.058 [restartedMain] INFO  o.a.catalina.core.StandardEngine - Starting Servlet engine: [Apache Tomcat/11.0.18]
2026-07-04 21:42:56.077 [restartedMain] INFO  o.s.b.w.c.s.WebApplicationContextInitializer - Root WebApplicationContext: initialization completed in 999 ms
2026-07-04 21:42:56.189 [restartedMain] INFO  org.hibernate.orm.jpa - HHH008540: Processing PersistenceUnitInfo [name: default]
2026-07-04 21:42:56.212 [restartedMain] INFO  org.hibernate.orm.core - HHH000001: Hibernate ORM core version 7.2.7.Final
2026-07-04 21:42:56.351 [restartedMain] INFO  o.h.e.b.internal.EnversServiceImpl - Envers integration enabled? : true
2026-07-04 21:42:56.422 [restartedMain] INFO  o.s.o.j.p.SpringPersistenceUnitInfo - No LoadTimeWeaver setup: ignoring JPA class transformer
2026-07-04 21:42:56.435 [restartedMain] INFO  com.zaxxer.hikari.HikariDataSource - HikariPool-1 - Starting...
2026-07-04 21:42:56.488 [main] INFO  o.s.b.t.m.w.SpringBootMockServletContext - Initializing Spring TestDispatcherServlet ''
2026-07-04 21:42:56.488 [main] INFO  o.s.t.w.s.TestDispatcherServlet - Initializing Servlet ''
2026-07-04 21:42:56.494 [main] INFO  o.s.b.a.e.web.EndpointLinksResolver - Exposing 13 endpoints beneath base path '/actuator'
2026-07-04 21:42:56.500 [main] INFO  o.s.t.w.s.TestDispatcherServlet - Completed initialization in 12 ms
2026-07-04 21:42:56.516 [restartedMain] INFO  com.zaxxer.hikari.pool.HikariPool - HikariPool-1 - Added connection org.postgresql.jdbc.PgConnection@398d0029
2026-07-04 21:42:56.517 [restartedMain] INFO  com.zaxxer.hikari.HikariDataSource - HikariPool-1 - Start completed.
2026-07-04 21:42:56.561 [main] INFO  c.e.h.c.AuthControllerTestIT - Started AuthControllerTestIT in 4.879 seconds (process running for 5.415)
2026-07-04 21:42:56.566 [restartedMain] INFO  o.hibernate.orm.connections.pooling - HHH10001005: Database info:
	Database JDBC URL [jdbc:postgresql://localhost:5432/hospital]
	Database driver: PostgreSQL JDBC Driver
	Database dialect: PostgreSQLDialect
	Database version: 15.15
	Default catalog/schema: hospital/public
	Autocommit mode: undefined/unknown
	Isolation level: READ_COMMITTED [default READ_COMMITTED]
	JDBC fetch size: none
	Pool: DataSourceConnectionProvider
	Minimum pool size: undefined/unknown
	Maximum pool size: undefined/unknown
2026-07-04 21:42:56.711 [restartedMain] INFO  o.h.e.c.i.m.AuditMetadataGenerator - Adding properties for entity: com.ermapsh.hospital.entity.PostEntity
2026-07-04 21:42:57.089 [main] WARN  o.s.s.c.bcrypt.BCryptPasswordEncoder - Encoded password does not look like BCrypt
2026-07-04 21:42:57.123 [main] ERROR o.s.t.w.r.server.ExchangeResult - Request details for assertion failure:

> POST /auth/login
> WebTestClient-Request-Id: [1]
> Content-Type: [application/json]
> Content-Length: [60]

{"email":"maheshmestri@gmail.com","password":"Mahesh@12345"}

< 401 UNAUTHORIZED Unauthorized
< Content-Type: [application/json]

{"timestamp":"2026-07-04T21:42:57.091645","message":"Bad credentials","error":"Unauthorized","status":401}

======================  MockMvc (Server) ===============================

MockHttpServletRequest:
      HTTP Method = POST
      Request URI = /auth/login
       Parameters = {}
          Headers = [WebTestClient-Request-Id:"1", Content-Type:"application/json", Content-Length:"60"]
             Body = <no character encoding set>
    Session Attrs = {}

Handler:
             Type = com.ermapsh.hospital.controller.AuthController
           Method = com.ermapsh.hospital.controller.AuthController#login(LoginDto)

Async:
    Async started = false
     Async result = null

Resolved Exception:
             Type = org.springframework.security.authentication.BadCredentialsException

ModelAndView:
        View name = null
             View = null
            Model = null

FlashMap:
       Attributes = null

MockHttpServletResponse:
           Status = 401
    Error message = null
          Headers = [Content-Type:"application/json"]
     Content type = application/json
             Body = {"timestamp":"2026-07-04T21:42:57.091645","message":"Bad credentials","error":"Unauthorized","status":401}
    Forwarded URL = null
   Redirected URL = null
          Cookies = []


2026-07-04 21:42:57.146 [main] WARN  org.hibernate.orm.jdbc.error - HHH000247: ErrorCode: 0, SQLState: 23505
2026-07-04 21:42:57.146 [main] WARN  org.hibernate.orm.jdbc.error - ERROR: duplicate key value violates unique constraint "uk6dotkott2kjsp8vw4d0m25fb7"
  Detail: Key (email)=(maheshmestri@gmail.com) already exists.
2026-07-04 21:42:57.168 [SpringApplicationShutdownHook] INFO  o.s.o.j.LocalContainerEntityManagerFactoryBean - Closing JPA EntityManagerFactory for persistence unit 'default'
2026-07-04 21:42:57.169 [SpringApplicationShutdownHook] INFO  com.zaxxer.hikari.HikariDataSource - HikariPool-1 - Shutdown initiated...
2026-07-04 21:42:57.172 [SpringApplicationShutdownHook] INFO  com.zaxxer.hikari.HikariDataSource - HikariPool-1 - Shutdown completed.
2026-07-04 21:42:57.202 [restartedMain] INFO  org.hibernate.orm.core - HHH000489: No JTA platform available (set 'hibernate.transaction.jta.platform' to enable JTA platform integration)
2026-07-04 21:42:57.245 [restartedMain] INFO  o.s.o.j.LocalContainerEntityManagerFactoryBean - Initialized JPA EntityManagerFactory for persistence unit 'default'
2026-07-04 21:42:57.267 [restartedMain] INFO  o.s.d.j.r.q.QueryEnhancerFactories - Hibernate is in classpath; If applicable, HQL parser will be used.
2026-07-04 21:42:57.391 [restartedMain] INFO  o.s.s.c.a.a.c.InitializeUserDetailsBeanManagerConfigurer$InitializeUserDetailsManagerConfigurer - Global AuthenticationManager configured with UserDetailsService bean with name userService
2026-07-04 21:42:57.884 [restartedMain] WARN  o.s.b.j.a.JpaBaseConfiguration$JpaWebConfiguration - spring.jpa.open-in-view is enabled by default. Therefore, database queries may be performed during view rendering. Explicitly configure spring.jpa.open-in-view to disable this warning
2026-07-04 21:42:58.267 [restartedMain] INFO  o.s.b.a.e.web.EndpointLinksResolver - Exposing 13 endpoints beneath base path '/actuator'
2026-07-04 21:42:58.303 [restartedMain] INFO  o.s.boot.tomcat.TomcatWebServer - Tomcat started on port 8080 (http) with context path '/'
2026-07-04 21:42:58.308 [restartedMain] INFO  c.e.hospital.HospitalApplication - Started HospitalApplication in 3.595 seconds (process running for 4.261)
2026-07-04 21:42:58.311 [SpringApplicationShutdownHook] INFO  o.s.boot.tomcat.GracefulShutdown - Commencing graceful shutdown. Waiting for active requests to complete
2026-07-04 21:42:58.318 [tomcat-shutdown] INFO  o.s.boot.tomcat.GracefulShutdown - Graceful shutdown complete
2026-07-04 21:42:58.333 [SpringApplicationShutdownHook] INFO  o.s.o.j.LocalContainerEntityManagerFactoryBean - Closing JPA EntityManagerFactory for persistence unit 'default'
2026-07-04 21:42:58.336 [SpringApplicationShutdownHook] INFO  com.zaxxer.hikari.HikariDataSource - HikariPool-1 - Shutdown initiated...
2026-07-04 21:42:58.340 [SpringApplicationShutdownHook] INFO  com.zaxxer.hikari.HikariDataSource - HikariPool-1 - Shutdown completed.
2026-07-04 21:43:01.712 [restartedMain] INFO  c.e.hospital.HospitalApplication - Starting HospitalApplication using Java 25.0.1 with PID 96299 (/Users/ermapsh/Devlopement/project/backend/hospital/target/classes started by ermapsh in /Users/ermapsh/Devlopement/project/backend/hospital)
2026-07-04 21:43:01.712 [restartedMain] INFO  c.e.hospital.HospitalApplication - No active profile set, falling back to 1 default profile: "default"
2026-07-04 21:43:01.736 [restartedMain] INFO  o.s.b.d.e.DevToolsPropertyDefaultsPostProcessor - Devtools property defaults active! Set 'spring.devtools.add-properties' to 'false' to disable
2026-07-04 21:43:01.737 [restartedMain] INFO  o.s.b.d.e.DevToolsPropertyDefaultsPostProcessor - For additional web related logging consider setting the 'logging.level.web' property to 'DEBUG'
2026-07-04 21:43:01.795 [background-preinit] INFO  o.h.validator.internal.util.Version - HV000001: Hibernate Validator 9.0.1.Final
2026-07-04 21:43:02.091 [restartedMain] INFO  o.s.d.r.c.RepositoryConfigurationDelegate - Bootstrapping Spring Data JPA repositories in DEFAULT mode.
2026-07-04 21:43:02.145 [restartedMain] INFO  o.s.d.r.c.RepositoryConfigurationDelegate - Finished Spring Data repository scanning in 51 ms. Found 8 JPA repository interfaces.
2026-07-04 21:43:02.423 [restartedMain] INFO  o.s.boot.tomcat.TomcatWebServer - Tomcat initialized with port 8080 (http)
2026-07-04 21:43:02.427 [restartedMain] INFO  o.a.coyote.http11.Http11NioProtocol - Initializing ProtocolHandler ["http-nio-8080"]
2026-07-04 21:43:02.428 [restartedMain] INFO  o.a.catalina.core.StandardService - Starting service [Tomcat]
2026-07-04 21:43:02.428 [restartedMain] INFO  o.a.catalina.core.StandardEngine - Starting Servlet engine: [Apache Tomcat/11.0.18]
2026-07-04 21:43:02.443 [restartedMain] INFO  o.s.b.w.c.s.WebApplicationContextInitializer - Root WebApplicationContext: initialization completed in 706 ms
2026-07-04 21:43:02.520 [restartedMain] INFO  org.hibernate.orm.jpa - HHH008540: Processing PersistenceUnitInfo [name: default]
2026-07-04 21:43:02.540 [restartedMain] INFO  org.hibernate.orm.core - HHH000001: Hibernate ORM core version 7.2.7.Final
2026-07-04 21:43:02.629 [restartedMain] INFO  o.h.e.b.internal.EnversServiceImpl - Envers integration enabled? : true
2026-07-04 21:43:02.695 [restartedMain] INFO  o.s.o.j.p.SpringPersistenceUnitInfo - No LoadTimeWeaver setup: ignoring JPA class transformer
2026-07-04 21:43:02.705 [restartedMain] INFO  com.zaxxer.hikari.HikariDataSource - HikariPool-1 - Starting...
2026-07-04 21:43:02.732 [restartedMain] INFO  com.zaxxer.hikari.pool.HikariPool - HikariPool-1 - Added connection org.postgresql.jdbc.PgConnection@2967b599
2026-07-04 21:43:02.732 [restartedMain] INFO  com.zaxxer.hikari.HikariDataSource - HikariPool-1 - Start completed.
2026-07-04 21:43:02.752 [restartedMain] INFO  o.hibernate.orm.connections.pooling - HHH10001005: Database info:
	Database JDBC URL [jdbc:postgresql://localhost:5432/hospital]
	Database driver: PostgreSQL JDBC Driver
	Database dialect: PostgreSQLDialect
	Database version: 15.15
	Default catalog/schema: hospital/public
	Autocommit mode: undefined/unknown
	Isolation level: READ_COMMITTED [default READ_COMMITTED]
	JDBC fetch size: none
	Pool: DataSourceConnectionProvider
	Minimum pool size: undefined/unknown
	Maximum pool size: undefined/unknown
2026-07-04 21:43:02.832 [restartedMain] INFO  o.h.e.c.i.m.AuditMetadataGenerator - Adding properties for entity: com.ermapsh.hospital.entity.PostEntity
2026-07-04 21:43:03.207 [restartedMain] INFO  org.hibernate.orm.core - HHH000489: No JTA platform available (set 'hibernate.transaction.jta.platform' to enable JTA platform integration)
2026-07-04 21:43:03.238 [restartedMain] INFO  o.s.o.j.LocalContainerEntityManagerFactoryBean - Initialized JPA EntityManagerFactory for persistence unit 'default'
2026-07-04 21:43:03.260 [restartedMain] INFO  o.s.d.j.r.q.QueryEnhancerFactories - Hibernate is in classpath; If applicable, HQL parser will be used.
2026-07-04 21:43:03.354 [restartedMain] INFO  o.s.s.c.a.a.c.InitializeUserDetailsBeanManagerConfigurer$InitializeUserDetailsManagerConfigurer - Global AuthenticationManager configured with UserDetailsService bean with name userService
2026-07-04 21:43:03.722 [restartedMain] WARN  o.s.b.j.a.JpaBaseConfiguration$JpaWebConfiguration - spring.jpa.open-in-view is enabled by default. Therefore, database queries may be performed during view rendering. Explicitly configure spring.jpa.open-in-view to disable this warning
2026-07-04 21:43:03.967 [restartedMain] INFO  o.s.b.a.e.web.EndpointLinksResolver - Exposing 13 endpoints beneath base path '/actuator'
2026-07-04 21:43:03.992 [restartedMain] INFO  o.a.coyote.http11.Http11NioProtocol - Starting ProtocolHandler ["http-nio-8080"]
2026-07-04 21:43:04.001 [restartedMain] INFO  o.s.boot.tomcat.TomcatWebServer - Tomcat started on port 8080 (http) with context path '/'
2026-07-04 21:43:04.007 [restartedMain] INFO  c.e.hospital.HospitalApplication - Started HospitalApplication in 2.491 seconds (process running for 2.695)
2026-07-04 21:43:07.917 [http-nio-8080-exec-2] INFO  o.a.c.c.C.[Tomcat].[localhost].[/] - Initializing Spring DispatcherServlet 'dispatcherServlet'
2026-07-04 21:43:07.917 [http-nio-8080-exec-2] INFO  o.s.web.servlet.DispatcherServlet - Initializing Servlet 'dispatcherServlet'
2026-07-04 21:43:07.918 [http-nio-8080-exec-2] INFO  o.s.web.servlet.DispatcherServlet - Completed initialization in 1 ms
2026-07-04 21:43:08.165 [http-nio-8080-exec-2] WARN  c.e.hospital.service.AuthService - UsernamePasswordAuthenticationToken [Principal=User(id=2, email=maheshmestri73@gmail.com, password=$2a$10$zP94M3WNn9OKn2L0am5fU.4i9bOY8fQMwCvzjQZh88a76f9d9Ju4K, name=mahesh, roles=[ADMIN, USER], permissions=[]), Credentials=[PROTECTED], Authenticated=true, Details=null, Granted Authorities=[USER_VIEW, USER_DELETE, POST_CREATE, ROLE_USER, POST_DELETE, USER_CREATE, ROLE_ADMIN, POST_VIEW, POST_UPDATE, FactorGrantedAuthority [authority=FACTOR_PASSWORD, issuedAt=2026-07-04T16:13:08.165174Z]]]
2026-07-04 21:43:08.165 [http-nio-8080-exec-2] WARN  c.e.hospital.service.AuthService - User(id=2, email=maheshmestri73@gmail.com, password=$2a$10$zP94M3WNn9OKn2L0am5fU.4i9bOY8fQMwCvzjQZh88a76f9d9Ju4K, name=mahesh, roles=[ADMIN, USER], permissions=[])
2026-07-04 21:43:41.392 [SpringApplicationShutdownHook] INFO  o.s.boot.tomcat.GracefulShutdown - Commencing graceful shutdown. Waiting for active requests to complete
2026-07-04 21:43:41.397 [tomcat-shutdown] INFO  o.s.boot.tomcat.GracefulShutdown - Graceful shutdown complete
2026-07-04 21:43:41.413 [SpringApplicationShutdownHook] INFO  o.s.o.j.LocalContainerEntityManagerFactoryBean - Closing JPA EntityManagerFactory for persistence unit 'default'
2026-07-04 21:43:41.416 [SpringApplicationShutdownHook] INFO  com.zaxxer.hikari.HikariDataSource - HikariPool-1 - Shutdown initiated...
2026-07-04 21:43:41.417 [SpringApplicationShutdownHook] INFO  com.zaxxer.hikari.HikariDataSource - HikariPool-1 - Shutdown completed.
2026-07-04 21:43:42.418 [restartedMain] INFO  c.e.hospital.HospitalApplication - Starting HospitalApplication using Java 25.0.1 with PID 96332 (/Users/ermapsh/Devlopement/project/backend/hospital/target/classes started by ermapsh in /Users/ermapsh/Devlopement/project/backend/hospital)
2026-07-04 21:43:42.419 [restartedMain] INFO  c.e.hospital.HospitalApplication - No active profile set, falling back to 1 default profile: "default"
2026-07-04 21:43:42.447 [restartedMain] INFO  o.s.b.d.e.DevToolsPropertyDefaultsPostProcessor - Devtools property defaults active! Set 'spring.devtools.add-properties' to 'false' to disable
2026-07-04 21:43:42.448 [restartedMain] INFO  o.s.b.d.e.DevToolsPropertyDefaultsPostProcessor - For additional web related logging consider setting the 'logging.level.web' property to 'DEBUG'
2026-07-04 21:43:42.502 [background-preinit] INFO  o.h.validator.internal.util.Version - HV000001: Hibernate Validator 9.0.1.Final
2026-07-04 21:43:42.908 [restartedMain] INFO  o.s.d.r.c.RepositoryConfigurationDelegate - Bootstrapping Spring Data JPA repositories in DEFAULT mode.
2026-07-04 21:43:42.962 [restartedMain] INFO  o.s.d.r.c.RepositoryConfigurationDelegate - Finished Spring Data repository scanning in 51 ms. Found 8 JPA repository interfaces.
2026-07-04 21:43:43.206 [restartedMain] INFO  o.s.boot.tomcat.TomcatWebServer - Tomcat initialized with port 8080 (http)
2026-07-04 21:43:43.210 [restartedMain] INFO  o.a.coyote.http11.Http11NioProtocol - Initializing ProtocolHandler ["http-nio-8080"]
2026-07-04 21:43:43.211 [restartedMain] INFO  o.a.catalina.core.StandardService - Starting service [Tomcat]
2026-07-04 21:43:43.211 [restartedMain] INFO  o.a.catalina.core.StandardEngine - Starting Servlet engine: [Apache Tomcat/11.0.18]
2026-07-04 21:43:43.224 [restartedMain] INFO  o.s.b.w.c.s.WebApplicationContextInitializer - Root WebApplicationContext: initialization completed in 776 ms
2026-07-04 21:43:43.298 [restartedMain] INFO  org.hibernate.orm.jpa - HHH008540: Processing PersistenceUnitInfo [name: default]
2026-07-04 21:43:43.317 [restartedMain] INFO  org.hibernate.orm.core - HHH000001: Hibernate ORM core version 7.2.7.Final
2026-07-04 21:43:43.399 [restartedMain] INFO  o.h.e.b.internal.EnversServiceImpl - Envers integration enabled? : true
2026-07-04 21:43:43.466 [restartedMain] INFO  o.s.o.j.p.SpringPersistenceUnitInfo - No LoadTimeWeaver setup: ignoring JPA class transformer
2026-07-04 21:43:43.479 [restartedMain] INFO  com.zaxxer.hikari.HikariDataSource - HikariPool-1 - Starting...
2026-07-04 21:43:43.512 [restartedMain] INFO  com.zaxxer.hikari.pool.HikariPool - HikariPool-1 - Added connection org.postgresql.jdbc.PgConnection@8a32cb2
2026-07-04 21:43:43.512 [restartedMain] INFO  com.zaxxer.hikari.HikariDataSource - HikariPool-1 - Start completed.
2026-07-04 21:43:43.535 [restartedMain] INFO  o.hibernate.orm.connections.pooling - HHH10001005: Database info:
	Database JDBC URL [jdbc:postgresql://localhost:5432/hospital]
	Database driver: PostgreSQL JDBC Driver
	Database dialect: PostgreSQLDialect
	Database version: 15.15
	Default catalog/schema: hospital/public
	Autocommit mode: undefined/unknown
	Isolation level: READ_COMMITTED [default READ_COMMITTED]
	JDBC fetch size: none
	Pool: DataSourceConnectionProvider
	Minimum pool size: undefined/unknown
	Maximum pool size: undefined/unknown
2026-07-04 21:43:43.633 [restartedMain] INFO  o.h.e.c.i.m.AuditMetadataGenerator - Adding properties for entity: com.ermapsh.hospital.entity.PostEntity
2026-07-04 21:43:44.033 [restartedMain] INFO  org.hibernate.orm.core - HHH000489: No JTA platform available (set 'hibernate.transaction.jta.platform' to enable JTA platform integration)
2026-07-04 21:43:44.065 [restartedMain] INFO  o.s.o.j.LocalContainerEntityManagerFactoryBean - Initialized JPA EntityManagerFactory for persistence unit 'default'
2026-07-04 21:43:44.092 [restartedMain] INFO  o.s.d.j.r.q.QueryEnhancerFactories - Hibernate is in classpath; If applicable, HQL parser will be used.
2026-07-04 21:43:44.192 [restartedMain] INFO  o.s.s.c.a.a.c.InitializeUserDetailsBeanManagerConfigurer$InitializeUserDetailsManagerConfigurer - Global AuthenticationManager configured with UserDetailsService bean with name userService
2026-07-04 21:43:44.585 [restartedMain] WARN  o.s.b.j.a.JpaBaseConfiguration$JpaWebConfiguration - spring.jpa.open-in-view is enabled by default. Therefore, database queries may be performed during view rendering. Explicitly configure spring.jpa.open-in-view to disable this warning
2026-07-04 21:43:44.884 [restartedMain] INFO  o.s.b.a.e.web.EndpointLinksResolver - Exposing 13 endpoints beneath base path '/actuator'
2026-07-04 21:43:44.914 [restartedMain] INFO  o.a.coyote.http11.Http11NioProtocol - Starting ProtocolHandler ["http-nio-8080"]
2026-07-04 21:43:44.924 [restartedMain] INFO  o.s.boot.tomcat.TomcatWebServer - Tomcat started on port 8080 (http) with context path '/'
2026-07-04 21:43:44.930 [restartedMain] INFO  c.e.hospital.HospitalApplication - Started HospitalApplication in 2.716 seconds (process running for 2.946)
2026-07-04 21:43:46.051 [main] INFO  c.e.h.c.AuthControllerTestIT - Starting AuthControllerTestIT using Java 25.0.1 with PID 96356 (started by ermapsh in /Users/ermapsh/Devlopement/project/backend/hospital)
2026-07-04 21:43:46.051 [main] INFO  c.e.h.c.AuthControllerTestIT - No active profile set, falling back to 1 default profile: "default"
2026-07-04 21:43:46.123 [background-preinit] INFO  o.h.validator.internal.util.Version - HV000001: Hibernate Validator 9.0.1.Final
2026-07-04 21:43:46.360 [main] INFO  o.s.d.r.c.RepositoryConfigurationDelegate - Bootstrapping Spring Data JPA repositories in DEFAULT mode.
2026-07-04 21:43:46.416 [main] INFO  o.s.d.r.c.RepositoryConfigurationDelegate - Finished Spring Data repository scanning in 52 ms. Found 8 JPA repository interfaces.
2026-07-04 21:43:46.602 [main] INFO  o.testcontainers.images.PullPolicy - Image pull policy will be performed by: DefaultPullPolicy()
2026-07-04 21:43:46.602 [main] INFO  o.t.utility.ImageNameSubstitutor - Image name substitution will be performed by: DefaultImageNameSubstitutor (composite of 'ConfigurationFileImageNameSubstitutor' and 'PrefixingImageNameSubstitutor')
2026-07-04 21:43:46.610 [main] INFO  o.testcontainers.DockerClientFactory - Testcontainers version: 2.0.4
2026-07-04 21:43:46.689 [main] INFO  o.t.d.DockerClientProviderStrategy - Loaded org.testcontainers.dockerclient.UnixSocketClientProviderStrategy from ~/.testcontainers.properties, will try it first
2026-07-04 21:43:46.866 [main] INFO  o.t.d.DockerClientProviderStrategy - Found Docker environment with local Unix socket (unix:///var/run/docker.sock)
2026-07-04 21:43:46.867 [main] INFO  o.testcontainers.DockerClientFactory - Docker host IP address is localhost
2026-07-04 21:43:46.879 [main] INFO  o.testcontainers.DockerClientFactory - Connected to docker: 
  Server Version: 29.6.1
  API Version: 1.55
  Operating System: Docker Desktop
  Total Memory: 7936 MB
  Labels: 
    com.docker.desktop.address=unix:///Users/ermapsh/Library/Containers/com.docker.docker/Data/docker-cli.sock
2026-07-04 21:43:46.926 [main] INFO  tc.testcontainers/ryuk:0.14.0 - Creating container for image: testcontainers/ryuk:0.14.0
2026-07-04 21:43:47.092 [main] INFO  tc.testcontainers/ryuk:0.14.0 - Container testcontainers/ryuk:0.14.0 is starting: 3a56e160c64a2e8622f548eea41e10a453642eb228c5541dbe3d28276dc86cbd
2026-07-04 21:43:47.333 [main] INFO  tc.testcontainers/ryuk:0.14.0 - Container testcontainers/ryuk:0.14.0 started in PT0.407308S
2026-07-04 21:43:47.336 [main] INFO  o.t.utility.RyukResourceReaper - Ryuk started - will monitor and terminate Testcontainers containers on JVM exit
2026-07-04 21:43:47.336 [main] INFO  o.testcontainers.DockerClientFactory - Checking the system...
2026-07-04 21:43:47.336 [main] INFO  o.testcontainers.DockerClientFactory - ✔︎ Docker server version should be at least 1.6.0
2026-07-04 21:43:47.336 [main] INFO  tc.postgres:16 - Creating container for image: postgres:16
2026-07-04 21:43:47.362 [main] INFO  tc.postgres:16 - Container postgres:16 is starting: 4db74fed8f4e43a23cbfb66a54290bac8f55fb6414d5fabecf3825d9795fb2a5
2026-07-04 21:43:48.086 [main] INFO  tc.postgres:16 - Container postgres:16 started in PT0.749995S
2026-07-04 21:43:48.087 [main] INFO  tc.postgres:16 - Container is started (JDBC URL: jdbc:postgresql://localhost:55191/test?loggerLevel=OFF)
2026-07-04 21:43:48.160 [main] INFO  org.hibernate.orm.jpa - HHH008540: Processing PersistenceUnitInfo [name: default]
2026-07-04 21:43:48.181 [main] INFO  org.hibernate.orm.core - HHH000001: Hibernate ORM core version 7.2.7.Final
2026-07-04 21:43:48.262 [main] INFO  o.h.e.b.internal.EnversServiceImpl - Envers integration enabled? : true
2026-07-04 21:43:48.333 [main] INFO  o.s.o.j.p.SpringPersistenceUnitInfo - No LoadTimeWeaver setup: ignoring JPA class transformer
2026-07-04 21:43:48.344 [main] INFO  com.zaxxer.hikari.HikariDataSource - HikariPool-1 - Starting...
2026-07-04 21:43:48.405 [main] INFO  com.zaxxer.hikari.pool.HikariPool - HikariPool-1 - Added connection org.postgresql.jdbc.PgConnection@7225f871
2026-07-04 21:43:48.406 [main] INFO  com.zaxxer.hikari.HikariDataSource - HikariPool-1 - Start completed.
2026-07-04 21:43:48.430 [main] INFO  o.hibernate.orm.connections.pooling - HHH10001005: Database info:
	Database JDBC URL [jdbc:postgresql://localhost:55191/test?loggerLevel=OFF]
	Database driver: PostgreSQL JDBC Driver
	Database dialect: PostgreSQLDialect
	Database version: 16.14
	Default catalog/schema: test/public
	Autocommit mode: undefined/unknown
	Isolation level: READ_COMMITTED [default READ_COMMITTED]
	JDBC fetch size: none
	Pool: DataSourceConnectionProvider
	Minimum pool size: undefined/unknown
	Maximum pool size: undefined/unknown
2026-07-04 21:43:48.528 [main] INFO  o.h.e.c.i.m.AuditMetadataGenerator - Adding properties for entity: com.ermapsh.hospital.entity.PostEntity
2026-07-04 21:43:48.923 [main] INFO  org.hibernate.orm.core - HHH000489: No JTA platform available (set 'hibernate.transaction.jta.platform' to enable JTA platform integration)
2026-07-04 21:43:48.958 [main] WARN  org.hibernate.orm.jdbc.warn - HHH000247: ErrorCode: 0, SQLState: 00000
2026-07-04 21:43:48.958 [main] WARN  org.hibernate.orm.jdbc.warn - constraint "uk1t68827l97cwyxo9r1u6t4p7d" of relation "department" does not exist, skipping
2026-07-04 21:43:48.959 [main] WARN  org.hibernate.orm.jdbc.warn - HHH000247: ErrorCode: 0, SQLState: 00000
2026-07-04 21:43:48.959 [main] WARN  org.hibernate.orm.jdbc.warn - constraint "ukkkp33svgs69x9xgcgl55rk5sp" of relation "department" does not exist, skipping
2026-07-04 21:43:48.960 [main] WARN  org.hibernate.orm.jdbc.warn - HHH000247: ErrorCode: 0, SQLState: 00000
2026-07-04 21:43:48.960 [main] WARN  org.hibernate.orm.jdbc.warn - constraint "uk2o0gkfbstwhhtknwdle80icm" of relation "doctor" does not exist, skipping
2026-07-04 21:43:48.961 [main] WARN  org.hibernate.orm.jdbc.warn - HHH000247: ErrorCode: 0, SQLState: 00000
2026-07-04 21:43:48.961 [main] WARN  org.hibernate.orm.jdbc.warn - constraint "uk7rbxwbe5osbdxdxv1nx6xp5q4" of relation "insurance" does not exist, skipping
2026-07-04 21:43:48.963 [main] WARN  org.hibernate.orm.jdbc.warn - HHH000247: ErrorCode: 0, SQLState: 00000
2026-07-04 21:43:48.963 [main] WARN  org.hibernate.orm.jdbc.warn - constraint "unique_patient_name_dob" of relation "patient" does not exist, skipping
2026-07-04 21:43:48.968 [main] WARN  org.hibernate.orm.jdbc.warn - HHH000247: ErrorCode: 0, SQLState: 00000
2026-07-04 21:43:48.968 [main] WARN  org.hibernate.orm.jdbc.warn - constraint "ukmrjnos83qfuhf1o7sivv5ws5q" of relation "patient" does not exist, skipping
2026-07-04 21:43:48.970 [main] WARN  org.hibernate.orm.jdbc.warn - HHH000247: ErrorCode: 0, SQLState: 00000
2026-07-04 21:43:48.970 [main] WARN  org.hibernate.orm.jdbc.warn - constraint "ukqfqu3sawio9crosjondpnadot" of relation "patient" does not exist, skipping
2026-07-04 21:43:48.971 [main] WARN  org.hibernate.orm.jdbc.warn - HHH000247: ErrorCode: 0, SQLState: 00000
2026-07-04 21:43:48.971 [main] WARN  org.hibernate.orm.jdbc.warn - constraint "uk6dotkott2kjsp8vw4d0m25fb7" of relation "users" does not exist, skipping
2026-07-04 21:43:48.988 [main] INFO  o.s.o.j.LocalContainerEntityManagerFactoryBean - Initialized JPA EntityManagerFactory for persistence unit 'default'
2026-07-04 21:43:49.019 [main] INFO  o.s.d.j.r.q.QueryEnhancerFactories - Hibernate is in classpath; If applicable, HQL parser will be used.
2026-07-04 21:43:49.094 [main] INFO  o.s.s.c.a.a.c.InitializeUserDetailsBeanManagerConfigurer$InitializeUserDetailsManagerConfigurer - Global AuthenticationManager configured with UserDetailsService bean with name userService
2026-07-04 21:43:49.547 [main] WARN  o.s.b.j.a.JpaBaseConfiguration$JpaWebConfiguration - spring.jpa.open-in-view is enabled by default. Therefore, database queries may be performed during view rendering. Explicitly configure spring.jpa.open-in-view to disable this warning
2026-07-04 21:43:49.843 [main] INFO  o.s.b.t.m.w.SpringBootMockServletContext - Initializing Spring TestDispatcherServlet ''
2026-07-04 21:43:49.843 [main] INFO  o.s.t.w.s.TestDispatcherServlet - Initializing Servlet ''
2026-07-04 21:43:49.846 [main] INFO  o.s.b.a.e.web.EndpointLinksResolver - Exposing 13 endpoints beneath base path '/actuator'
2026-07-04 21:43:49.852 [main] INFO  o.s.t.w.s.TestDispatcherServlet - Completed initialization in 9 ms
2026-07-04 21:43:49.899 [main] INFO  c.e.h.c.AuthControllerTestIT - Started AuthControllerTestIT in 3.989 seconds (process running for 4.456)
2026-07-04 21:43:50.334 [main] WARN  o.s.s.c.bcrypt.BCryptPasswordEncoder - Encoded password does not look like BCrypt
2026-07-04 21:43:50.348 [main] ERROR o.s.t.w.r.server.ExchangeResult - Request details for assertion failure:

> POST /auth/login
> WebTestClient-Request-Id: [1]
> Content-Type: [application/json]
> Content-Length: [60]

{"email":"maheshmestri@gmail.com","password":"Mahesh@12345"}

< 401 UNAUTHORIZED Unauthorized
< Content-Type: [application/json]

{"status":401,"timestamp":"2026-07-04T21:43:50.335414","message":"Bad credentials","error":"Unauthorized"}

======================  MockMvc (Server) ===============================

MockHttpServletRequest:
      HTTP Method = POST
      Request URI = /auth/login
       Parameters = {}
          Headers = [WebTestClient-Request-Id:"1", Content-Type:"application/json", Content-Length:"60"]
             Body = <no character encoding set>
    Session Attrs = {}

Handler:
             Type = com.ermapsh.hospital.controller.AuthController
           Method = com.ermapsh.hospital.controller.AuthController#login(LoginDto)

Async:
    Async started = false
     Async result = null

Resolved Exception:
             Type = org.springframework.security.authentication.BadCredentialsException

ModelAndView:
        View name = null
             View = null
            Model = null

FlashMap:
       Attributes = null

MockHttpServletResponse:
           Status = 401
    Error message = null
          Headers = [Content-Type:"application/json"]
     Content type = application/json
             Body = {"status":401,"timestamp":"2026-07-04T21:43:50.335414","message":"Bad credentials","error":"Unauthorized"}
    Forwarded URL = null
   Redirected URL = null
          Cookies = []


2026-07-04 21:43:50.363 [SpringApplicationShutdownHook] INFO  o.s.o.j.LocalContainerEntityManagerFactoryBean - Closing JPA EntityManagerFactory for persistence unit 'default'
2026-07-04 21:43:50.364 [SpringApplicationShutdownHook] INFO  com.zaxxer.hikari.HikariDataSource - HikariPool-1 - Shutdown initiated...
2026-07-04 21:43:50.365 [SpringApplicationShutdownHook] INFO  com.zaxxer.hikari.HikariDataSource - HikariPool-1 - Shutdown completed.
2026-07-04 21:44:19.313 [main] INFO  c.e.h.c.AuthControllerTestIT - Starting AuthControllerTestIT using Java 25.0.1 with PID 96382 (started by ermapsh in /Users/ermapsh/Devlopement/project/backend/hospital)
2026-07-04 21:44:19.314 [main] INFO  c.e.h.c.AuthControllerTestIT - No active profile set, falling back to 1 default profile: "default"
2026-07-04 21:44:19.383 [background-preinit] INFO  o.h.validator.internal.util.Version - HV000001: Hibernate Validator 9.0.1.Final
2026-07-04 21:44:19.589 [File Watcher] INFO  o.s.b.d.a.LocalDevToolsAutoConfiguration$RestartingClassPathChangeChangedEventListener - Restarting due to 1 class path change (0 additions, 0 deletions, 1 modification)
2026-07-04 21:44:19.593 [Thread-1] INFO  o.s.boot.tomcat.GracefulShutdown - Commencing graceful shutdown. Waiting for active requests to complete
2026-07-04 21:44:19.594 [tomcat-shutdown] INFO  o.a.coyote.http11.Http11NioProtocol - Pausing ProtocolHandler ["http-nio-8080"]
2026-07-04 21:44:19.599 [tomcat-shutdown] INFO  o.s.boot.tomcat.GracefulShutdown - Graceful shutdown complete
2026-07-04 21:44:19.599 [Thread-1] INFO  o.a.coyote.http11.Http11NioProtocol - Stopping ProtocolHandler ["http-nio-8080"]
2026-07-04 21:44:19.613 [Thread-1] INFO  o.s.o.j.LocalContainerEntityManagerFactoryBean - Closing JPA EntityManagerFactory for persistence unit 'default'
2026-07-04 21:44:19.615 [Thread-1] INFO  com.zaxxer.hikari.HikariDataSource - HikariPool-1 - Shutdown initiated...
2026-07-04 21:44:19.617 [Thread-1] INFO  com.zaxxer.hikari.HikariDataSource - HikariPool-1 - Shutdown completed.
2026-07-04 21:44:19.649 [main] INFO  o.s.d.r.c.RepositoryConfigurationDelegate - Bootstrapping Spring Data JPA repositories in DEFAULT mode.
2026-07-04 21:44:19.668 [restartedMain] INFO  c.e.hospital.HospitalApplication - Starting HospitalApplication using Java 25.0.1 with PID 96332 (/Users/ermapsh/Devlopement/project/backend/hospital/target/classes started by ermapsh in /Users/ermapsh/Devlopement/project/backend/hospital)
2026-07-04 21:44:19.668 [restartedMain] INFO  c.e.hospital.HospitalApplication - No active profile set, falling back to 1 default profile: "default"
2026-07-04 21:44:19.725 [main] INFO  o.s.d.r.c.RepositoryConfigurationDelegate - Finished Spring Data repository scanning in 70 ms. Found 8 JPA repository interfaces.
2026-07-04 21:44:19.753 [restartedMain] INFO  o.s.d.r.c.RepositoryConfigurationDelegate - Bootstrapping Spring Data JPA repositories in DEFAULT mode.
2026-07-04 21:44:19.761 [restartedMain] INFO  o.s.d.r.c.RepositoryConfigurationDelegate - Finished Spring Data repository scanning in 7 ms. Found 8 JPA repository interfaces.
2026-07-04 21:44:19.815 [restartedMain] INFO  o.s.boot.tomcat.TomcatWebServer - Tomcat initialized with port 8080 (http)
2026-07-04 21:44:19.815 [restartedMain] INFO  o.a.coyote.http11.Http11NioProtocol - Initializing ProtocolHandler ["http-nio-8080"]
2026-07-04 21:44:19.815 [restartedMain] INFO  o.a.catalina.core.StandardService - Starting service [Tomcat]
2026-07-04 21:44:19.815 [restartedMain] INFO  o.a.catalina.core.StandardEngine - Starting Servlet engine: [Apache Tomcat/11.0.18]
2026-07-04 21:44:19.822 [restartedMain] INFO  o.s.b.w.c.s.WebApplicationContextInitializer - Root WebApplicationContext: initialization completed in 153 ms
2026-07-04 21:44:19.849 [restartedMain] INFO  org.hibernate.orm.jpa - HHH008540: Processing PersistenceUnitInfo [name: default]
2026-07-04 21:44:19.863 [restartedMain] INFO  o.h.e.b.internal.EnversServiceImpl - Envers integration enabled? : true
2026-07-04 21:44:19.865 [restartedMain] INFO  o.s.o.j.p.SpringPersistenceUnitInfo - No LoadTimeWeaver setup: ignoring JPA class transformer
2026-07-04 21:44:19.866 [restartedMain] INFO  com.zaxxer.hikari.HikariDataSource - HikariPool-2 - Starting...
2026-07-04 21:44:19.874 [restartedMain] INFO  com.zaxxer.hikari.pool.HikariPool - HikariPool-2 - Added connection org.postgresql.jdbc.PgConnection@1e265d6c
2026-07-04 21:44:19.874 [restartedMain] INFO  com.zaxxer.hikari.HikariDataSource - HikariPool-2 - Start completed.
2026-07-04 21:44:19.878 [restartedMain] INFO  o.hibernate.orm.connections.pooling - HHH10001005: Database info:
	Database JDBC URL [jdbc:postgresql://localhost:5432/hospital]
	Database driver: PostgreSQL JDBC Driver
	Database dialect: PostgreSQLDialect
	Database version: 15.15
	Default catalog/schema: hospital/public
	Autocommit mode: undefined/unknown
	Isolation level: READ_COMMITTED [default READ_COMMITTED]
	JDBC fetch size: none
	Pool: DataSourceConnectionProvider
	Minimum pool size: undefined/unknown
	Maximum pool size: undefined/unknown
2026-07-04 21:44:19.894 [restartedMain] INFO  o.h.e.c.i.m.AuditMetadataGenerator - Adding properties for entity: com.ermapsh.hospital.entity.PostEntity
2026-07-04 21:44:19.960 [restartedMain] INFO  org.hibernate.orm.core - HHH000489: No JTA platform available (set 'hibernate.transaction.jta.platform' to enable JTA platform integration)
2026-07-04 21:44:19.962 [main] INFO  o.testcontainers.images.PullPolicy - Image pull policy will be performed by: DefaultPullPolicy()
2026-07-04 21:44:19.962 [main] INFO  o.t.utility.ImageNameSubstitutor - Image name substitution will be performed by: DefaultImageNameSubstitutor (composite of 'ConfigurationFileImageNameSubstitutor' and 'PrefixingImageNameSubstitutor')
2026-07-04 21:44:19.971 [main] INFO  o.testcontainers.DockerClientFactory - Testcontainers version: 2.0.4
2026-07-04 21:44:19.984 [restartedMain] INFO  o.s.o.j.LocalContainerEntityManagerFactoryBean - Initialized JPA EntityManagerFactory for persistence unit 'default'
2026-07-04 21:44:20.007 [restartedMain] INFO  o.s.s.c.a.a.c.InitializeUserDetailsBeanManagerConfigurer$InitializeUserDetailsManagerConfigurer - Global AuthenticationManager configured with UserDetailsService bean with name userService
2026-07-04 21:44:20.050 [restartedMain] WARN  o.s.b.j.a.JpaBaseConfiguration$JpaWebConfiguration - spring.jpa.open-in-view is enabled by default. Therefore, database queries may be performed during view rendering. Explicitly configure spring.jpa.open-in-view to disable this warning
2026-07-04 21:44:20.058 [main] INFO  o.t.d.DockerClientProviderStrategy - Loaded org.testcontainers.dockerclient.UnixSocketClientProviderStrategy from ~/.testcontainers.properties, will try it first
2026-07-04 21:44:20.118 [restartedMain] INFO  o.s.b.a.e.web.EndpointLinksResolver - Exposing 13 endpoints beneath base path '/actuator'
2026-07-04 21:44:20.126 [restartedMain] INFO  o.a.coyote.http11.Http11NioProtocol - Starting ProtocolHandler ["http-nio-8080"]
2026-07-04 21:44:20.126 [restartedMain] INFO  o.s.boot.tomcat.TomcatWebServer - Tomcat started on port 8080 (http) with context path '/'
2026-07-04 21:44:20.128 [restartedMain] INFO  c.e.hospital.HospitalApplication - Started HospitalApplication in 0.471 seconds (process running for 38.144)
2026-07-04 21:44:20.129 [restartedMain] INFO  o.s.b.d.a.ConditionEvaluationDeltaLoggingListener - Condition evaluation unchanged
2026-07-04 21:44:20.249 [main] INFO  o.t.d.DockerClientProviderStrategy - Found Docker environment with local Unix socket (unix:///var/run/docker.sock)
2026-07-04 21:44:20.250 [main] INFO  o.testcontainers.DockerClientFactory - Docker host IP address is localhost
2026-07-04 21:44:20.265 [main] INFO  o.testcontainers.DockerClientFactory - Connected to docker: 
  Server Version: 29.6.1
  API Version: 1.55
  Operating System: Docker Desktop
  Total Memory: 7936 MB
  Labels: 
    com.docker.desktop.address=unix:///Users/ermapsh/Library/Containers/com.docker.docker/Data/docker-cli.sock
2026-07-04 21:44:20.328 [main] INFO  tc.testcontainers/ryuk:0.14.0 - Creating container for image: testcontainers/ryuk:0.14.0
2026-07-04 21:44:20.492 [main] INFO  tc.testcontainers/ryuk:0.14.0 - Container testcontainers/ryuk:0.14.0 is starting: 0ec9eb3a6d3cedf7f8f04fe4d01b9586082251026502e990f1ef567cc1b87f27
2026-07-04 21:44:20.680 [main] INFO  tc.testcontainers/ryuk:0.14.0 - Container testcontainers/ryuk:0.14.0 started in PT0.352151S
2026-07-04 21:44:20.683 [main] INFO  o.t.utility.RyukResourceReaper - Ryuk started - will monitor and terminate Testcontainers containers on JVM exit
2026-07-04 21:44:20.683 [main] INFO  o.testcontainers.DockerClientFactory - Checking the system...
2026-07-04 21:44:20.683 [main] INFO  o.testcontainers.DockerClientFactory - ✔︎ Docker server version should be at least 1.6.0
2026-07-04 21:44:20.683 [main] INFO  tc.postgres:16 - Creating container for image: postgres:16
2026-07-04 21:44:20.708 [main] INFO  tc.postgres:16 - Container postgres:16 is starting: 1d82ab059720fb8c5e2c01badafa4758daed7e1d83816cbdf92c218eeffc71c9
2026-07-04 21:44:21.338 [main] INFO  tc.postgres:16 - Container postgres:16 started in PT0.654654S
2026-07-04 21:44:21.338 [main] INFO  tc.postgres:16 - Container is started (JDBC URL: jdbc:postgresql://localhost:55226/test?loggerLevel=OFF)
2026-07-04 21:44:21.414 [main] INFO  org.hibernate.orm.jpa - HHH008540: Processing PersistenceUnitInfo [name: default]
2026-07-04 21:44:21.441 [main] INFO  org.hibernate.orm.core - HHH000001: Hibernate ORM core version 7.2.7.Final
2026-07-04 21:44:21.539 [main] INFO  o.h.e.b.internal.EnversServiceImpl - Envers integration enabled? : true
2026-07-04 21:44:21.607 [main] INFO  o.s.o.j.p.SpringPersistenceUnitInfo - No LoadTimeWeaver setup: ignoring JPA class transformer
2026-07-04 21:44:21.618 [main] INFO  com.zaxxer.hikari.HikariDataSource - HikariPool-1 - Starting...
2026-07-04 21:44:21.680 [main] INFO  com.zaxxer.hikari.pool.HikariPool - HikariPool-1 - Added connection org.postgresql.jdbc.PgConnection@49ed3b76
2026-07-04 21:44:21.681 [main] INFO  com.zaxxer.hikari.HikariDataSource - HikariPool-1 - Start completed.
2026-07-04 21:44:21.706 [main] INFO  o.hibernate.orm.connections.pooling - HHH10001005: Database info:
	Database JDBC URL [jdbc:postgresql://localhost:55226/test?loggerLevel=OFF]
	Database driver: PostgreSQL JDBC Driver
	Database dialect: PostgreSQLDialect
	Database version: 16.14
	Default catalog/schema: test/public
	Autocommit mode: undefined/unknown
	Isolation level: READ_COMMITTED [default READ_COMMITTED]
	JDBC fetch size: none
	Pool: DataSourceConnectionProvider
	Minimum pool size: undefined/unknown
	Maximum pool size: undefined/unknown
2026-07-04 21:44:21.812 [main] INFO  o.h.e.c.i.m.AuditMetadataGenerator - Adding properties for entity: com.ermapsh.hospital.entity.PostEntity
2026-07-04 21:44:22.200 [main] INFO  org.hibernate.orm.core - HHH000489: No JTA platform available (set 'hibernate.transaction.jta.platform' to enable JTA platform integration)
2026-07-04 21:44:22.233 [main] WARN  org.hibernate.orm.jdbc.warn - HHH000247: ErrorCode: 0, SQLState: 00000
2026-07-04 21:44:22.233 [main] WARN  org.hibernate.orm.jdbc.warn - constraint "uk1t68827l97cwyxo9r1u6t4p7d" of relation "department" does not exist, skipping
2026-07-04 21:44:22.234 [main] WARN  org.hibernate.orm.jdbc.warn - HHH000247: ErrorCode: 0, SQLState: 00000
2026-07-04 21:44:22.234 [main] WARN  org.hibernate.orm.jdbc.warn - constraint "ukkkp33svgs69x9xgcgl55rk5sp" of relation "department" does not exist, skipping
2026-07-04 21:44:22.235 [main] WARN  org.hibernate.orm.jdbc.warn - HHH000247: ErrorCode: 0, SQLState: 00000
2026-07-04 21:44:22.235 [main] WARN  org.hibernate.orm.jdbc.warn - constraint "uk2o0gkfbstwhhtknwdle80icm" of relation "doctor" does not exist, skipping
2026-07-04 21:44:22.236 [main] WARN  org.hibernate.orm.jdbc.warn - HHH000247: ErrorCode: 0, SQLState: 00000
2026-07-04 21:44:22.236 [main] WARN  org.hibernate.orm.jdbc.warn - constraint "uk7rbxwbe5osbdxdxv1nx6xp5q4" of relation "insurance" does not exist, skipping
2026-07-04 21:44:22.238 [main] WARN  org.hibernate.orm.jdbc.warn - HHH000247: ErrorCode: 0, SQLState: 00000
2026-07-04 21:44:22.238 [main] WARN  org.hibernate.orm.jdbc.warn - constraint "unique_patient_name_dob" of relation "patient" does not exist, skipping
2026-07-04 21:44:22.239 [main] WARN  org.hibernate.orm.jdbc.warn - HHH000247: ErrorCode: 0, SQLState: 00000
2026-07-04 21:44:22.239 [main] WARN  org.hibernate.orm.jdbc.warn - constraint "ukmrjnos83qfuhf1o7sivv5ws5q" of relation "patient" does not exist, skipping
2026-07-04 21:44:22.239 [main] WARN  org.hibernate.orm.jdbc.warn - HHH000247: ErrorCode: 0, SQLState: 00000
2026-07-04 21:44:22.240 [main] WARN  org.hibernate.orm.jdbc.warn - constraint "ukqfqu3sawio9crosjondpnadot" of relation "patient" does not exist, skipping
2026-07-04 21:44:22.240 [main] WARN  org.hibernate.orm.jdbc.warn - HHH000247: ErrorCode: 0, SQLState: 00000
2026-07-04 21:44:22.240 [main] WARN  org.hibernate.orm.jdbc.warn - constraint "uk6dotkott2kjsp8vw4d0m25fb7" of relation "users" does not exist, skipping
2026-07-04 21:44:22.250 [main] INFO  o.s.o.j.LocalContainerEntityManagerFactoryBean - Initialized JPA EntityManagerFactory for persistence unit 'default'
2026-07-04 21:44:22.280 [main] INFO  o.s.d.j.r.q.QueryEnhancerFactories - Hibernate is in classpath; If applicable, HQL parser will be used.
2026-07-04 21:44:22.356 [main] INFO  o.s.s.c.a.a.c.InitializeUserDetailsBeanManagerConfigurer$InitializeUserDetailsManagerConfigurer - Global AuthenticationManager configured with UserDetailsService bean with name userService
2026-07-04 21:44:22.864 [main] WARN  o.s.b.j.a.JpaBaseConfiguration$JpaWebConfiguration - spring.jpa.open-in-view is enabled by default. Therefore, database queries may be performed during view rendering. Explicitly configure spring.jpa.open-in-view to disable this warning
2026-07-04 21:44:23.157 [main] INFO  o.s.b.t.m.w.SpringBootMockServletContext - Initializing Spring TestDispatcherServlet ''
2026-07-04 21:44:23.158 [main] INFO  o.s.t.w.s.TestDispatcherServlet - Initializing Servlet ''
2026-07-04 21:44:23.161 [main] INFO  o.s.b.a.e.web.EndpointLinksResolver - Exposing 13 endpoints beneath base path '/actuator'
2026-07-04 21:44:23.166 [main] INFO  o.s.t.w.s.TestDispatcherServlet - Completed initialization in 8 ms
2026-07-04 21:44:23.211 [main] INFO  c.e.h.c.AuthControllerTestIT - Started AuthControllerTestIT in 4.04 seconds (process running for 4.51)
2026-07-04 21:44:23.663 [main] WARN  o.s.s.c.bcrypt.BCryptPasswordEncoder - Encoded password does not look like BCrypt
2026-07-04 21:44:23.678 [main] ERROR o.s.t.w.r.server.ExchangeResult - Request details for assertion failure:

> POST /auth/login
> WebTestClient-Request-Id: [1]
> Content-Type: [application/json]
> Content-Length: [60]

{"email":"maheshmestri@gmail.com","password":"Mahesh@12345"}

< 401 UNAUTHORIZED Unauthorized
< Content-Type: [application/json]

{"error":"Unauthorized","message":"Bad credentials","timestamp":"2026-07-04T21:44:23.665141","status":401}

======================  MockMvc (Server) ===============================

MockHttpServletRequest:
      HTTP Method = POST
      Request URI = /auth/login
       Parameters = {}
          Headers = [WebTestClient-Request-Id:"1", Content-Type:"application/json", Content-Length:"60"]
             Body = <no character encoding set>
    Session Attrs = {}

Handler:
             Type = com.ermapsh.hospital.controller.AuthController
           Method = com.ermapsh.hospital.controller.AuthController#login(LoginDto)

Async:
    Async started = false
     Async result = null

Resolved Exception:
             Type = org.springframework.security.authentication.BadCredentialsException

ModelAndView:
        View name = null
             View = null
            Model = null

FlashMap:
       Attributes = null

MockHttpServletResponse:
           Status = 401
    Error message = null
          Headers = [Content-Type:"application/json"]
     Content type = application/json
             Body = {"error":"Unauthorized","message":"Bad credentials","timestamp":"2026-07-04T21:44:23.665141","status":401}
    Forwarded URL = null
   Redirected URL = null
          Cookies = []


2026-07-04 21:44:23.695 [SpringApplicationShutdownHook] INFO  o.s.o.j.LocalContainerEntityManagerFactoryBean - Closing JPA EntityManagerFactory for persistence unit 'default'
2026-07-04 21:44:23.696 [SpringApplicationShutdownHook] INFO  com.zaxxer.hikari.HikariDataSource - HikariPool-1 - Shutdown initiated...
2026-07-04 21:44:23.697 [SpringApplicationShutdownHook] INFO  com.zaxxer.hikari.HikariDataSource - HikariPool-1 - Shutdown completed.
2026-07-04 21:46:46.790 [main] INFO  c.e.h.c.AuthControllerTestIT - Starting AuthControllerTestIT using Java 25.0.1 with PID 96457 (started by ermapsh in /Users/ermapsh/Devlopement/project/backend/hospital)
2026-07-04 21:46:46.791 [main] INFO  c.e.h.c.AuthControllerTestIT - No active profile set, falling back to 1 default profile: "default"
2026-07-04 21:46:46.865 [background-preinit] INFO  o.h.validator.internal.util.Version - HV000001: Hibernate Validator 9.0.1.Final
2026-07-04 21:46:47.115 [main] INFO  o.s.d.r.c.RepositoryConfigurationDelegate - Bootstrapping Spring Data JPA repositories in DEFAULT mode.
2026-07-04 21:46:47.170 [main] INFO  o.s.d.r.c.RepositoryConfigurationDelegate - Finished Spring Data repository scanning in 51 ms. Found 8 JPA repository interfaces.
2026-07-04 21:46:47.362 [main] INFO  o.testcontainers.images.PullPolicy - Image pull policy will be performed by: DefaultPullPolicy()
2026-07-04 21:46:47.363 [main] INFO  o.t.utility.ImageNameSubstitutor - Image name substitution will be performed by: DefaultImageNameSubstitutor (composite of 'ConfigurationFileImageNameSubstitutor' and 'PrefixingImageNameSubstitutor')
2026-07-04 21:46:47.371 [main] INFO  o.testcontainers.DockerClientFactory - Testcontainers version: 2.0.4
2026-07-04 21:46:47.457 [main] INFO  o.t.d.DockerClientProviderStrategy - Loaded org.testcontainers.dockerclient.UnixSocketClientProviderStrategy from ~/.testcontainers.properties, will try it first
2026-07-04 21:46:47.633 [main] INFO  o.t.d.DockerClientProviderStrategy - Found Docker environment with local Unix socket (unix:///var/run/docker.sock)
2026-07-04 21:46:47.634 [main] INFO  o.testcontainers.DockerClientFactory - Docker host IP address is localhost
2026-07-04 21:46:47.651 [main] INFO  o.testcontainers.DockerClientFactory - Connected to docker: 
  Server Version: 29.6.1
  API Version: 1.55
  Operating System: Docker Desktop
  Total Memory: 7936 MB
  Labels: 
    com.docker.desktop.address=unix:///Users/ermapsh/Library/Containers/com.docker.docker/Data/docker-cli.sock
2026-07-04 21:46:47.689 [main] INFO  tc.testcontainers/ryuk:0.14.0 - Creating container for image: testcontainers/ryuk:0.14.0
2026-07-04 21:46:47.860 [main] INFO  tc.testcontainers/ryuk:0.14.0 - Container testcontainers/ryuk:0.14.0 is starting: a1852e933d7c13e957d31918933f9671b4be4a87ac84d428bd780ab20d7208d4
2026-07-04 21:46:48.048 [main] INFO  tc.testcontainers/ryuk:0.14.0 - Container testcontainers/ryuk:0.14.0 started in PT0.359256S
2026-07-04 21:46:48.051 [main] INFO  o.t.utility.RyukResourceReaper - Ryuk started - will monitor and terminate Testcontainers containers on JVM exit
2026-07-04 21:46:48.051 [main] INFO  o.testcontainers.DockerClientFactory - Checking the system...
2026-07-04 21:46:48.051 [main] INFO  o.testcontainers.DockerClientFactory - ✔︎ Docker server version should be at least 1.6.0
2026-07-04 21:46:48.051 [main] INFO  tc.postgres:16 - Creating container for image: postgres:16
2026-07-04 21:46:48.076 [main] INFO  tc.postgres:16 - Container postgres:16 is starting: 2c6dcd8cc7d5d59b50baa57e83b2a1d3096ea9abba6a9cf587d67136d4aacf2e
2026-07-04 21:46:48.727 [main] INFO  tc.postgres:16 - Container postgres:16 started in PT0.675532S
2026-07-04 21:46:48.727 [main] INFO  tc.postgres:16 - Container is started (JDBC URL: jdbc:postgresql://localhost:55275/test?loggerLevel=OFF)
2026-07-04 21:46:48.798 [main] INFO  org.hibernate.orm.jpa - HHH008540: Processing PersistenceUnitInfo [name: default]
2026-07-04 21:46:48.822 [main] INFO  org.hibernate.orm.core - HHH000001: Hibernate ORM core version 7.2.7.Final
2026-07-04 21:46:48.917 [main] INFO  o.h.e.b.internal.EnversServiceImpl - Envers integration enabled? : true
2026-07-04 21:46:49.002 [main] INFO  o.s.o.j.p.SpringPersistenceUnitInfo - No LoadTimeWeaver setup: ignoring JPA class transformer
2026-07-04 21:46:49.014 [main] INFO  com.zaxxer.hikari.HikariDataSource - HikariPool-1 - Starting...
2026-07-04 21:46:49.079 [main] INFO  com.zaxxer.hikari.pool.HikariPool - HikariPool-1 - Added connection org.postgresql.jdbc.PgConnection@5f84e764
2026-07-04 21:46:49.080 [main] INFO  com.zaxxer.hikari.HikariDataSource - HikariPool-1 - Start completed.
2026-07-04 21:46:49.105 [main] INFO  o.hibernate.orm.connections.pooling - HHH10001005: Database info:
	Database JDBC URL [jdbc:postgresql://localhost:55275/test?loggerLevel=OFF]
	Database driver: PostgreSQL JDBC Driver
	Database dialect: PostgreSQLDialect
	Database version: 16.14
	Default catalog/schema: test/public
	Autocommit mode: undefined/unknown
	Isolation level: READ_COMMITTED [default READ_COMMITTED]
	JDBC fetch size: none
	Pool: DataSourceConnectionProvider
	Minimum pool size: undefined/unknown
	Maximum pool size: undefined/unknown
2026-07-04 21:46:49.196 [main] INFO  o.h.e.c.i.m.AuditMetadataGenerator - Adding properties for entity: com.ermapsh.hospital.entity.PostEntity
2026-07-04 21:46:49.590 [main] INFO  org.hibernate.orm.core - HHH000489: No JTA platform available (set 'hibernate.transaction.jta.platform' to enable JTA platform integration)
2026-07-04 21:46:49.627 [main] WARN  org.hibernate.orm.jdbc.warn - HHH000247: ErrorCode: 0, SQLState: 00000
2026-07-04 21:46:49.627 [main] WARN  org.hibernate.orm.jdbc.warn - constraint "uk1t68827l97cwyxo9r1u6t4p7d" of relation "department" does not exist, skipping
2026-07-04 21:46:49.628 [main] WARN  org.hibernate.orm.jdbc.warn - HHH000247: ErrorCode: 0, SQLState: 00000
2026-07-04 21:46:49.628 [main] WARN  org.hibernate.orm.jdbc.warn - constraint "ukkkp33svgs69x9xgcgl55rk5sp" of relation "department" does not exist, skipping
2026-07-04 21:46:49.629 [main] WARN  org.hibernate.orm.jdbc.warn - HHH000247: ErrorCode: 0, SQLState: 00000
2026-07-04 21:46:49.629 [main] WARN  org.hibernate.orm.jdbc.warn - constraint "uk2o0gkfbstwhhtknwdle80icm" of relation "doctor" does not exist, skipping
2026-07-04 21:46:49.630 [main] WARN  org.hibernate.orm.jdbc.warn - HHH000247: ErrorCode: 0, SQLState: 00000
2026-07-04 21:46:49.630 [main] WARN  org.hibernate.orm.jdbc.warn - constraint "uk7rbxwbe5osbdxdxv1nx6xp5q4" of relation "insurance" does not exist, skipping
2026-07-04 21:46:49.632 [main] WARN  org.hibernate.orm.jdbc.warn - HHH000247: ErrorCode: 0, SQLState: 00000
2026-07-04 21:46:49.632 [main] WARN  org.hibernate.orm.jdbc.warn - constraint "unique_patient_name_dob" of relation "patient" does not exist, skipping
2026-07-04 21:46:49.633 [main] WARN  org.hibernate.orm.jdbc.warn - HHH000247: ErrorCode: 0, SQLState: 00000
2026-07-04 21:46:49.633 [main] WARN  org.hibernate.orm.jdbc.warn - constraint "ukmrjnos83qfuhf1o7sivv5ws5q" of relation "patient" does not exist, skipping
2026-07-04 21:46:49.634 [main] WARN  org.hibernate.orm.jdbc.warn - HHH000247: ErrorCode: 0, SQLState: 00000
2026-07-04 21:46:49.634 [main] WARN  org.hibernate.orm.jdbc.warn - constraint "ukqfqu3sawio9crosjondpnadot" of relation "patient" does not exist, skipping
2026-07-04 21:46:49.635 [main] WARN  org.hibernate.orm.jdbc.warn - HHH000247: ErrorCode: 0, SQLState: 00000
2026-07-04 21:46:49.635 [main] WARN  org.hibernate.orm.jdbc.warn - constraint "uk6dotkott2kjsp8vw4d0m25fb7" of relation "users" does not exist, skipping
2026-07-04 21:46:49.646 [main] INFO  o.s.o.j.LocalContainerEntityManagerFactoryBean - Initialized JPA EntityManagerFactory for persistence unit 'default'
2026-07-04 21:46:49.676 [main] INFO  o.s.d.j.r.q.QueryEnhancerFactories - Hibernate is in classpath; If applicable, HQL parser will be used.
2026-07-04 21:46:49.763 [main] INFO  o.s.s.c.a.a.c.InitializeUserDetailsBeanManagerConfigurer$InitializeUserDetailsManagerConfigurer - Global AuthenticationManager configured with UserDetailsService bean with name userService
2026-07-04 21:46:50.204 [main] WARN  o.s.b.j.a.JpaBaseConfiguration$JpaWebConfiguration - spring.jpa.open-in-view is enabled by default. Therefore, database queries may be performed during view rendering. Explicitly configure spring.jpa.open-in-view to disable this warning
2026-07-04 21:46:50.495 [main] INFO  o.s.b.t.m.w.SpringBootMockServletContext - Initializing Spring TestDispatcherServlet ''
2026-07-04 21:46:50.495 [main] INFO  o.s.t.w.s.TestDispatcherServlet - Initializing Servlet ''
2026-07-04 21:46:50.498 [main] INFO  o.s.b.a.e.web.EndpointLinksResolver - Exposing 13 endpoints beneath base path '/actuator'
2026-07-04 21:46:50.503 [main] INFO  o.s.t.w.s.TestDispatcherServlet - Completed initialization in 8 ms
2026-07-04 21:46:50.548 [main] INFO  c.e.h.c.AuthControllerTestIT - Started AuthControllerTestIT in 3.91 seconds (process running for 4.396)
2026-07-04 21:46:50.815 [SpringApplicationShutdownHook] INFO  o.s.o.j.LocalContainerEntityManagerFactoryBean - Closing JPA EntityManagerFactory for persistence unit 'default'
2026-07-04 21:46:50.816 [SpringApplicationShutdownHook] INFO  com.zaxxer.hikari.HikariDataSource - HikariPool-1 - Shutdown initiated...
2026-07-04 21:46:50.817 [SpringApplicationShutdownHook] INFO  com.zaxxer.hikari.HikariDataSource - HikariPool-1 - Shutdown completed.
2026-07-04 21:47:13.268 [main] INFO  c.e.h.c.AuthControllerTestIT - Starting AuthControllerTestIT using Java 25.0.1 with PID 96474 (started by ermapsh in /Users/ermapsh/Devlopement/project/backend/hospital)
2026-07-04 21:47:13.269 [main] INFO  c.e.h.c.AuthControllerTestIT - No active profile set, falling back to 1 default profile: "default"
2026-07-04 21:47:13.337 [background-preinit] INFO  o.h.validator.internal.util.Version - HV000001: Hibernate Validator 9.0.1.Final
2026-07-04 21:47:13.592 [main] INFO  o.s.d.r.c.RepositoryConfigurationDelegate - Bootstrapping Spring Data JPA repositories in DEFAULT mode.
2026-07-04 21:47:13.650 [main] INFO  o.s.d.r.c.RepositoryConfigurationDelegate - Finished Spring Data repository scanning in 54 ms. Found 8 JPA repository interfaces.
2026-07-04 21:47:13.845 [main] INFO  o.testcontainers.images.PullPolicy - Image pull policy will be performed by: DefaultPullPolicy()
2026-07-04 21:47:13.845 [main] INFO  o.t.utility.ImageNameSubstitutor - Image name substitution will be performed by: DefaultImageNameSubstitutor (composite of 'ConfigurationFileImageNameSubstitutor' and 'PrefixingImageNameSubstitutor')
2026-07-04 21:47:13.853 [main] INFO  o.testcontainers.DockerClientFactory - Testcontainers version: 2.0.4
2026-07-04 21:47:13.929 [main] INFO  o.t.d.DockerClientProviderStrategy - Loaded org.testcontainers.dockerclient.UnixSocketClientProviderStrategy from ~/.testcontainers.properties, will try it first
2026-07-04 21:47:14.089 [main] INFO  o.t.d.DockerClientProviderStrategy - Found Docker environment with local Unix socket (unix:///var/run/docker.sock)
2026-07-04 21:47:14.090 [main] INFO  o.testcontainers.DockerClientFactory - Docker host IP address is localhost
2026-07-04 21:47:14.100 [main] INFO  o.testcontainers.DockerClientFactory - Connected to docker: 
  Server Version: 29.6.1
  API Version: 1.55
  Operating System: Docker Desktop
  Total Memory: 7936 MB
  Labels: 
    com.docker.desktop.address=unix:///Users/ermapsh/Library/Containers/com.docker.docker/Data/docker-cli.sock
2026-07-04 21:47:14.142 [main] INFO  tc.testcontainers/ryuk:0.14.0 - Creating container for image: testcontainers/ryuk:0.14.0
2026-07-04 21:47:14.288 [main] INFO  tc.testcontainers/ryuk:0.14.0 - Container testcontainers/ryuk:0.14.0 is starting: 9c74526ea14770b13aa199354e2be0c6a118804b280370ab6a2c83c551a92a26
2026-07-04 21:47:14.441 [main] INFO  tc.testcontainers/ryuk:0.14.0 - Container testcontainers/ryuk:0.14.0 started in PT0.299407S
2026-07-04 21:47:14.444 [main] INFO  o.t.utility.RyukResourceReaper - Ryuk started - will monitor and terminate Testcontainers containers on JVM exit
2026-07-04 21:47:14.444 [main] INFO  o.testcontainers.DockerClientFactory - Checking the system...
2026-07-04 21:47:14.444 [main] INFO  o.testcontainers.DockerClientFactory - ✔︎ Docker server version should be at least 1.6.0
2026-07-04 21:47:14.444 [main] INFO  tc.postgres:16 - Creating container for image: postgres:16
2026-07-04 21:47:14.466 [main] INFO  tc.postgres:16 - Container postgres:16 is starting: cb4c8ab8459cfacee7469ddf071002ff23cd335d709ef11e396fd9325ec6eefb
2026-07-04 21:47:15.022 [main] INFO  tc.postgres:16 - Container postgres:16 started in PT0.577784S
2026-07-04 21:47:15.023 [main] INFO  tc.postgres:16 - Container is started (JDBC URL: jdbc:postgresql://localhost:55298/test?loggerLevel=OFF)
2026-07-04 21:47:15.091 [main] INFO  org.hibernate.orm.jpa - HHH008540: Processing PersistenceUnitInfo [name: default]
2026-07-04 21:47:15.114 [main] INFO  org.hibernate.orm.core - HHH000001: Hibernate ORM core version 7.2.7.Final
2026-07-04 21:47:15.201 [main] INFO  o.h.e.b.internal.EnversServiceImpl - Envers integration enabled? : true
2026-07-04 21:47:15.270 [main] INFO  o.s.o.j.p.SpringPersistenceUnitInfo - No LoadTimeWeaver setup: ignoring JPA class transformer
2026-07-04 21:47:15.282 [main] INFO  com.zaxxer.hikari.HikariDataSource - HikariPool-1 - Starting...
2026-07-04 21:47:15.349 [main] INFO  com.zaxxer.hikari.pool.HikariPool - HikariPool-1 - Added connection org.postgresql.jdbc.PgConnection@49ed3b76
2026-07-04 21:47:15.350 [main] INFO  com.zaxxer.hikari.HikariDataSource - HikariPool-1 - Start completed.
2026-07-04 21:47:15.380 [main] INFO  o.hibernate.orm.connections.pooling - HHH10001005: Database info:
	Database JDBC URL [jdbc:postgresql://localhost:55298/test?loggerLevel=OFF]
	Database driver: PostgreSQL JDBC Driver
	Database dialect: PostgreSQLDialect
	Database version: 16.14
	Default catalog/schema: test/public
	Autocommit mode: undefined/unknown
	Isolation level: READ_COMMITTED [default READ_COMMITTED]
	JDBC fetch size: none
	Pool: DataSourceConnectionProvider
	Minimum pool size: undefined/unknown
	Maximum pool size: undefined/unknown
2026-07-04 21:47:15.482 [main] INFO  o.h.e.c.i.m.AuditMetadataGenerator - Adding properties for entity: com.ermapsh.hospital.entity.PostEntity
2026-07-04 21:47:15.918 [main] INFO  org.hibernate.orm.core - HHH000489: No JTA platform available (set 'hibernate.transaction.jta.platform' to enable JTA platform integration)
2026-07-04 21:47:15.952 [main] WARN  org.hibernate.orm.jdbc.warn - HHH000247: ErrorCode: 0, SQLState: 00000
2026-07-04 21:47:15.952 [main] WARN  org.hibernate.orm.jdbc.warn - constraint "uk1t68827l97cwyxo9r1u6t4p7d" of relation "department" does not exist, skipping
2026-07-04 21:47:15.953 [main] WARN  org.hibernate.orm.jdbc.warn - HHH000247: ErrorCode: 0, SQLState: 00000
2026-07-04 21:47:15.953 [main] WARN  org.hibernate.orm.jdbc.warn - constraint "ukkkp33svgs69x9xgcgl55rk5sp" of relation "department" does not exist, skipping
2026-07-04 21:47:15.954 [main] WARN  org.hibernate.orm.jdbc.warn - HHH000247: ErrorCode: 0, SQLState: 00000
2026-07-04 21:47:15.954 [main] WARN  org.hibernate.orm.jdbc.warn - constraint "uk2o0gkfbstwhhtknwdle80icm" of relation "doctor" does not exist, skipping
2026-07-04 21:47:15.955 [main] WARN  org.hibernate.orm.jdbc.warn - HHH000247: ErrorCode: 0, SQLState: 00000
2026-07-04 21:47:15.955 [main] WARN  org.hibernate.orm.jdbc.warn - constraint "uk7rbxwbe5osbdxdxv1nx6xp5q4" of relation "insurance" does not exist, skipping
2026-07-04 21:47:15.956 [main] WARN  org.hibernate.orm.jdbc.warn - HHH000247: ErrorCode: 0, SQLState: 00000
2026-07-04 21:47:15.956 [main] WARN  org.hibernate.orm.jdbc.warn - constraint "unique_patient_name_dob" of relation "patient" does not exist, skipping
2026-07-04 21:47:15.957 [main] WARN  org.hibernate.orm.jdbc.warn - HHH000247: ErrorCode: 0, SQLState: 00000
2026-07-04 21:47:15.957 [main] WARN  org.hibernate.orm.jdbc.warn - constraint "ukmrjnos83qfuhf1o7sivv5ws5q" of relation "patient" does not exist, skipping
2026-07-04 21:47:15.958 [main] WARN  org.hibernate.orm.jdbc.warn - HHH000247: ErrorCode: 0, SQLState: 00000
2026-07-04 21:47:15.958 [main] WARN  org.hibernate.orm.jdbc.warn - constraint "ukqfqu3sawio9crosjondpnadot" of relation "patient" does not exist, skipping
2026-07-04 21:47:15.959 [main] WARN  org.hibernate.orm.jdbc.warn - HHH000247: ErrorCode: 0, SQLState: 00000
2026-07-04 21:47:15.959 [main] WARN  org.hibernate.orm.jdbc.warn - constraint "uk6dotkott2kjsp8vw4d0m25fb7" of relation "users" does not exist, skipping
2026-07-04 21:47:15.969 [main] INFO  o.s.o.j.LocalContainerEntityManagerFactoryBean - Initialized JPA EntityManagerFactory for persistence unit 'default'
2026-07-04 21:47:15.998 [main] INFO  o.s.d.j.r.q.QueryEnhancerFactories - Hibernate is in classpath; If applicable, HQL parser will be used.
2026-07-04 21:47:16.078 [main] INFO  o.s.s.c.a.a.c.InitializeUserDetailsBeanManagerConfigurer$InitializeUserDetailsManagerConfigurer - Global AuthenticationManager configured with UserDetailsService bean with name userService
2026-07-04 21:47:16.548 [main] WARN  o.s.b.j.a.JpaBaseConfiguration$JpaWebConfiguration - spring.jpa.open-in-view is enabled by default. Therefore, database queries may be performed during view rendering. Explicitly configure spring.jpa.open-in-view to disable this warning
2026-07-04 21:47:16.861 [main] INFO  o.s.b.t.m.w.SpringBootMockServletContext - Initializing Spring TestDispatcherServlet ''
2026-07-04 21:47:16.862 [main] INFO  o.s.t.w.s.TestDispatcherServlet - Initializing Servlet ''
2026-07-04 21:47:16.865 [main] INFO  o.s.b.a.e.web.EndpointLinksResolver - Exposing 13 endpoints beneath base path '/actuator'
2026-07-04 21:47:16.871 [main] INFO  o.s.t.w.s.TestDispatcherServlet - Completed initialization in 9 ms
2026-07-04 21:47:16.918 [main] INFO  c.e.h.c.AuthControllerTestIT - Started AuthControllerTestIT in 3.794 seconds (process running for 4.25)
2026-07-04 21:47:17.421 [main] WARN  o.s.s.c.bcrypt.BCryptPasswordEncoder - Encoded password does not look like BCrypt
2026-07-04 21:47:17.437 [main] ERROR o.s.t.w.r.server.ExchangeResult - Request details for assertion failure:

> POST /auth/login
> WebTestClient-Request-Id: [1]
> Content-Type: [application/json]
> Content-Length: [108]

{"email":"maheshmestri@gmail.com","password":"$2a$10$K0D10uOFbAQfUBsPdx8spuy1BcFqEW4yCDJ3aQqQYQbs3WhleXo82"}

< 401 UNAUTHORIZED Unauthorized
< Content-Type: [application/json]

{"status":401,"error":"Unauthorized","message":"Bad credentials","timestamp":"2026-07-04T21:47:17.422819"}

======================  MockMvc (Server) ===============================

MockHttpServletRequest:
      HTTP Method = POST
      Request URI = /auth/login
       Parameters = {}
          Headers = [WebTestClient-Request-Id:"1", Content-Type:"application/json", Content-Length:"108"]
             Body = <no character encoding set>
    Session Attrs = {}

Handler:
             Type = com.ermapsh.hospital.controller.AuthController
           Method = com.ermapsh.hospital.controller.AuthController#login(LoginDto)

Async:
    Async started = false
     Async result = null

Resolved Exception:
             Type = org.springframework.security.authentication.BadCredentialsException

ModelAndView:
        View name = null
             View = null
            Model = null

FlashMap:
       Attributes = null

MockHttpServletResponse:
           Status = 401
    Error message = null
          Headers = [Content-Type:"application/json"]
     Content type = application/json
             Body = {"status":401,"error":"Unauthorized","message":"Bad credentials","timestamp":"2026-07-04T21:47:17.422819"}
    Forwarded URL = null
   Redirected URL = null
          Cookies = []


2026-07-04 21:47:17.453 [SpringApplicationShutdownHook] INFO  o.s.o.j.LocalContainerEntityManagerFactoryBean - Closing JPA EntityManagerFactory for persistence unit 'default'
2026-07-04 21:47:17.454 [SpringApplicationShutdownHook] INFO  com.zaxxer.hikari.HikariDataSource - HikariPool-1 - Shutdown initiated...
2026-07-04 21:47:17.456 [SpringApplicationShutdownHook] INFO  com.zaxxer.hikari.HikariDataSource - HikariPool-1 - Shutdown completed.
2026-07-04 21:48:04.789 [main] INFO  c.e.h.c.AuthControllerTestIT - Starting AuthControllerTestIT using Java 25.0.1 with PID 96525 (started by ermapsh in /Users/ermapsh/Devlopement/project/backend/hospital)
2026-07-04 21:48:04.789 [main] INFO  c.e.h.c.AuthControllerTestIT - No active profile set, falling back to 1 default profile: "default"
2026-07-04 21:48:04.860 [background-preinit] INFO  o.h.validator.internal.util.Version - HV000001: Hibernate Validator 9.0.1.Final
2026-07-04 21:48:05.107 [main] INFO  o.s.d.r.c.RepositoryConfigurationDelegate - Bootstrapping Spring Data JPA repositories in DEFAULT mode.
2026-07-04 21:48:05.163 [main] INFO  o.s.d.r.c.RepositoryConfigurationDelegate - Finished Spring Data repository scanning in 52 ms. Found 8 JPA repository interfaces.
2026-07-04 21:48:05.353 [main] INFO  o.testcontainers.images.PullPolicy - Image pull policy will be performed by: DefaultPullPolicy()
2026-07-04 21:48:05.354 [main] INFO  o.t.utility.ImageNameSubstitutor - Image name substitution will be performed by: DefaultImageNameSubstitutor (composite of 'ConfigurationFileImageNameSubstitutor' and 'PrefixingImageNameSubstitutor')
2026-07-04 21:48:05.362 [main] INFO  o.testcontainers.DockerClientFactory - Testcontainers version: 2.0.4
2026-07-04 21:48:05.439 [main] INFO  o.t.d.DockerClientProviderStrategy - Loaded org.testcontainers.dockerclient.UnixSocketClientProviderStrategy from ~/.testcontainers.properties, will try it first
2026-07-04 21:48:05.607 [main] INFO  o.t.d.DockerClientProviderStrategy - Found Docker environment with local Unix socket (unix:///var/run/docker.sock)
2026-07-04 21:48:05.608 [main] INFO  o.testcontainers.DockerClientFactory - Docker host IP address is localhost
2026-07-04 21:48:05.619 [main] INFO  o.testcontainers.DockerClientFactory - Connected to docker: 
  Server Version: 29.6.1
  API Version: 1.55
  Operating System: Docker Desktop
  Total Memory: 7936 MB
  Labels: 
    com.docker.desktop.address=unix:///Users/ermapsh/Library/Containers/com.docker.docker/Data/docker-cli.sock
2026-07-04 21:48:05.672 [main] INFO  tc.testcontainers/ryuk:0.14.0 - Creating container for image: testcontainers/ryuk:0.14.0
2026-07-04 21:48:05.824 [main] INFO  tc.testcontainers/ryuk:0.14.0 - Container testcontainers/ryuk:0.14.0 is starting: 14e0d47ad0d7c9775ee5eec6acbc8a1f5ad5e15b22079aaddf06877736a60172
2026-07-04 21:48:05.982 [main] INFO  tc.testcontainers/ryuk:0.14.0 - Container testcontainers/ryuk:0.14.0 started in PT0.309837S
2026-07-04 21:48:05.984 [main] INFO  o.t.utility.RyukResourceReaper - Ryuk started - will monitor and terminate Testcontainers containers on JVM exit
2026-07-04 21:48:05.984 [main] INFO  o.testcontainers.DockerClientFactory - Checking the system...
2026-07-04 21:48:05.984 [main] INFO  o.testcontainers.DockerClientFactory - ✔︎ Docker server version should be at least 1.6.0
2026-07-04 21:48:05.984 [main] INFO  tc.postgres:16 - Creating container for image: postgres:16
2026-07-04 21:48:06.009 [main] INFO  tc.postgres:16 - Container postgres:16 is starting: 53929ea168771ca92f619b4e0b1b02584d02aadc071382e3abc3d44ea47b209f
2026-07-04 21:48:06.627 [main] INFO  tc.postgres:16 - Container postgres:16 started in PT0.642159S
2026-07-04 21:48:06.627 [main] INFO  tc.postgres:16 - Container is started (JDBC URL: jdbc:postgresql://localhost:55325/test?loggerLevel=OFF)
2026-07-04 21:48:06.694 [main] INFO  org.hibernate.orm.jpa - HHH008540: Processing PersistenceUnitInfo [name: default]
2026-07-04 21:48:06.716 [main] INFO  org.hibernate.orm.core - HHH000001: Hibernate ORM core version 7.2.7.Final
2026-07-04 21:48:06.805 [main] INFO  o.h.e.b.internal.EnversServiceImpl - Envers integration enabled? : true
2026-07-04 21:48:06.873 [main] INFO  o.s.o.j.p.SpringPersistenceUnitInfo - No LoadTimeWeaver setup: ignoring JPA class transformer
2026-07-04 21:48:06.884 [main] INFO  com.zaxxer.hikari.HikariDataSource - HikariPool-1 - Starting...
2026-07-04 21:48:06.948 [main] INFO  com.zaxxer.hikari.pool.HikariPool - HikariPool-1 - Added connection org.postgresql.jdbc.PgConnection@14c06f50
2026-07-04 21:48:06.948 [main] INFO  com.zaxxer.hikari.HikariDataSource - HikariPool-1 - Start completed.
2026-07-04 21:48:06.974 [main] INFO  o.hibernate.orm.connections.pooling - HHH10001005: Database info:
	Database JDBC URL [jdbc:postgresql://localhost:55325/test?loggerLevel=OFF]
	Database driver: PostgreSQL JDBC Driver
	Database dialect: PostgreSQLDialect
	Database version: 16.14
	Default catalog/schema: test/public
	Autocommit mode: undefined/unknown
	Isolation level: READ_COMMITTED [default READ_COMMITTED]
	JDBC fetch size: none
	Pool: DataSourceConnectionProvider
	Minimum pool size: undefined/unknown
	Maximum pool size: undefined/unknown
2026-07-04 21:48:07.063 [main] INFO  o.h.e.c.i.m.AuditMetadataGenerator - Adding properties for entity: com.ermapsh.hospital.entity.PostEntity
2026-07-04 21:48:07.460 [main] INFO  org.hibernate.orm.core - HHH000489: No JTA platform available (set 'hibernate.transaction.jta.platform' to enable JTA platform integration)
2026-07-04 21:48:07.495 [main] WARN  org.hibernate.orm.jdbc.warn - HHH000247: ErrorCode: 0, SQLState: 00000
2026-07-04 21:48:07.495 [main] WARN  org.hibernate.orm.jdbc.warn - constraint "uk1t68827l97cwyxo9r1u6t4p7d" of relation "department" does not exist, skipping
2026-07-04 21:48:07.496 [main] WARN  org.hibernate.orm.jdbc.warn - HHH000247: ErrorCode: 0, SQLState: 00000
2026-07-04 21:48:07.496 [main] WARN  org.hibernate.orm.jdbc.warn - constraint "ukkkp33svgs69x9xgcgl55rk5sp" of relation "department" does not exist, skipping
2026-07-04 21:48:07.497 [main] WARN  org.hibernate.orm.jdbc.warn - HHH000247: ErrorCode: 0, SQLState: 00000
2026-07-04 21:48:07.497 [main] WARN  org.hibernate.orm.jdbc.warn - constraint "uk2o0gkfbstwhhtknwdle80icm" of relation "doctor" does not exist, skipping
2026-07-04 21:48:07.498 [main] WARN  org.hibernate.orm.jdbc.warn - HHH000247: ErrorCode: 0, SQLState: 00000
2026-07-04 21:48:07.498 [main] WARN  org.hibernate.orm.jdbc.warn - constraint "uk7rbxwbe5osbdxdxv1nx6xp5q4" of relation "insurance" does not exist, skipping
2026-07-04 21:48:07.500 [main] WARN  org.hibernate.orm.jdbc.warn - HHH000247: ErrorCode: 0, SQLState: 00000
2026-07-04 21:48:07.500 [main] WARN  org.hibernate.orm.jdbc.warn - constraint "unique_patient_name_dob" of relation "patient" does not exist, skipping
2026-07-04 21:48:07.501 [main] WARN  org.hibernate.orm.jdbc.warn - HHH000247: ErrorCode: 0, SQLState: 00000
2026-07-04 21:48:07.501 [main] WARN  org.hibernate.orm.jdbc.warn - constraint "ukmrjnos83qfuhf1o7sivv5ws5q" of relation "patient" does not exist, skipping
2026-07-04 21:48:07.502 [main] WARN  org.hibernate.orm.jdbc.warn - HHH000247: ErrorCode: 0, SQLState: 00000
2026-07-04 21:48:07.502 [main] WARN  org.hibernate.orm.jdbc.warn - constraint "ukqfqu3sawio9crosjondpnadot" of relation "patient" does not exist, skipping
2026-07-04 21:48:07.503 [main] WARN  org.hibernate.orm.jdbc.warn - HHH000247: ErrorCode: 0, SQLState: 00000
2026-07-04 21:48:07.503 [main] WARN  org.hibernate.orm.jdbc.warn - constraint "uk6dotkott2kjsp8vw4d0m25fb7" of relation "users" does not exist, skipping
2026-07-04 21:48:07.510 [main] INFO  o.s.o.j.LocalContainerEntityManagerFactoryBean - Initialized JPA EntityManagerFactory for persistence unit 'default'
2026-07-04 21:48:07.540 [main] INFO  o.s.d.j.r.q.QueryEnhancerFactories - Hibernate is in classpath; If applicable, HQL parser will be used.
2026-07-04 21:48:07.620 [main] INFO  o.s.s.c.a.a.c.InitializeUserDetailsBeanManagerConfigurer$InitializeUserDetailsManagerConfigurer - Global AuthenticationManager configured with UserDetailsService bean with name userService
2026-07-04 21:48:08.148 [main] WARN  o.s.b.j.a.JpaBaseConfiguration$JpaWebConfiguration - spring.jpa.open-in-view is enabled by default. Therefore, database queries may be performed during view rendering. Explicitly configure spring.jpa.open-in-view to disable this warning
2026-07-04 21:48:08.448 [main] INFO  o.s.b.t.m.w.SpringBootMockServletContext - Initializing Spring TestDispatcherServlet ''
2026-07-04 21:48:08.449 [main] INFO  o.s.t.w.s.TestDispatcherServlet - Initializing Servlet ''
2026-07-04 21:48:08.452 [main] INFO  o.s.b.a.e.web.EndpointLinksResolver - Exposing 13 endpoints beneath base path '/actuator'
2026-07-04 21:48:08.457 [main] INFO  o.s.t.w.s.TestDispatcherServlet - Completed initialization in 8 ms
2026-07-04 21:48:08.502 [main] INFO  c.e.h.c.AuthControllerTestIT - Started AuthControllerTestIT in 3.861 seconds (process running for 4.342)
2026-07-04 21:48:08.920 [main] WARN  o.s.s.c.bcrypt.BCryptPasswordEncoder - Encoded password does not look like BCrypt
2026-07-04 21:48:08.934 [main] ERROR o.s.t.w.r.server.ExchangeResult - Request details for assertion failure:

> POST /auth/login
> WebTestClient-Request-Id: [1]
> Content-Type: [application/json]
> Content-Length: [60]

{"email":"maheshmestri@gmail.com","password":"Mahesh@12345"}

< 401 UNAUTHORIZED Unauthorized
< Content-Type: [application/json]

{"timestamp":"2026-07-04T21:48:08.921596","message":"Bad credentials","error":"Unauthorized","status":401}

======================  MockMvc (Server) ===============================

MockHttpServletRequest:
      HTTP Method = POST
      Request URI = /auth/login
       Parameters = {}
          Headers = [WebTestClient-Request-Id:"1", Content-Type:"application/json", Content-Length:"60"]
             Body = <no character encoding set>
    Session Attrs = {}

Handler:
             Type = com.ermapsh.hospital.controller.AuthController
           Method = com.ermapsh.hospital.controller.AuthController#login(LoginDto)

Async:
    Async started = false
     Async result = null

Resolved Exception:
             Type = org.springframework.security.authentication.BadCredentialsException

ModelAndView:
        View name = null
             View = null
            Model = null

FlashMap:
       Attributes = null

MockHttpServletResponse:
           Status = 401
    Error message = null
          Headers = [Content-Type:"application/json"]
     Content type = application/json
             Body = {"timestamp":"2026-07-04T21:48:08.921596","message":"Bad credentials","error":"Unauthorized","status":401}
    Forwarded URL = null
   Redirected URL = null
          Cookies = []


2026-07-04 21:48:08.953 [SpringApplicationShutdownHook] INFO  o.s.o.j.LocalContainerEntityManagerFactoryBean - Closing JPA EntityManagerFactory for persistence unit 'default'
2026-07-04 21:48:08.954 [SpringApplicationShutdownHook] INFO  com.zaxxer.hikari.HikariDataSource - HikariPool-1 - Shutdown initiated...
2026-07-04 21:48:08.955 [SpringApplicationShutdownHook] INFO  com.zaxxer.hikari.HikariDataSource - HikariPool-1 - Shutdown completed.
2026-07-04 22:37:21.404 [main] INFO  c.e.h.c.AuthControllerTestIT - Starting AuthControllerTestIT using Java 25.0.1 with PID 97482 (started by ermapsh in /Users/ermapsh/Devlopement/project/backend/hospital)
2026-07-04 22:37:21.405 [main] INFO  c.e.h.c.AuthControllerTestIT - No active profile set, falling back to 1 default profile: "default"
2026-07-04 22:37:21.574 [background-preinit] INFO  o.h.validator.internal.util.Version - HV000001: Hibernate Validator 9.0.1.Final
2026-07-04 22:37:22.045 [main] INFO  o.s.d.r.c.RepositoryConfigurationDelegate - Bootstrapping Spring Data JPA repositories in DEFAULT mode.
2026-07-04 22:37:22.145 [main] INFO  o.s.d.r.c.RepositoryConfigurationDelegate - Finished Spring Data repository scanning in 93 ms. Found 8 JPA repository interfaces.
2026-07-04 22:37:22.566 [main] INFO  o.testcontainers.images.PullPolicy - Image pull policy will be performed by: DefaultPullPolicy()
2026-07-04 22:37:22.567 [main] INFO  o.t.utility.ImageNameSubstitutor - Image name substitution will be performed by: DefaultImageNameSubstitutor (composite of 'ConfigurationFileImageNameSubstitutor' and 'PrefixingImageNameSubstitutor')
2026-07-04 22:37:22.583 [main] INFO  o.testcontainers.DockerClientFactory - Testcontainers version: 2.0.4
2026-07-04 22:37:22.738 [main] INFO  o.t.d.DockerClientProviderStrategy - Loaded org.testcontainers.dockerclient.UnixSocketClientProviderStrategy from ~/.testcontainers.properties, will try it first
2026-07-04 22:37:23.055 [main] INFO  o.t.d.DockerClientProviderStrategy - Found Docker environment with local Unix socket (unix:///var/run/docker.sock)
2026-07-04 22:37:23.056 [main] INFO  o.testcontainers.DockerClientFactory - Docker host IP address is localhost
2026-07-04 22:37:23.073 [main] INFO  o.testcontainers.DockerClientFactory - Connected to docker: 
  Server Version: 29.6.1
  API Version: 1.55
  Operating System: Docker Desktop
  Total Memory: 7936 MB
  Labels: 
    com.docker.desktop.address=unix:///Users/ermapsh/Library/Containers/com.docker.docker/Data/docker-cli.sock
2026-07-04 22:37:23.140 [main] INFO  tc.testcontainers/ryuk:0.14.0 - Creating container for image: testcontainers/ryuk:0.14.0
2026-07-04 22:37:23.365 [main] INFO  tc.testcontainers/ryuk:0.14.0 - Container testcontainers/ryuk:0.14.0 is starting: a8bee35596d73438ca3844da53530f488cb84b371d2841e93e7f158040913e73
2026-07-04 22:37:23.647 [main] INFO  tc.testcontainers/ryuk:0.14.0 - Container testcontainers/ryuk:0.14.0 started in PT0.507319S
2026-07-04 22:37:23.651 [main] INFO  o.t.utility.RyukResourceReaper - Ryuk started - will monitor and terminate Testcontainers containers on JVM exit
2026-07-04 22:37:23.651 [main] INFO  o.testcontainers.DockerClientFactory - Checking the system...
2026-07-04 22:37:23.651 [main] INFO  o.testcontainers.DockerClientFactory - ✔︎ Docker server version should be at least 1.6.0
2026-07-04 22:37:23.651 [main] INFO  tc.postgres:16 - Creating container for image: postgres:16
2026-07-04 22:37:23.698 [main] INFO  tc.postgres:16 - Container postgres:16 is starting: dcd229206422809b4f7632e0c516f798682068f74c81a4360dc105cdba0277d3
2026-07-04 22:37:24.601 [main] INFO  tc.postgres:16 - Container postgres:16 started in PT0.949311S
2026-07-04 22:37:24.601 [main] INFO  tc.postgres:16 - Container is started (JDBC URL: jdbc:postgresql://localhost:56172/test?loggerLevel=OFF)
2026-07-04 22:37:24.735 [main] INFO  org.hibernate.orm.jpa - HHH008540: Processing PersistenceUnitInfo [name: default]
2026-07-04 22:37:24.789 [main] INFO  org.hibernate.orm.core - HHH000001: Hibernate ORM core version 7.2.7.Final
2026-07-04 22:37:24.974 [main] INFO  o.h.e.b.internal.EnversServiceImpl - Envers integration enabled? : true
2026-07-04 22:37:25.156 [main] INFO  o.s.o.j.p.SpringPersistenceUnitInfo - No LoadTimeWeaver setup: ignoring JPA class transformer
2026-07-04 22:37:25.171 [main] INFO  com.zaxxer.hikari.HikariDataSource - HikariPool-1 - Starting...
2026-07-04 22:37:25.252 [main] INFO  com.zaxxer.hikari.pool.HikariPool - HikariPool-1 - Added connection org.postgresql.jdbc.PgConnection@363d3958
2026-07-04 22:37:25.252 [main] INFO  com.zaxxer.hikari.HikariDataSource - HikariPool-1 - Start completed.
2026-07-04 22:37:25.283 [main] INFO  o.hibernate.orm.connections.pooling - HHH10001005: Database info:
	Database JDBC URL [jdbc:postgresql://localhost:56172/test?loggerLevel=OFF]
	Database driver: PostgreSQL JDBC Driver
	Database dialect: PostgreSQLDialect
	Database version: 16.14
	Default catalog/schema: test/public
	Autocommit mode: undefined/unknown
	Isolation level: READ_COMMITTED [default READ_COMMITTED]
	JDBC fetch size: none
	Pool: DataSourceConnectionProvider
	Minimum pool size: undefined/unknown
	Maximum pool size: undefined/unknown
2026-07-04 22:37:25.493 [main] INFO  o.h.e.c.i.m.AuditMetadataGenerator - Adding properties for entity: com.ermapsh.hospital.entity.PostEntity
2026-07-04 22:37:26.319 [main] INFO  org.hibernate.orm.core - HHH000489: No JTA platform available (set 'hibernate.transaction.jta.platform' to enable JTA platform integration)
2026-07-04 22:37:26.371 [main] WARN  org.hibernate.orm.jdbc.warn - HHH000247: ErrorCode: 0, SQLState: 00000
2026-07-04 22:37:26.371 [main] WARN  org.hibernate.orm.jdbc.warn - constraint "uk1t68827l97cwyxo9r1u6t4p7d" of relation "department" does not exist, skipping
2026-07-04 22:37:26.372 [main] WARN  org.hibernate.orm.jdbc.warn - HHH000247: ErrorCode: 0, SQLState: 00000
2026-07-04 22:37:26.373 [main] WARN  org.hibernate.orm.jdbc.warn - constraint "ukkkp33svgs69x9xgcgl55rk5sp" of relation "department" does not exist, skipping
2026-07-04 22:37:26.374 [main] WARN  org.hibernate.orm.jdbc.warn - HHH000247: ErrorCode: 0, SQLState: 00000
2026-07-04 22:37:26.374 [main] WARN  org.hibernate.orm.jdbc.warn - constraint "uk2o0gkfbstwhhtknwdle80icm" of relation "doctor" does not exist, skipping
2026-07-04 22:37:26.376 [main] WARN  org.hibernate.orm.jdbc.warn - HHH000247: ErrorCode: 0, SQLState: 00000
2026-07-04 22:37:26.376 [main] WARN  org.hibernate.orm.jdbc.warn - constraint "uk7rbxwbe5osbdxdxv1nx6xp5q4" of relation "insurance" does not exist, skipping
2026-07-04 22:37:26.378 [main] WARN  org.hibernate.orm.jdbc.warn - HHH000247: ErrorCode: 0, SQLState: 00000
2026-07-04 22:37:26.378 [main] WARN  org.hibernate.orm.jdbc.warn - constraint "unique_patient_name_dob" of relation "patient" does not exist, skipping
2026-07-04 22:37:26.379 [main] WARN  org.hibernate.orm.jdbc.warn - HHH000247: ErrorCode: 0, SQLState: 00000
2026-07-04 22:37:26.379 [main] WARN  org.hibernate.orm.jdbc.warn - constraint "ukmrjnos83qfuhf1o7sivv5ws5q" of relation "patient" does not exist, skipping
2026-07-04 22:37:26.380 [main] WARN  org.hibernate.orm.jdbc.warn - HHH000247: ErrorCode: 0, SQLState: 00000
2026-07-04 22:37:26.380 [main] WARN  org.hibernate.orm.jdbc.warn - constraint "ukqfqu3sawio9crosjondpnadot" of relation "patient" does not exist, skipping
2026-07-04 22:37:26.382 [main] WARN  org.hibernate.orm.jdbc.warn - HHH000247: ErrorCode: 0, SQLState: 00000
2026-07-04 22:37:26.382 [main] WARN  org.hibernate.orm.jdbc.warn - constraint "uk6dotkott2kjsp8vw4d0m25fb7" of relation "users" does not exist, skipping
2026-07-04 22:37:26.396 [main] INFO  o.s.o.j.LocalContainerEntityManagerFactoryBean - Initialized JPA EntityManagerFactory for persistence unit 'default'
2026-07-04 22:37:26.468 [main] INFO  o.s.d.j.r.q.QueryEnhancerFactories - Hibernate is in classpath; If applicable, HQL parser will be used.
2026-07-04 22:37:26.664 [main] INFO  o.s.s.c.a.a.c.InitializeUserDetailsBeanManagerConfigurer$InitializeUserDetailsManagerConfigurer - Global AuthenticationManager configured with UserDetailsService bean with name userService
2026-07-04 22:37:27.615 [main] WARN  o.s.b.j.a.JpaBaseConfiguration$JpaWebConfiguration - spring.jpa.open-in-view is enabled by default. Therefore, database queries may be performed during view rendering. Explicitly configure spring.jpa.open-in-view to disable this warning
2026-07-04 22:37:28.315 [main] INFO  o.s.b.t.m.w.SpringBootMockServletContext - Initializing Spring TestDispatcherServlet ''
2026-07-04 22:37:28.315 [main] INFO  o.s.t.w.s.TestDispatcherServlet - Initializing Servlet ''
2026-07-04 22:37:28.322 [main] INFO  o.s.b.a.e.web.EndpointLinksResolver - Exposing 13 endpoints beneath base path '/actuator'
2026-07-04 22:37:28.334 [main] INFO  o.s.t.w.s.TestDispatcherServlet - Completed initialization in 19 ms
2026-07-04 22:37:28.432 [main] INFO  c.e.h.c.AuthControllerTestIT - Started AuthControllerTestIT in 7.327 seconds (process running for 8.571)
2026-07-04 22:37:29.104 [main] ERROR o.s.t.w.r.server.ExchangeResult - Request details for assertion failure:

> POST /auth/signup
> WebTestClient-Request-Id: [1]
> Content-Type: [application/json]
> Content-Length: [140]

{"email":"maheshmestri@gmail.com","password":"Mahesh@12345","name":"Mahesh Mestri","roles":["USER"],"permissions":["POST_VIEW","USER_VIEW"]}

< 401 UNAUTHORIZED Unauthorized
< Content-Type: [application/json]

{"status":401,"error":"Unauthorized","message":"User email already exist maheshmestri@gmail.com","timestamp":"2026-07-04T22:37:29.077044"}

======================  MockMvc (Server) ===============================

MockHttpServletRequest:
      HTTP Method = POST
      Request URI = /auth/signup
       Parameters = {}
          Headers = [WebTestClient-Request-Id:"1", Content-Type:"application/json", Content-Length:"140"]
             Body = <no character encoding set>
    Session Attrs = {}

Handler:
             Type = com.ermapsh.hospital.controller.AuthController
           Method = com.ermapsh.hospital.controller.AuthController#signup(SignupRequest)

Async:
    Async started = false
     Async result = null

Resolved Exception:
             Type = org.springframework.security.authentication.BadCredentialsException

ModelAndView:
        View name = null
             View = null
            Model = null

FlashMap:
       Attributes = null

MockHttpServletResponse:
           Status = 401
    Error message = null
          Headers = [Content-Type:"application/json"]
     Content type = application/json
             Body = {"status":401,"error":"Unauthorized","message":"User email already exist maheshmestri@gmail.com","timestamp":"2026-07-04T22:37:29.077044"}
    Forwarded URL = null
   Redirected URL = null
          Cookies = []


2026-07-04 22:37:29.138 [SpringApplicationShutdownHook] INFO  o.s.o.j.LocalContainerEntityManagerFactoryBean - Closing JPA EntityManagerFactory for persistence unit 'default'
2026-07-04 22:37:29.140 [SpringApplicationShutdownHook] INFO  com.zaxxer.hikari.HikariDataSource - HikariPool-1 - Shutdown initiated...
2026-07-04 22:37:29.142 [SpringApplicationShutdownHook] INFO  com.zaxxer.hikari.HikariDataSource - HikariPool-1 - Shutdown completed.
2026-07-04 22:37:54.553 [SpringApplicationShutdownHook] INFO  o.s.boot.tomcat.GracefulShutdown - Commencing graceful shutdown. Waiting for active requests to complete
2026-07-04 22:37:54.555 [tomcat-shutdown] INFO  o.s.boot.tomcat.GracefulShutdown - Graceful shutdown complete
2026-07-04 22:37:54.557 [SpringApplicationShutdownHook] INFO  o.s.o.j.LocalContainerEntityManagerFactoryBean - Closing JPA EntityManagerFactory for persistence unit 'default'
2026-07-04 22:37:54.558 [SpringApplicationShutdownHook] INFO  com.zaxxer.hikari.HikariDataSource - HikariPool-2 - Shutdown initiated...
2026-07-04 22:37:54.558 [SpringApplicationShutdownHook] INFO  com.zaxxer.hikari.HikariDataSource - HikariPool-2 - Shutdown completed.
2026-07-04 22:38:14.036 [main] INFO  c.e.h.c.AuthControllerTestIT - Starting AuthControllerTestIT using Java 25.0.1 with PID 97507 (started by ermapsh in /Users/ermapsh/Devlopement/project/backend/hospital)
2026-07-04 22:38:14.037 [main] INFO  c.e.h.c.AuthControllerTestIT - No active profile set, falling back to 1 default profile: "default"
2026-07-04 22:38:14.115 [background-preinit] INFO  o.h.validator.internal.util.Version - HV000001: Hibernate Validator 9.0.1.Final
2026-07-04 22:38:14.402 [main] INFO  o.s.d.r.c.RepositoryConfigurationDelegate - Bootstrapping Spring Data JPA repositories in DEFAULT mode.
2026-07-04 22:38:14.468 [main] INFO  o.s.d.r.c.RepositoryConfigurationDelegate - Finished Spring Data repository scanning in 61 ms. Found 8 JPA repository interfaces.
2026-07-04 22:38:14.697 [main] INFO  o.testcontainers.images.PullPolicy - Image pull policy will be performed by: DefaultPullPolicy()
2026-07-04 22:38:14.698 [main] INFO  o.t.utility.ImageNameSubstitutor - Image name substitution will be performed by: DefaultImageNameSubstitutor (composite of 'ConfigurationFileImageNameSubstitutor' and 'PrefixingImageNameSubstitutor')
2026-07-04 22:38:14.709 [main] INFO  o.testcontainers.DockerClientFactory - Testcontainers version: 2.0.4
2026-07-04 22:38:14.787 [main] INFO  o.t.d.DockerClientProviderStrategy - Loaded org.testcontainers.dockerclient.UnixSocketClientProviderStrategy from ~/.testcontainers.properties, will try it first
2026-07-04 22:38:14.950 [main] INFO  o.t.d.DockerClientProviderStrategy - Found Docker environment with local Unix socket (unix:///var/run/docker.sock)
2026-07-04 22:38:14.951 [main] INFO  o.testcontainers.DockerClientFactory - Docker host IP address is localhost
2026-07-04 22:38:14.960 [main] INFO  o.testcontainers.DockerClientFactory - Connected to docker: 
  Server Version: 29.6.1
  API Version: 1.55
  Operating System: Docker Desktop
  Total Memory: 7936 MB
  Labels: 
    com.docker.desktop.address=unix:///Users/ermapsh/Library/Containers/com.docker.docker/Data/docker-cli.sock
2026-07-04 22:38:15.002 [main] INFO  tc.testcontainers/ryuk:0.14.0 - Creating container for image: testcontainers/ryuk:0.14.0
2026-07-04 22:38:15.107 [main] INFO  tc.testcontainers/ryuk:0.14.0 - Container testcontainers/ryuk:0.14.0 is starting: d49db48bc668cc0119711ebfde5c3589be911941b61f49090c40bf93a1b65968
2026-07-04 22:38:15.263 [main] INFO  tc.testcontainers/ryuk:0.14.0 - Container testcontainers/ryuk:0.14.0 started in PT0.260925S
2026-07-04 22:38:15.265 [main] INFO  o.t.utility.RyukResourceReaper - Ryuk started - will monitor and terminate Testcontainers containers on JVM exit
2026-07-04 22:38:15.265 [main] INFO  o.testcontainers.DockerClientFactory - Checking the system...
2026-07-04 22:38:15.266 [main] INFO  o.testcontainers.DockerClientFactory - ✔︎ Docker server version should be at least 1.6.0
2026-07-04 22:38:15.266 [main] INFO  tc.postgres:16 - Creating container for image: postgres:16
2026-07-04 22:38:15.287 [main] INFO  tc.postgres:16 - Container postgres:16 is starting: b6cfbe53be4eff6b4f445db62bbf6e6164d003bf951c910b9dde236115b09ae5
2026-07-04 22:38:15.846 [main] INFO  tc.postgres:16 - Container postgres:16 started in PT0.579702S
2026-07-04 22:38:15.846 [main] INFO  tc.postgres:16 - Container is started (JDBC URL: jdbc:postgresql://localhost:56194/test?loggerLevel=OFF)
2026-07-04 22:38:15.910 [main] INFO  org.hibernate.orm.jpa - HHH008540: Processing PersistenceUnitInfo [name: default]
2026-07-04 22:38:15.931 [main] INFO  org.hibernate.orm.core - HHH000001: Hibernate ORM core version 7.2.7.Final
2026-07-04 22:38:16.019 [main] INFO  o.h.e.b.internal.EnversServiceImpl - Envers integration enabled? : true
2026-07-04 22:38:16.086 [main] INFO  o.s.o.j.p.SpringPersistenceUnitInfo - No LoadTimeWeaver setup: ignoring JPA class transformer
2026-07-04 22:38:16.098 [main] INFO  com.zaxxer.hikari.HikariDataSource - HikariPool-1 - Starting...
2026-07-04 22:38:16.155 [main] INFO  com.zaxxer.hikari.pool.HikariPool - HikariPool-1 - Added connection org.postgresql.jdbc.PgConnection@38769b6c
2026-07-04 22:38:16.156 [main] INFO  com.zaxxer.hikari.HikariDataSource - HikariPool-1 - Start completed.
2026-07-04 22:38:16.180 [main] INFO  o.hibernate.orm.connections.pooling - HHH10001005: Database info:
	Database JDBC URL [jdbc:postgresql://localhost:56194/test?loggerLevel=OFF]
	Database driver: PostgreSQL JDBC Driver
	Database dialect: PostgreSQLDialect
	Database version: 16.14
	Default catalog/schema: test/public
	Autocommit mode: undefined/unknown
	Isolation level: READ_COMMITTED [default READ_COMMITTED]
	JDBC fetch size: none
	Pool: DataSourceConnectionProvider
	Minimum pool size: undefined/unknown
	Maximum pool size: undefined/unknown
2026-07-04 22:38:16.274 [main] INFO  o.h.e.c.i.m.AuditMetadataGenerator - Adding properties for entity: com.ermapsh.hospital.entity.PostEntity
2026-07-04 22:38:16.654 [main] INFO  org.hibernate.orm.core - HHH000489: No JTA platform available (set 'hibernate.transaction.jta.platform' to enable JTA platform integration)
2026-07-04 22:38:16.691 [main] WARN  org.hibernate.orm.jdbc.warn - HHH000247: ErrorCode: 0, SQLState: 00000
2026-07-04 22:38:16.691 [main] WARN  org.hibernate.orm.jdbc.warn - constraint "uk1t68827l97cwyxo9r1u6t4p7d" of relation "department" does not exist, skipping
2026-07-04 22:38:16.692 [main] WARN  org.hibernate.orm.jdbc.warn - HHH000247: ErrorCode: 0, SQLState: 00000
2026-07-04 22:38:16.692 [main] WARN  org.hibernate.orm.jdbc.warn - constraint "ukkkp33svgs69x9xgcgl55rk5sp" of relation "department" does not exist, skipping
2026-07-04 22:38:16.693 [main] WARN  org.hibernate.orm.jdbc.warn - HHH000247: ErrorCode: 0, SQLState: 00000
2026-07-04 22:38:16.693 [main] WARN  org.hibernate.orm.jdbc.warn - constraint "uk2o0gkfbstwhhtknwdle80icm" of relation "doctor" does not exist, skipping
2026-07-04 22:38:16.694 [main] WARN  org.hibernate.orm.jdbc.warn - HHH000247: ErrorCode: 0, SQLState: 00000
2026-07-04 22:38:16.694 [main] WARN  org.hibernate.orm.jdbc.warn - constraint "uk7rbxwbe5osbdxdxv1nx6xp5q4" of relation "insurance" does not exist, skipping
2026-07-04 22:38:16.696 [main] WARN  org.hibernate.orm.jdbc.warn - HHH000247: ErrorCode: 0, SQLState: 00000
2026-07-04 22:38:16.696 [main] WARN  org.hibernate.orm.jdbc.warn - constraint "unique_patient_name_dob" of relation "patient" does not exist, skipping
2026-07-04 22:38:16.697 [main] WARN  org.hibernate.orm.jdbc.warn - HHH000247: ErrorCode: 0, SQLState: 00000
2026-07-04 22:38:16.697 [main] WARN  org.hibernate.orm.jdbc.warn - constraint "ukmrjnos83qfuhf1o7sivv5ws5q" of relation "patient" does not exist, skipping
2026-07-04 22:38:16.698 [main] WARN  org.hibernate.orm.jdbc.warn - HHH000247: ErrorCode: 0, SQLState: 00000
2026-07-04 22:38:16.698 [main] WARN  org.hibernate.orm.jdbc.warn - constraint "ukqfqu3sawio9crosjondpnadot" of relation "patient" does not exist, skipping
2026-07-04 22:38:16.699 [main] WARN  org.hibernate.orm.jdbc.warn - HHH000247: ErrorCode: 0, SQLState: 00000
2026-07-04 22:38:16.699 [main] WARN  org.hibernate.orm.jdbc.warn - constraint "uk6dotkott2kjsp8vw4d0m25fb7" of relation "users" does not exist, skipping
2026-07-04 22:38:16.705 [main] INFO  o.s.o.j.LocalContainerEntityManagerFactoryBean - Initialized JPA EntityManagerFactory for persistence unit 'default'
2026-07-04 22:38:16.733 [main] INFO  o.s.d.j.r.q.QueryEnhancerFactories - Hibernate is in classpath; If applicable, HQL parser will be used.
2026-07-04 22:38:16.804 [main] INFO  o.s.s.c.a.a.c.InitializeUserDetailsBeanManagerConfigurer$InitializeUserDetailsManagerConfigurer - Global AuthenticationManager configured with UserDetailsService bean with name userService
2026-07-04 22:38:17.233 [main] WARN  o.s.b.j.a.JpaBaseConfiguration$JpaWebConfiguration - spring.jpa.open-in-view is enabled by default. Therefore, database queries may be performed during view rendering. Explicitly configure spring.jpa.open-in-view to disable this warning
2026-07-04 22:38:17.509 [main] INFO  o.s.b.t.m.w.SpringBootMockServletContext - Initializing Spring TestDispatcherServlet ''
2026-07-04 22:38:17.509 [main] INFO  o.s.t.w.s.TestDispatcherServlet - Initializing Servlet ''
2026-07-04 22:38:17.512 [main] INFO  o.s.b.a.e.web.EndpointLinksResolver - Exposing 13 endpoints beneath base path '/actuator'
2026-07-04 22:38:17.518 [main] INFO  o.s.t.w.s.TestDispatcherServlet - Completed initialization in 9 ms
2026-07-04 22:38:17.566 [main] INFO  c.e.h.c.AuthControllerTestIT - Started AuthControllerTestIT in 3.687 seconds (process running for 4.194)
2026-07-04 22:38:17.986 [main] WARN  o.s.s.c.bcrypt.BCryptPasswordEncoder - Encoded password does not look like BCrypt
2026-07-04 22:38:18.000 [main] ERROR o.s.t.w.r.server.ExchangeResult - Request details for assertion failure:

> POST /auth/login
> WebTestClient-Request-Id: [1]
> Content-Type: [application/json]
> Content-Length: [60]

{"email":"maheshmestri@gmail.com","password":"Mahesh@12345"}

< 401 UNAUTHORIZED Unauthorized
< Content-Type: [application/json]

{"message":"Bad credentials","error":"Unauthorized","status":401,"timestamp":"2026-07-04T22:38:17.988152"}

======================  MockMvc (Server) ===============================

MockHttpServletRequest:
      HTTP Method = POST
      Request URI = /auth/login
       Parameters = {}
          Headers = [WebTestClient-Request-Id:"1", Content-Type:"application/json", Content-Length:"60"]
             Body = <no character encoding set>
    Session Attrs = {}

Handler:
             Type = com.ermapsh.hospital.controller.AuthController
           Method = com.ermapsh.hospital.controller.AuthController#login(LoginDto)

Async:
    Async started = false
     Async result = null

Resolved Exception:
             Type = org.springframework.security.authentication.BadCredentialsException

ModelAndView:
        View name = null
             View = null
            Model = null

FlashMap:
       Attributes = null

MockHttpServletResponse:
           Status = 401
    Error message = null
          Headers = [Content-Type:"application/json"]
     Content type = application/json
             Body = {"message":"Bad credentials","error":"Unauthorized","status":401,"timestamp":"2026-07-04T22:38:17.988152"}
    Forwarded URL = null
   Redirected URL = null
          Cookies = []


2026-07-04 22:38:18.011 [main] WARN  org.hibernate.orm.jdbc.error - HHH000247: ErrorCode: 0, SQLState: 23505
2026-07-04 22:38:18.011 [main] WARN  org.hibernate.orm.jdbc.error - ERROR: duplicate key value violates unique constraint "uk6dotkott2kjsp8vw4d0m25fb7"
  Detail: Key (email)=(maheshmestri@gmail.com) already exists.
2026-07-04 22:38:18.026 [SpringApplicationShutdownHook] INFO  o.s.o.j.LocalContainerEntityManagerFactoryBean - Closing JPA EntityManagerFactory for persistence unit 'default'
2026-07-04 22:38:18.027 [SpringApplicationShutdownHook] INFO  com.zaxxer.hikari.HikariDataSource - HikariPool-1 - Shutdown initiated...
2026-07-04 22:38:18.028 [SpringApplicationShutdownHook] INFO  com.zaxxer.hikari.HikariDataSource - HikariPool-1 - Shutdown completed.
2026-07-04 22:47:55.961 [main] INFO  c.e.h.c.AuthControllerTestIT - Starting AuthControllerTestIT using Java 25.0.1 with PID 97767 (started by ermapsh in /Users/ermapsh/Devlopement/project/backend/hospital)
2026-07-04 22:47:55.961 [main] INFO  c.e.h.c.AuthControllerTestIT - No active profile set, falling back to 1 default profile: "default"
2026-07-04 22:47:56.042 [background-preinit] INFO  o.h.validator.internal.util.Version - HV000001: Hibernate Validator 9.0.1.Final
2026-07-04 22:47:56.298 [main] INFO  o.s.d.r.c.RepositoryConfigurationDelegate - Bootstrapping Spring Data JPA repositories in DEFAULT mode.
2026-07-04 22:47:56.355 [main] INFO  o.s.d.r.c.RepositoryConfigurationDelegate - Finished Spring Data repository scanning in 53 ms. Found 8 JPA repository interfaces.
2026-07-04 22:47:56.549 [main] INFO  o.testcontainers.images.PullPolicy - Image pull policy will be performed by: DefaultPullPolicy()
2026-07-04 22:47:56.549 [main] INFO  o.t.utility.ImageNameSubstitutor - Image name substitution will be performed by: DefaultImageNameSubstitutor (composite of 'ConfigurationFileImageNameSubstitutor' and 'PrefixingImageNameSubstitutor')
2026-07-04 22:47:56.557 [main] INFO  o.testcontainers.DockerClientFactory - Testcontainers version: 2.0.4
2026-07-04 22:47:56.635 [main] INFO  o.t.d.DockerClientProviderStrategy - Loaded org.testcontainers.dockerclient.UnixSocketClientProviderStrategy from ~/.testcontainers.properties, will try it first
2026-07-04 22:47:56.806 [main] INFO  o.t.d.DockerClientProviderStrategy - Found Docker environment with local Unix socket (unix:///var/run/docker.sock)
2026-07-04 22:47:56.807 [main] INFO  o.testcontainers.DockerClientFactory - Docker host IP address is localhost
2026-07-04 22:47:56.820 [main] INFO  o.testcontainers.DockerClientFactory - Connected to docker: 
  Server Version: 29.6.1
  API Version: 1.55
  Operating System: Docker Desktop
  Total Memory: 7936 MB
  Labels: 
    com.docker.desktop.address=unix:///Users/ermapsh/Library/Containers/com.docker.docker/Data/docker-cli.sock
2026-07-04 22:47:56.860 [main] INFO  tc.testcontainers/ryuk:0.14.0 - Creating container for image: testcontainers/ryuk:0.14.0
2026-07-04 22:47:57.010 [main] INFO  tc.testcontainers/ryuk:0.14.0 - Container testcontainers/ryuk:0.14.0 is starting: bfdf7547ff805fc50dbb39a69eb65101b8fe5055392a93fa02679319969556bd
2026-07-04 22:47:57.179 [main] INFO  tc.testcontainers/ryuk:0.14.0 - Container testcontainers/ryuk:0.14.0 started in PT0.31843S
2026-07-04 22:47:57.181 [main] INFO  o.t.utility.RyukResourceReaper - Ryuk started - will monitor and terminate Testcontainers containers on JVM exit
2026-07-04 22:47:57.181 [main] INFO  o.testcontainers.DockerClientFactory - Checking the system...
2026-07-04 22:47:57.181 [main] INFO  o.testcontainers.DockerClientFactory - ✔︎ Docker server version should be at least 1.6.0
2026-07-04 22:47:57.181 [main] INFO  tc.postgres:16 - Creating container for image: postgres:16
2026-07-04 22:47:57.205 [main] INFO  tc.postgres:16 - Container postgres:16 is starting: 286e3c33d77c44d586c8db61b2123353667894f118aa2b69d916e0d830c82662
2026-07-04 22:47:57.849 [main] INFO  tc.postgres:16 - Container postgres:16 started in PT0.667009S
2026-07-04 22:47:57.849 [main] INFO  tc.postgres:16 - Container is started (JDBC URL: jdbc:postgresql://localhost:56241/test?loggerLevel=OFF)
2026-07-04 22:47:57.921 [main] INFO  org.hibernate.orm.jpa - HHH008540: Processing PersistenceUnitInfo [name: default]
2026-07-04 22:47:57.944 [main] INFO  org.hibernate.orm.core - HHH000001: Hibernate ORM core version 7.2.7.Final
2026-07-04 22:47:58.041 [main] INFO  o.h.e.b.internal.EnversServiceImpl - Envers integration enabled? : true
2026-07-04 22:47:58.136 [main] INFO  o.s.o.j.p.SpringPersistenceUnitInfo - No LoadTimeWeaver setup: ignoring JPA class transformer
2026-07-04 22:47:58.149 [main] INFO  com.zaxxer.hikari.HikariDataSource - HikariPool-1 - Starting...
2026-07-04 22:47:58.215 [main] INFO  com.zaxxer.hikari.pool.HikariPool - HikariPool-1 - Added connection org.postgresql.jdbc.PgConnection@4c3c1963
2026-07-04 22:47:58.216 [main] INFO  com.zaxxer.hikari.HikariDataSource - HikariPool-1 - Start completed.
2026-07-04 22:47:58.241 [main] INFO  o.hibernate.orm.connections.pooling - HHH10001005: Database info:
	Database JDBC URL [jdbc:postgresql://localhost:56241/test?loggerLevel=OFF]
	Database driver: PostgreSQL JDBC Driver
	Database dialect: PostgreSQLDialect
	Database version: 16.14
	Default catalog/schema: test/public
	Autocommit mode: undefined/unknown
	Isolation level: READ_COMMITTED [default READ_COMMITTED]
	JDBC fetch size: none
	Pool: DataSourceConnectionProvider
	Minimum pool size: undefined/unknown
	Maximum pool size: undefined/unknown
2026-07-04 22:47:58.353 [main] INFO  o.h.e.c.i.m.AuditMetadataGenerator - Adding properties for entity: com.ermapsh.hospital.entity.PostEntity
2026-07-04 22:47:58.757 [main] INFO  org.hibernate.orm.core - HHH000489: No JTA platform available (set 'hibernate.transaction.jta.platform' to enable JTA platform integration)
2026-07-04 22:47:58.791 [main] WARN  org.hibernate.orm.jdbc.warn - HHH000247: ErrorCode: 0, SQLState: 00000
2026-07-04 22:47:58.791 [main] WARN  org.hibernate.orm.jdbc.warn - constraint "uk1t68827l97cwyxo9r1u6t4p7d" of relation "department" does not exist, skipping
2026-07-04 22:47:58.792 [main] WARN  org.hibernate.orm.jdbc.warn - HHH000247: ErrorCode: 0, SQLState: 00000
2026-07-04 22:47:58.792 [main] WARN  org.hibernate.orm.jdbc.warn - constraint "ukkkp33svgs69x9xgcgl55rk5sp" of relation "department" does not exist, skipping
2026-07-04 22:47:58.793 [main] WARN  org.hibernate.orm.jdbc.warn - HHH000247: ErrorCode: 0, SQLState: 00000
2026-07-04 22:47:58.793 [main] WARN  org.hibernate.orm.jdbc.warn - constraint "uk2o0gkfbstwhhtknwdle80icm" of relation "doctor" does not exist, skipping
2026-07-04 22:47:58.794 [main] WARN  org.hibernate.orm.jdbc.warn - HHH000247: ErrorCode: 0, SQLState: 00000
2026-07-04 22:47:58.794 [main] WARN  org.hibernate.orm.jdbc.warn - constraint "uk7rbxwbe5osbdxdxv1nx6xp5q4" of relation "insurance" does not exist, skipping
2026-07-04 22:47:58.796 [main] WARN  org.hibernate.orm.jdbc.warn - HHH000247: ErrorCode: 0, SQLState: 00000
2026-07-04 22:47:58.796 [main] WARN  org.hibernate.orm.jdbc.warn - constraint "unique_patient_name_dob" of relation "patient" does not exist, skipping
2026-07-04 22:47:58.797 [main] WARN  org.hibernate.orm.jdbc.warn - HHH000247: ErrorCode: 0, SQLState: 00000
2026-07-04 22:47:58.797 [main] WARN  org.hibernate.orm.jdbc.warn - constraint "ukmrjnos83qfuhf1o7sivv5ws5q" of relation "patient" does not exist, skipping
2026-07-04 22:47:58.798 [main] WARN  org.hibernate.orm.jdbc.warn - HHH000247: ErrorCode: 0, SQLState: 00000
2026-07-04 22:47:58.798 [main] WARN  org.hibernate.orm.jdbc.warn - constraint "ukqfqu3sawio9crosjondpnadot" of relation "patient" does not exist, skipping
2026-07-04 22:47:58.799 [main] WARN  org.hibernate.orm.jdbc.warn - HHH000247: ErrorCode: 0, SQLState: 00000
2026-07-04 22:47:58.799 [main] WARN  org.hibernate.orm.jdbc.warn - constraint "uk6dotkott2kjsp8vw4d0m25fb7" of relation "users" does not exist, skipping
2026-07-04 22:47:58.805 [main] INFO  o.s.o.j.LocalContainerEntityManagerFactoryBean - Initialized JPA EntityManagerFactory for persistence unit 'default'
2026-07-04 22:47:58.835 [main] INFO  o.s.d.j.r.q.QueryEnhancerFactories - Hibernate is in classpath; If applicable, HQL parser will be used.
2026-07-04 22:47:58.909 [main] INFO  o.s.s.c.a.a.c.InitializeUserDetailsBeanManagerConfigurer$InitializeUserDetailsManagerConfigurer - Global AuthenticationManager configured with UserDetailsService bean with name userService
2026-07-04 22:47:59.380 [main] WARN  o.s.b.j.a.JpaBaseConfiguration$JpaWebConfiguration - spring.jpa.open-in-view is enabled by default. Therefore, database queries may be performed during view rendering. Explicitly configure spring.jpa.open-in-view to disable this warning
2026-07-04 22:47:59.672 [main] INFO  o.s.b.t.m.w.SpringBootMockServletContext - Initializing Spring TestDispatcherServlet ''
2026-07-04 22:47:59.672 [main] INFO  o.s.t.w.s.TestDispatcherServlet - Initializing Servlet ''
2026-07-04 22:47:59.675 [main] INFO  o.s.b.a.e.web.EndpointLinksResolver - Exposing 13 endpoints beneath base path '/actuator'
2026-07-04 22:47:59.680 [main] INFO  o.s.t.w.s.TestDispatcherServlet - Completed initialization in 8 ms
2026-07-04 22:47:59.730 [main] INFO  c.e.h.c.AuthControllerTestIT - Started AuthControllerTestIT in 3.923 seconds (process running for 4.417)
2026-07-04 22:47:59.990 [SpringApplicationShutdownHook] INFO  o.s.o.j.LocalContainerEntityManagerFactoryBean - Closing JPA EntityManagerFactory for persistence unit 'default'
2026-07-04 22:47:59.991 [SpringApplicationShutdownHook] INFO  com.zaxxer.hikari.HikariDataSource - HikariPool-1 - Shutdown initiated...
2026-07-04 22:47:59.992 [SpringApplicationShutdownHook] INFO  com.zaxxer.hikari.HikariDataSource - HikariPool-1 - Shutdown completed.
2026-07-04 22:48:19.647 [main] INFO  c.e.h.c.AuthControllerTestIT - Starting AuthControllerTestIT using Java 25.0.1 with PID 97784 (started by ermapsh in /Users/ermapsh/Devlopement/project/backend/hospital)
2026-07-04 22:48:19.647 [main] INFO  c.e.h.c.AuthControllerTestIT - No active profile set, falling back to 1 default profile: "default"
2026-07-04 22:48:19.724 [background-preinit] INFO  o.h.validator.internal.util.Version - HV000001: Hibernate Validator 9.0.1.Final
2026-07-04 22:48:19.983 [main] INFO  o.s.d.r.c.RepositoryConfigurationDelegate - Bootstrapping Spring Data JPA repositories in DEFAULT mode.
2026-07-04 22:48:20.039 [main] INFO  o.s.d.r.c.RepositoryConfigurationDelegate - Finished Spring Data repository scanning in 52 ms. Found 8 JPA repository interfaces.
2026-07-04 22:48:20.225 [main] INFO  o.testcontainers.images.PullPolicy - Image pull policy will be performed by: DefaultPullPolicy()
2026-07-04 22:48:20.225 [main] INFO  o.t.utility.ImageNameSubstitutor - Image name substitution will be performed by: DefaultImageNameSubstitutor (composite of 'ConfigurationFileImageNameSubstitutor' and 'PrefixingImageNameSubstitutor')
2026-07-04 22:48:20.233 [main] INFO  o.testcontainers.DockerClientFactory - Testcontainers version: 2.0.4
2026-07-04 22:48:20.306 [main] INFO  o.t.d.DockerClientProviderStrategy - Loaded org.testcontainers.dockerclient.UnixSocketClientProviderStrategy from ~/.testcontainers.properties, will try it first
2026-07-04 22:48:20.455 [main] INFO  o.t.d.DockerClientProviderStrategy - Found Docker environment with local Unix socket (unix:///var/run/docker.sock)
2026-07-04 22:48:20.457 [main] INFO  o.testcontainers.DockerClientFactory - Docker host IP address is localhost
2026-07-04 22:48:20.471 [main] INFO  o.testcontainers.DockerClientFactory - Connected to docker: 
  Server Version: 29.6.1
  API Version: 1.55
  Operating System: Docker Desktop
  Total Memory: 7936 MB
  Labels: 
    com.docker.desktop.address=unix:///Users/ermapsh/Library/Containers/com.docker.docker/Data/docker-cli.sock
2026-07-04 22:48:20.515 [main] INFO  tc.testcontainers/ryuk:0.14.0 - Creating container for image: testcontainers/ryuk:0.14.0
2026-07-04 22:48:20.610 [main] INFO  tc.testcontainers/ryuk:0.14.0 - Container testcontainers/ryuk:0.14.0 is starting: a225ff8e4910bf839bd719595bbcd873cc1abcff1b075b31fbb13f2396db20e0
2026-07-04 22:48:20.770 [main] INFO  tc.testcontainers/ryuk:0.14.0 - Container testcontainers/ryuk:0.14.0 started in PT0.25433S
2026-07-04 22:48:20.772 [main] INFO  o.t.utility.RyukResourceReaper - Ryuk started - will monitor and terminate Testcontainers containers on JVM exit
2026-07-04 22:48:20.772 [main] INFO  o.testcontainers.DockerClientFactory - Checking the system...
2026-07-04 22:48:20.772 [main] INFO  o.testcontainers.DockerClientFactory - ✔︎ Docker server version should be at least 1.6.0
2026-07-04 22:48:20.773 [main] INFO  tc.postgres:16 - Creating container for image: postgres:16
2026-07-04 22:48:20.795 [main] INFO  tc.postgres:16 - Container postgres:16 is starting: c0df9f3ddb2f6039cb85cba6237b0044d70ef837c1dba8ae8e4aa06e70af55ee
2026-07-04 22:48:21.364 [main] INFO  tc.postgres:16 - Container postgres:16 started in PT0.5915S
2026-07-04 22:48:21.365 [main] INFO  tc.postgres:16 - Container is started (JDBC URL: jdbc:postgresql://localhost:56261/test?loggerLevel=OFF)
2026-07-04 22:48:21.428 [main] INFO  org.hibernate.orm.jpa - HHH008540: Processing PersistenceUnitInfo [name: default]
2026-07-04 22:48:21.448 [main] INFO  org.hibernate.orm.core - HHH000001: Hibernate ORM core version 7.2.7.Final
2026-07-04 22:48:21.529 [main] INFO  o.h.e.b.internal.EnversServiceImpl - Envers integration enabled? : true
2026-07-04 22:48:21.590 [main] INFO  o.s.o.j.p.SpringPersistenceUnitInfo - No LoadTimeWeaver setup: ignoring JPA class transformer
2026-07-04 22:48:21.602 [main] INFO  com.zaxxer.hikari.HikariDataSource - HikariPool-1 - Starting...
2026-07-04 22:48:21.663 [main] INFO  com.zaxxer.hikari.pool.HikariPool - HikariPool-1 - Added connection org.postgresql.jdbc.PgConnection@51dd74a0
2026-07-04 22:48:21.663 [main] INFO  com.zaxxer.hikari.HikariDataSource - HikariPool-1 - Start completed.
2026-07-04 22:48:21.690 [main] INFO  o.hibernate.orm.connections.pooling - HHH10001005: Database info:
	Database JDBC URL [jdbc:postgresql://localhost:56261/test?loggerLevel=OFF]
	Database driver: PostgreSQL JDBC Driver
	Database dialect: PostgreSQLDialect
	Database version: 16.14
	Default catalog/schema: test/public
	Autocommit mode: undefined/unknown
	Isolation level: READ_COMMITTED [default READ_COMMITTED]
	JDBC fetch size: none
	Pool: DataSourceConnectionProvider
	Minimum pool size: undefined/unknown
	Maximum pool size: undefined/unknown
2026-07-04 22:48:21.788 [main] INFO  o.h.e.c.i.m.AuditMetadataGenerator - Adding properties for entity: com.ermapsh.hospital.entity.PostEntity
2026-07-04 22:48:22.200 [main] INFO  org.hibernate.orm.core - HHH000489: No JTA platform available (set 'hibernate.transaction.jta.platform' to enable JTA platform integration)
2026-07-04 22:48:22.231 [main] WARN  org.hibernate.orm.jdbc.warn - HHH000247: ErrorCode: 0, SQLState: 00000
2026-07-04 22:48:22.231 [main] WARN  org.hibernate.orm.jdbc.warn - constraint "uk1t68827l97cwyxo9r1u6t4p7d" of relation "department" does not exist, skipping
2026-07-04 22:48:22.232 [main] WARN  org.hibernate.orm.jdbc.warn - HHH000247: ErrorCode: 0, SQLState: 00000
2026-07-04 22:48:22.232 [main] WARN  org.hibernate.orm.jdbc.warn - constraint "ukkkp33svgs69x9xgcgl55rk5sp" of relation "department" does not exist, skipping
2026-07-04 22:48:22.233 [main] WARN  org.hibernate.orm.jdbc.warn - HHH000247: ErrorCode: 0, SQLState: 00000
2026-07-04 22:48:22.233 [main] WARN  org.hibernate.orm.jdbc.warn - constraint "uk2o0gkfbstwhhtknwdle80icm" of relation "doctor" does not exist, skipping
2026-07-04 22:48:22.234 [main] WARN  org.hibernate.orm.jdbc.warn - HHH000247: ErrorCode: 0, SQLState: 00000
2026-07-04 22:48:22.234 [main] WARN  org.hibernate.orm.jdbc.warn - constraint "uk7rbxwbe5osbdxdxv1nx6xp5q4" of relation "insurance" does not exist, skipping
2026-07-04 22:48:22.236 [main] WARN  org.hibernate.orm.jdbc.warn - HHH000247: ErrorCode: 0, SQLState: 00000
2026-07-04 22:48:22.236 [main] WARN  org.hibernate.orm.jdbc.warn - constraint "unique_patient_name_dob" of relation "patient" does not exist, skipping
2026-07-04 22:48:22.237 [main] WARN  org.hibernate.orm.jdbc.warn - HHH000247: ErrorCode: 0, SQLState: 00000
2026-07-04 22:48:22.237 [main] WARN  org.hibernate.orm.jdbc.warn - constraint "ukmrjnos83qfuhf1o7sivv5ws5q" of relation "patient" does not exist, skipping
2026-07-04 22:48:22.237 [main] WARN  org.hibernate.orm.jdbc.warn - HHH000247: ErrorCode: 0, SQLState: 00000
2026-07-04 22:48:22.237 [main] WARN  org.hibernate.orm.jdbc.warn - constraint "ukqfqu3sawio9crosjondpnadot" of relation "patient" does not exist, skipping
2026-07-04 22:48:22.238 [main] WARN  org.hibernate.orm.jdbc.warn - HHH000247: ErrorCode: 0, SQLState: 00000
2026-07-04 22:48:22.238 [main] WARN  org.hibernate.orm.jdbc.warn - constraint "uk6dotkott2kjsp8vw4d0m25fb7" of relation "users" does not exist, skipping
2026-07-04 22:48:22.248 [main] INFO  o.s.o.j.LocalContainerEntityManagerFactoryBean - Initialized JPA EntityManagerFactory for persistence unit 'default'
2026-07-04 22:48:22.280 [main] INFO  o.s.d.j.r.q.QueryEnhancerFactories - Hibernate is in classpath; If applicable, HQL parser will be used.
2026-07-04 22:48:22.351 [main] INFO  o.s.s.c.a.a.c.InitializeUserDetailsBeanManagerConfigurer$InitializeUserDetailsManagerConfigurer - Global AuthenticationManager configured with UserDetailsService bean with name userService
2026-07-04 22:48:22.750 [main] WARN  o.s.b.j.a.JpaBaseConfiguration$JpaWebConfiguration - spring.jpa.open-in-view is enabled by default. Therefore, database queries may be performed during view rendering. Explicitly configure spring.jpa.open-in-view to disable this warning
2026-07-04 22:48:23.041 [main] INFO  o.s.b.t.m.w.SpringBootMockServletContext - Initializing Spring TestDispatcherServlet ''
2026-07-04 22:48:23.041 [main] INFO  o.s.t.w.s.TestDispatcherServlet - Initializing Servlet ''
2026-07-04 22:48:23.044 [main] INFO  o.s.b.a.e.web.EndpointLinksResolver - Exposing 13 endpoints beneath base path '/actuator'
2026-07-04 22:48:23.050 [main] INFO  o.s.t.w.s.TestDispatcherServlet - Completed initialization in 9 ms
2026-07-04 22:48:23.094 [main] INFO  c.e.h.c.AuthControllerTestIT - Started AuthControllerTestIT in 3.59 seconds (process running for 4.041)
2026-07-04 22:48:23.362 [SpringApplicationShutdownHook] INFO  o.s.o.j.LocalContainerEntityManagerFactoryBean - Closing JPA EntityManagerFactory for persistence unit 'default'
2026-07-04 22:48:23.362 [SpringApplicationShutdownHook] INFO  com.zaxxer.hikari.HikariDataSource - HikariPool-1 - Shutdown initiated...
2026-07-04 22:48:23.363 [SpringApplicationShutdownHook] INFO  com.zaxxer.hikari.HikariDataSource - HikariPool-1 - Shutdown completed.
2026-07-04 22:48:34.801 [main] INFO  c.e.h.c.AuthControllerTestIT - Starting AuthControllerTestIT using Java 25.0.1 with PID 97799 (started by ermapsh in /Users/ermapsh/Devlopement/project/backend/hospital)
2026-07-04 22:48:34.802 [main] INFO  c.e.h.c.AuthControllerTestIT - No active profile set, falling back to 1 default profile: "default"
2026-07-04 22:48:34.879 [background-preinit] INFO  o.h.validator.internal.util.Version - HV000001: Hibernate Validator 9.0.1.Final
2026-07-04 22:48:35.142 [main] INFO  o.s.d.r.c.RepositoryConfigurationDelegate - Bootstrapping Spring Data JPA repositories in DEFAULT mode.
2026-07-04 22:48:35.199 [main] INFO  o.s.d.r.c.RepositoryConfigurationDelegate - Finished Spring Data repository scanning in 53 ms. Found 8 JPA repository interfaces.
2026-07-04 22:48:35.396 [main] INFO  o.testcontainers.images.PullPolicy - Image pull policy will be performed by: DefaultPullPolicy()
2026-07-04 22:48:35.397 [main] INFO  o.t.utility.ImageNameSubstitutor - Image name substitution will be performed by: DefaultImageNameSubstitutor (composite of 'ConfigurationFileImageNameSubstitutor' and 'PrefixingImageNameSubstitutor')
2026-07-04 22:48:35.405 [main] INFO  o.testcontainers.DockerClientFactory - Testcontainers version: 2.0.4
2026-07-04 22:48:35.483 [main] INFO  o.t.d.DockerClientProviderStrategy - Loaded org.testcontainers.dockerclient.UnixSocketClientProviderStrategy from ~/.testcontainers.properties, will try it first
2026-07-04 22:48:35.640 [main] INFO  o.t.d.DockerClientProviderStrategy - Found Docker environment with local Unix socket (unix:///var/run/docker.sock)
2026-07-04 22:48:35.640 [main] INFO  o.testcontainers.DockerClientFactory - Docker host IP address is localhost
2026-07-04 22:48:35.650 [main] INFO  o.testcontainers.DockerClientFactory - Connected to docker: 
  Server Version: 29.6.1
  API Version: 1.55
  Operating System: Docker Desktop
  Total Memory: 7936 MB
  Labels: 
    com.docker.desktop.address=unix:///Users/ermapsh/Library/Containers/com.docker.docker/Data/docker-cli.sock
2026-07-04 22:48:35.689 [main] INFO  tc.testcontainers/ryuk:0.14.0 - Creating container for image: testcontainers/ryuk:0.14.0
2026-07-04 22:48:35.801 [main] INFO  tc.testcontainers/ryuk:0.14.0 - Container testcontainers/ryuk:0.14.0 is starting: 582f30bb10db38eb86dfcfb03c58118f7d11ff163291bb3e5e68d56f06068268
2026-07-04 22:48:35.950 [main] INFO  tc.testcontainers/ryuk:0.14.0 - Container testcontainers/ryuk:0.14.0 started in PT0.261245S
2026-07-04 22:48:35.953 [main] INFO  o.t.utility.RyukResourceReaper - Ryuk started - will monitor and terminate Testcontainers containers on JVM exit
2026-07-04 22:48:35.953 [main] INFO  o.testcontainers.DockerClientFactory - Checking the system...
2026-07-04 22:48:35.953 [main] INFO  o.testcontainers.DockerClientFactory - ✔︎ Docker server version should be at least 1.6.0
2026-07-04 22:48:35.953 [main] INFO  tc.postgres:16 - Creating container for image: postgres:16
2026-07-04 22:48:35.975 [main] INFO  tc.postgres:16 - Container postgres:16 is starting: bc39e488eb4aeec1286ea27786513076c829f171847bfcc259ef91f7ae34255c
2026-07-04 22:48:36.534 [main] INFO  tc.postgres:16 - Container postgres:16 started in PT0.580577S
2026-07-04 22:48:36.534 [main] INFO  tc.postgres:16 - Container is started (JDBC URL: jdbc:postgresql://localhost:56280/test?loggerLevel=OFF)
2026-07-04 22:48:36.599 [main] INFO  org.hibernate.orm.jpa - HHH008540: Processing PersistenceUnitInfo [name: default]
2026-07-04 22:48:36.621 [main] INFO  org.hibernate.orm.core - HHH000001: Hibernate ORM core version 7.2.7.Final
2026-07-04 22:48:36.705 [main] INFO  o.h.e.b.internal.EnversServiceImpl - Envers integration enabled? : true
2026-07-04 22:48:36.772 [main] INFO  o.s.o.j.p.SpringPersistenceUnitInfo - No LoadTimeWeaver setup: ignoring JPA class transformer
2026-07-04 22:48:36.786 [main] INFO  com.zaxxer.hikari.HikariDataSource - HikariPool-1 - Starting...
2026-07-04 22:48:36.857 [main] INFO  com.zaxxer.hikari.pool.HikariPool - HikariPool-1 - Added connection org.postgresql.jdbc.PgConnection@38769b6c
2026-07-04 22:48:36.858 [main] INFO  com.zaxxer.hikari.HikariDataSource - HikariPool-1 - Start completed.
2026-07-04 22:48:36.884 [main] INFO  o.hibernate.orm.connections.pooling - HHH10001005: Database info:
	Database JDBC URL [jdbc:postgresql://localhost:56280/test?loggerLevel=OFF]
	Database driver: PostgreSQL JDBC Driver
	Database dialect: PostgreSQLDialect
	Database version: 16.14
	Default catalog/schema: test/public
	Autocommit mode: undefined/unknown
	Isolation level: READ_COMMITTED [default READ_COMMITTED]
	JDBC fetch size: none
	Pool: DataSourceConnectionProvider
	Minimum pool size: undefined/unknown
	Maximum pool size: undefined/unknown
2026-07-04 22:48:36.993 [main] INFO  o.h.e.c.i.m.AuditMetadataGenerator - Adding properties for entity: com.ermapsh.hospital.entity.PostEntity
2026-07-04 22:48:37.411 [main] INFO  org.hibernate.orm.core - HHH000489: No JTA platform available (set 'hibernate.transaction.jta.platform' to enable JTA platform integration)
2026-07-04 22:48:37.443 [main] WARN  org.hibernate.orm.jdbc.warn - HHH000247: ErrorCode: 0, SQLState: 00000
2026-07-04 22:48:37.443 [main] WARN  org.hibernate.orm.jdbc.warn - constraint "uk1t68827l97cwyxo9r1u6t4p7d" of relation "department" does not exist, skipping
2026-07-04 22:48:37.444 [main] WARN  org.hibernate.orm.jdbc.warn - HHH000247: ErrorCode: 0, SQLState: 00000
2026-07-04 22:48:37.444 [main] WARN  org.hibernate.orm.jdbc.warn - constraint "ukkkp33svgs69x9xgcgl55rk5sp" of relation "department" does not exist, skipping
2026-07-04 22:48:37.445 [main] WARN  org.hibernate.orm.jdbc.warn - HHH000247: ErrorCode: 0, SQLState: 00000
2026-07-04 22:48:37.445 [main] WARN  org.hibernate.orm.jdbc.warn - constraint "uk2o0gkfbstwhhtknwdle80icm" of relation "doctor" does not exist, skipping
2026-07-04 22:48:37.446 [main] WARN  org.hibernate.orm.jdbc.warn - HHH000247: ErrorCode: 0, SQLState: 00000
2026-07-04 22:48:37.446 [main] WARN  org.hibernate.orm.jdbc.warn - constraint "uk7rbxwbe5osbdxdxv1nx6xp5q4" of relation "insurance" does not exist, skipping
2026-07-04 22:48:37.447 [main] WARN  org.hibernate.orm.jdbc.warn - HHH000247: ErrorCode: 0, SQLState: 00000
2026-07-04 22:48:37.447 [main] WARN  org.hibernate.orm.jdbc.warn - constraint "unique_patient_name_dob" of relation "patient" does not exist, skipping
2026-07-04 22:48:37.448 [main] WARN  org.hibernate.orm.jdbc.warn - HHH000247: ErrorCode: 0, SQLState: 00000
2026-07-04 22:48:37.448 [main] WARN  org.hibernate.orm.jdbc.warn - constraint "ukmrjnos83qfuhf1o7sivv5ws5q" of relation "patient" does not exist, skipping
2026-07-04 22:48:37.449 [main] WARN  org.hibernate.orm.jdbc.warn - HHH000247: ErrorCode: 0, SQLState: 00000
2026-07-04 22:48:37.449 [main] WARN  org.hibernate.orm.jdbc.warn - constraint "ukqfqu3sawio9crosjondpnadot" of relation "patient" does not exist, skipping
2026-07-04 22:48:37.450 [main] WARN  org.hibernate.orm.jdbc.warn - HHH000247: ErrorCode: 0, SQLState: 00000
2026-07-04 22:48:37.450 [main] WARN  org.hibernate.orm.jdbc.warn - constraint "uk6dotkott2kjsp8vw4d0m25fb7" of relation "users" does not exist, skipping
2026-07-04 22:48:37.459 [main] INFO  o.s.o.j.LocalContainerEntityManagerFactoryBean - Initialized JPA EntityManagerFactory for persistence unit 'default'
2026-07-04 22:48:37.488 [main] INFO  o.s.d.j.r.q.QueryEnhancerFactories - Hibernate is in classpath; If applicable, HQL parser will be used.
2026-07-04 22:48:37.568 [main] INFO  o.s.s.c.a.a.c.InitializeUserDetailsBeanManagerConfigurer$InitializeUserDetailsManagerConfigurer - Global AuthenticationManager configured with UserDetailsService bean with name userService
2026-07-04 22:48:38.002 [main] WARN  o.s.b.j.a.JpaBaseConfiguration$JpaWebConfiguration - spring.jpa.open-in-view is enabled by default. Therefore, database queries may be performed during view rendering. Explicitly configure spring.jpa.open-in-view to disable this warning
2026-07-04 22:48:38.295 [main] INFO  o.s.b.t.m.w.SpringBootMockServletContext - Initializing Spring TestDispatcherServlet ''
2026-07-04 22:48:38.295 [main] INFO  o.s.t.w.s.TestDispatcherServlet - Initializing Servlet ''
2026-07-04 22:48:38.298 [main] INFO  o.s.b.a.e.web.EndpointLinksResolver - Exposing 13 endpoints beneath base path '/actuator'
2026-07-04 22:48:38.304 [main] INFO  o.s.t.w.s.TestDispatcherServlet - Completed initialization in 9 ms
2026-07-04 22:48:38.348 [main] INFO  c.e.h.c.AuthControllerTestIT - Started AuthControllerTestIT in 3.7 seconds (process running for 4.177)
2026-07-04 22:48:38.959 [main] WARN  c.e.hospital.service.AuthService - UsernamePasswordAuthenticationToken [Principal=User(id=1, email=ermapsh@gmail.com, password=$2a$10$xZefbG5liJZNfdQ6HysA2O64nVhdQiolxv3nFqyCoUFsHeBz47tOy, name=Mahesh Mestri, roles=[], permissions=[]), Credentials=[PROTECTED], Authenticated=true, Details=null, Granted Authorities=[FactorGrantedAuthority [authority=FACTOR_PASSWORD, issuedAt=2026-07-04T17:18:38.958649Z]]]
2026-07-04 22:48:38.959 [main] WARN  c.e.hospital.service.AuthService - User(id=1, email=ermapsh@gmail.com, password=$2a$10$xZefbG5liJZNfdQ6HysA2O64nVhdQiolxv3nFqyCoUFsHeBz47tOy, name=Mahesh Mestri, roles=[], permissions=[])
2026-07-04 22:48:39.151 [main] WARN  org.hibernate.orm.jdbc.error - HHH000247: ErrorCode: 0, SQLState: 23505
2026-07-04 22:48:39.151 [main] WARN  org.hibernate.orm.jdbc.error - ERROR: duplicate key value violates unique constraint "uk6dotkott2kjsp8vw4d0m25fb7"
  Detail: Key (email)=(ermapsh@gmail.com) already exists.
2026-07-04 22:48:39.169 [SpringApplicationShutdownHook] INFO  o.s.o.j.LocalContainerEntityManagerFactoryBean - Closing JPA EntityManagerFactory for persistence unit 'default'
2026-07-04 22:48:39.170 [SpringApplicationShutdownHook] INFO  com.zaxxer.hikari.HikariDataSource - HikariPool-1 - Shutdown initiated...
2026-07-04 22:48:39.171 [SpringApplicationShutdownHook] INFO  com.zaxxer.hikari.HikariDataSource - HikariPool-1 - Shutdown completed.
2026-07-04 22:49:07.327 [main] INFO  c.e.h.c.AuthControllerTestIT - Starting AuthControllerTestIT using Java 25.0.1 with PID 97821 (started by ermapsh in /Users/ermapsh/Devlopement/project/backend/hospital)
2026-07-04 22:49:07.327 [main] INFO  c.e.h.c.AuthControllerTestIT - No active profile set, falling back to 1 default profile: "default"
2026-07-04 22:49:07.399 [background-preinit] INFO  o.h.validator.internal.util.Version - HV000001: Hibernate Validator 9.0.1.Final
2026-07-04 22:49:07.649 [main] INFO  o.s.d.r.c.RepositoryConfigurationDelegate - Bootstrapping Spring Data JPA repositories in DEFAULT mode.
2026-07-04 22:49:07.703 [main] INFO  o.s.d.r.c.RepositoryConfigurationDelegate - Finished Spring Data repository scanning in 51 ms. Found 8 JPA repository interfaces.
2026-07-04 22:49:07.893 [main] INFO  o.testcontainers.images.PullPolicy - Image pull policy will be performed by: DefaultPullPolicy()
2026-07-04 22:49:07.893 [main] INFO  o.t.utility.ImageNameSubstitutor - Image name substitution will be performed by: DefaultImageNameSubstitutor (composite of 'ConfigurationFileImageNameSubstitutor' and 'PrefixingImageNameSubstitutor')
2026-07-04 22:49:07.901 [main] INFO  o.testcontainers.DockerClientFactory - Testcontainers version: 2.0.4
2026-07-04 22:49:07.969 [main] INFO  o.t.d.DockerClientProviderStrategy - Loaded org.testcontainers.dockerclient.UnixSocketClientProviderStrategy from ~/.testcontainers.properties, will try it first
2026-07-04 22:49:08.110 [main] INFO  o.t.d.DockerClientProviderStrategy - Found Docker environment with local Unix socket (unix:///var/run/docker.sock)
2026-07-04 22:49:08.111 [main] INFO  o.testcontainers.DockerClientFactory - Docker host IP address is localhost
2026-07-04 22:49:08.121 [main] INFO  o.testcontainers.DockerClientFactory - Connected to docker: 
  Server Version: 29.6.1
  API Version: 1.55
  Operating System: Docker Desktop
  Total Memory: 7936 MB
  Labels: 
    com.docker.desktop.address=unix:///Users/ermapsh/Library/Containers/com.docker.docker/Data/docker-cli.sock
2026-07-04 22:49:08.162 [main] INFO  tc.testcontainers/ryuk:0.14.0 - Creating container for image: testcontainers/ryuk:0.14.0
2026-07-04 22:49:08.261 [main] INFO  tc.testcontainers/ryuk:0.14.0 - Container testcontainers/ryuk:0.14.0 is starting: 8272f5a0cbe6ba0cb07a2cb251b21c3315646a48348200a546faf57108484b99
2026-07-04 22:49:08.418 [main] INFO  tc.testcontainers/ryuk:0.14.0 - Container testcontainers/ryuk:0.14.0 started in PT0.256898S
2026-07-04 22:49:08.421 [main] INFO  o.t.utility.RyukResourceReaper - Ryuk started - will monitor and terminate Testcontainers containers on JVM exit
2026-07-04 22:49:08.421 [main] INFO  o.testcontainers.DockerClientFactory - Checking the system...
2026-07-04 22:49:08.421 [main] INFO  o.testcontainers.DockerClientFactory - ✔︎ Docker server version should be at least 1.6.0
2026-07-04 22:49:08.421 [main] INFO  tc.postgres:16 - Creating container for image: postgres:16
2026-07-04 22:49:08.446 [main] INFO  tc.postgres:16 - Container postgres:16 is starting: 261478c5cd2f5698f84fb0d66667769892c7188ffb3766ac5a32b1e8b63c380c
2026-07-04 22:49:09.001 [main] INFO  tc.postgres:16 - Container postgres:16 started in PT0.580052S
2026-07-04 22:49:09.002 [main] INFO  tc.postgres:16 - Container is started (JDBC URL: jdbc:postgresql://localhost:56299/test?loggerLevel=OFF)
2026-07-04 22:49:09.069 [main] INFO  org.hibernate.orm.jpa - HHH008540: Processing PersistenceUnitInfo [name: default]
2026-07-04 22:49:09.094 [main] INFO  org.hibernate.orm.core - HHH000001: Hibernate ORM core version 7.2.7.Final
2026-07-04 22:49:09.186 [main] INFO  o.h.e.b.internal.EnversServiceImpl - Envers integration enabled? : true
2026-07-04 22:49:09.261 [main] INFO  o.s.o.j.p.SpringPersistenceUnitInfo - No LoadTimeWeaver setup: ignoring JPA class transformer
2026-07-04 22:49:09.273 [main] INFO  com.zaxxer.hikari.HikariDataSource - HikariPool-1 - Starting...
2026-07-04 22:49:09.334 [main] INFO  com.zaxxer.hikari.pool.HikariPool - HikariPool-1 - Added connection org.postgresql.jdbc.PgConnection@3c7e7ffd
2026-07-04 22:49:09.334 [main] INFO  com.zaxxer.hikari.HikariDataSource - HikariPool-1 - Start completed.
2026-07-04 22:49:09.358 [main] INFO  o.hibernate.orm.connections.pooling - HHH10001005: Database info:
	Database JDBC URL [jdbc:postgresql://localhost:56299/test?loggerLevel=OFF]
	Database driver: PostgreSQL JDBC Driver
	Database dialect: PostgreSQLDialect
	Database version: 16.14
	Default catalog/schema: test/public
	Autocommit mode: undefined/unknown
	Isolation level: READ_COMMITTED [default READ_COMMITTED]
	JDBC fetch size: none
	Pool: DataSourceConnectionProvider
	Minimum pool size: undefined/unknown
	Maximum pool size: undefined/unknown
2026-07-04 22:49:09.470 [main] INFO  o.h.e.c.i.m.AuditMetadataGenerator - Adding properties for entity: com.ermapsh.hospital.entity.PostEntity
2026-07-04 22:49:09.916 [main] INFO  org.hibernate.orm.core - HHH000489: No JTA platform available (set 'hibernate.transaction.jta.platform' to enable JTA platform integration)
2026-07-04 22:49:09.950 [main] WARN  org.hibernate.orm.jdbc.warn - HHH000247: ErrorCode: 0, SQLState: 00000
2026-07-04 22:49:09.950 [main] WARN  org.hibernate.orm.jdbc.warn - constraint "uk1t68827l97cwyxo9r1u6t4p7d" of relation "department" does not exist, skipping
2026-07-04 22:49:09.951 [main] WARN  org.hibernate.orm.jdbc.warn - HHH000247: ErrorCode: 0, SQLState: 00000
2026-07-04 22:49:09.951 [main] WARN  org.hibernate.orm.jdbc.warn - constraint "ukkkp33svgs69x9xgcgl55rk5sp" of relation "department" does not exist, skipping
2026-07-04 22:49:09.952 [main] WARN  org.hibernate.orm.jdbc.warn - HHH000247: ErrorCode: 0, SQLState: 00000
2026-07-04 22:49:09.952 [main] WARN  org.hibernate.orm.jdbc.warn - constraint "uk2o0gkfbstwhhtknwdle80icm" of relation "doctor" does not exist, skipping
2026-07-04 22:49:09.953 [main] WARN  org.hibernate.orm.jdbc.warn - HHH000247: ErrorCode: 0, SQLState: 00000
2026-07-04 22:49:09.953 [main] WARN  org.hibernate.orm.jdbc.warn - constraint "uk7rbxwbe5osbdxdxv1nx6xp5q4" of relation "insurance" does not exist, skipping
2026-07-04 22:49:09.955 [main] WARN  org.hibernate.orm.jdbc.warn - HHH000247: ErrorCode: 0, SQLState: 00000
2026-07-04 22:49:09.955 [main] WARN  org.hibernate.orm.jdbc.warn - constraint "unique_patient_name_dob" of relation "patient" does not exist, skipping
2026-07-04 22:49:09.956 [main] WARN  org.hibernate.orm.jdbc.warn - HHH000247: ErrorCode: 0, SQLState: 00000
2026-07-04 22:49:09.956 [main] WARN  org.hibernate.orm.jdbc.warn - constraint "ukmrjnos83qfuhf1o7sivv5ws5q" of relation "patient" does not exist, skipping
2026-07-04 22:49:09.956 [main] WARN  org.hibernate.orm.jdbc.warn - HHH000247: ErrorCode: 0, SQLState: 00000
2026-07-04 22:49:09.956 [main] WARN  org.hibernate.orm.jdbc.warn - constraint "ukqfqu3sawio9crosjondpnadot" of relation "patient" does not exist, skipping
2026-07-04 22:49:09.957 [main] WARN  org.hibernate.orm.jdbc.warn - HHH000247: ErrorCode: 0, SQLState: 00000
2026-07-04 22:49:09.957 [main] WARN  org.hibernate.orm.jdbc.warn - constraint "uk6dotkott2kjsp8vw4d0m25fb7" of relation "users" does not exist, skipping
2026-07-04 22:49:09.966 [main] INFO  o.s.o.j.LocalContainerEntityManagerFactoryBean - Initialized JPA EntityManagerFactory for persistence unit 'default'
2026-07-04 22:49:09.997 [main] INFO  o.s.d.j.r.q.QueryEnhancerFactories - Hibernate is in classpath; If applicable, HQL parser will be used.
2026-07-04 22:49:10.072 [main] INFO  o.s.s.c.a.a.c.InitializeUserDetailsBeanManagerConfigurer$InitializeUserDetailsManagerConfigurer - Global AuthenticationManager configured with UserDetailsService bean with name userService
2026-07-04 22:49:10.493 [main] WARN  o.s.b.j.a.JpaBaseConfiguration$JpaWebConfiguration - spring.jpa.open-in-view is enabled by default. Therefore, database queries may be performed during view rendering. Explicitly configure spring.jpa.open-in-view to disable this warning
2026-07-04 22:49:10.786 [main] INFO  o.s.b.t.m.w.SpringBootMockServletContext - Initializing Spring TestDispatcherServlet ''
2026-07-04 22:49:10.786 [main] INFO  o.s.t.w.s.TestDispatcherServlet - Initializing Servlet ''
2026-07-04 22:49:10.789 [main] INFO  o.s.b.a.e.web.EndpointLinksResolver - Exposing 13 endpoints beneath base path '/actuator'
2026-07-04 22:49:10.794 [main] INFO  o.s.t.w.s.TestDispatcherServlet - Completed initialization in 8 ms
2026-07-04 22:49:10.839 [main] INFO  c.e.h.c.AuthControllerTestIT - Started AuthControllerTestIT in 3.656 seconds (process running for 4.108)
2026-07-04 22:49:11.451 [main] WARN  c.e.hospital.service.AuthService - UsernamePasswordAuthenticationToken [Principal=User(id=1, email=maheshmestri12@gmail.com, password=$2a$10$7Ugjn73jub8lXUhUJCJMAeG3oBdLF5m9nd7M8qg5e0euJyPzqyjUq, name=Mahesh Mestri, roles=[], permissions=[]), Credentials=[PROTECTED], Authenticated=true, Details=null, Granted Authorities=[FactorGrantedAuthority [authority=FACTOR_PASSWORD, issuedAt=2026-07-04T17:19:11.450586Z]]]
2026-07-04 22:49:11.451 [main] WARN  c.e.hospital.service.AuthService - User(id=1, email=maheshmestri12@gmail.com, password=$2a$10$7Ugjn73jub8lXUhUJCJMAeG3oBdLF5m9nd7M8qg5e0euJyPzqyjUq, name=Mahesh Mestri, roles=[], permissions=[])
2026-07-04 22:49:11.639 [main] WARN  org.hibernate.orm.jdbc.error - HHH000247: ErrorCode: 0, SQLState: 23505
2026-07-04 22:49:11.640 [main] WARN  org.hibernate.orm.jdbc.error - ERROR: duplicate key value violates unique constraint "uk6dotkott2kjsp8vw4d0m25fb7"
  Detail: Key (email)=(maheshmestri12@gmail.com) already exists.
2026-07-04 22:49:11.660 [SpringApplicationShutdownHook] INFO  o.s.o.j.LocalContainerEntityManagerFactoryBean - Closing JPA EntityManagerFactory for persistence unit 'default'
2026-07-04 22:49:11.661 [SpringApplicationShutdownHook] INFO  com.zaxxer.hikari.HikariDataSource - HikariPool-1 - Shutdown initiated...
2026-07-04 22:49:11.662 [SpringApplicationShutdownHook] INFO  com.zaxxer.hikari.HikariDataSource - HikariPool-1 - Shutdown completed.
2026-07-04 22:49:34.751 [main] INFO  c.e.h.c.AuthControllerTestIT - Starting AuthControllerTestIT using Java 25.0.1 with PID 97840 (started by ermapsh in /Users/ermapsh/Devlopement/project/backend/hospital)
2026-07-04 22:49:34.752 [main] INFO  c.e.h.c.AuthControllerTestIT - No active profile set, falling back to 1 default profile: "default"
2026-07-04 22:49:34.828 [background-preinit] INFO  o.h.validator.internal.util.Version - HV000001: Hibernate Validator 9.0.1.Final
2026-07-04 22:49:35.094 [main] INFO  o.s.d.r.c.RepositoryConfigurationDelegate - Bootstrapping Spring Data JPA repositories in DEFAULT mode.
2026-07-04 22:49:35.153 [main] INFO  o.s.d.r.c.RepositoryConfigurationDelegate - Finished Spring Data repository scanning in 55 ms. Found 8 JPA repository interfaces.
2026-07-04 22:49:35.359 [main] INFO  o.testcontainers.images.PullPolicy - Image pull policy will be performed by: DefaultPullPolicy()
2026-07-04 22:49:35.359 [main] INFO  o.t.utility.ImageNameSubstitutor - Image name substitution will be performed by: DefaultImageNameSubstitutor (composite of 'ConfigurationFileImageNameSubstitutor' and 'PrefixingImageNameSubstitutor')
2026-07-04 22:49:35.367 [main] INFO  o.testcontainers.DockerClientFactory - Testcontainers version: 2.0.4
2026-07-04 22:49:35.444 [main] INFO  o.t.d.DockerClientProviderStrategy - Loaded org.testcontainers.dockerclient.UnixSocketClientProviderStrategy from ~/.testcontainers.properties, will try it first
2026-07-04 22:49:35.597 [main] INFO  o.t.d.DockerClientProviderStrategy - Found Docker environment with local Unix socket (unix:///var/run/docker.sock)
2026-07-04 22:49:35.598 [main] INFO  o.testcontainers.DockerClientFactory - Docker host IP address is localhost
2026-07-04 22:49:35.608 [main] INFO  o.testcontainers.DockerClientFactory - Connected to docker: 
  Server Version: 29.6.1
  API Version: 1.55
  Operating System: Docker Desktop
  Total Memory: 7936 MB
  Labels: 
    com.docker.desktop.address=unix:///Users/ermapsh/Library/Containers/com.docker.docker/Data/docker-cli.sock
2026-07-04 22:49:35.653 [main] INFO  tc.testcontainers/ryuk:0.14.0 - Creating container for image: testcontainers/ryuk:0.14.0
2026-07-04 22:49:35.783 [main] INFO  tc.testcontainers/ryuk:0.14.0 - Container testcontainers/ryuk:0.14.0 is starting: e3525712786fc4bc054f4f817bba5e3cf0dfb177fb081ff17046a30186a9e477
2026-07-04 22:49:35.947 [main] INFO  tc.testcontainers/ryuk:0.14.0 - Container testcontainers/ryuk:0.14.0 started in PT0.293801S
2026-07-04 22:49:35.950 [main] INFO  o.t.utility.RyukResourceReaper - Ryuk started - will monitor and terminate Testcontainers containers on JVM exit
2026-07-04 22:49:35.950 [main] INFO  o.testcontainers.DockerClientFactory - Checking the system...
2026-07-04 22:49:35.950 [main] INFO  o.testcontainers.DockerClientFactory - ✔︎ Docker server version should be at least 1.6.0
2026-07-04 22:49:35.950 [main] INFO  tc.postgres:16 - Creating container for image: postgres:16
2026-07-04 22:49:35.973 [main] INFO  tc.postgres:16 - Container postgres:16 is starting: 8e6d150534984b4b7753d702969e4b705f34211df613a75b9ecf8c6e4d0d0a17
2026-07-04 22:49:36.548 [main] INFO  tc.postgres:16 - Container postgres:16 started in PT0.597947S
2026-07-04 22:49:36.549 [main] INFO  tc.postgres:16 - Container is started (JDBC URL: jdbc:postgresql://localhost:56318/test?loggerLevel=OFF)
2026-07-04 22:49:36.614 [main] INFO  org.hibernate.orm.jpa - HHH008540: Processing PersistenceUnitInfo [name: default]
2026-07-04 22:49:36.635 [main] INFO  org.hibernate.orm.core - HHH000001: Hibernate ORM core version 7.2.7.Final
2026-07-04 22:49:36.721 [main] INFO  o.h.e.b.internal.EnversServiceImpl - Envers integration enabled? : true
2026-07-04 22:49:36.793 [main] INFO  o.s.o.j.p.SpringPersistenceUnitInfo - No LoadTimeWeaver setup: ignoring JPA class transformer
2026-07-04 22:49:36.805 [main] INFO  com.zaxxer.hikari.HikariDataSource - HikariPool-1 - Starting...
2026-07-04 22:49:36.866 [main] INFO  com.zaxxer.hikari.pool.HikariPool - HikariPool-1 - Added connection org.postgresql.jdbc.PgConnection@3d2af8d7
2026-07-04 22:49:36.866 [main] INFO  com.zaxxer.hikari.HikariDataSource - HikariPool-1 - Start completed.
2026-07-04 22:49:36.891 [main] INFO  o.hibernate.orm.connections.pooling - HHH10001005: Database info:
	Database JDBC URL [jdbc:postgresql://localhost:56318/test?loggerLevel=OFF]
	Database driver: PostgreSQL JDBC Driver
	Database dialect: PostgreSQLDialect
	Database version: 16.14
	Default catalog/schema: test/public
	Autocommit mode: undefined/unknown
	Isolation level: READ_COMMITTED [default READ_COMMITTED]
	JDBC fetch size: none
	Pool: DataSourceConnectionProvider
	Minimum pool size: undefined/unknown
	Maximum pool size: undefined/unknown
2026-07-04 22:49:36.993 [main] INFO  o.h.e.c.i.m.AuditMetadataGenerator - Adding properties for entity: com.ermapsh.hospital.entity.PostEntity
2026-07-04 22:49:37.380 [main] INFO  org.hibernate.orm.core - HHH000489: No JTA platform available (set 'hibernate.transaction.jta.platform' to enable JTA platform integration)
2026-07-04 22:49:37.411 [main] WARN  org.hibernate.orm.jdbc.warn - HHH000247: ErrorCode: 0, SQLState: 00000
2026-07-04 22:49:37.411 [main] WARN  org.hibernate.orm.jdbc.warn - constraint "uk1t68827l97cwyxo9r1u6t4p7d" of relation "department" does not exist, skipping
2026-07-04 22:49:37.412 [main] WARN  org.hibernate.orm.jdbc.warn - HHH000247: ErrorCode: 0, SQLState: 00000
2026-07-04 22:49:37.412 [main] WARN  org.hibernate.orm.jdbc.warn - constraint "ukkkp33svgs69x9xgcgl55rk5sp" of relation "department" does not exist, skipping
2026-07-04 22:49:37.413 [main] WARN  org.hibernate.orm.jdbc.warn - HHH000247: ErrorCode: 0, SQLState: 00000
2026-07-04 22:49:37.413 [main] WARN  org.hibernate.orm.jdbc.warn - constraint "uk2o0gkfbstwhhtknwdle80icm" of relation "doctor" does not exist, skipping
2026-07-04 22:49:37.414 [main] WARN  org.hibernate.orm.jdbc.warn - HHH000247: ErrorCode: 0, SQLState: 00000
2026-07-04 22:49:37.414 [main] WARN  org.hibernate.orm.jdbc.warn - constraint "uk7rbxwbe5osbdxdxv1nx6xp5q4" of relation "insurance" does not exist, skipping
2026-07-04 22:49:37.415 [main] WARN  org.hibernate.orm.jdbc.warn - HHH000247: ErrorCode: 0, SQLState: 00000
2026-07-04 22:49:37.416 [main] WARN  org.hibernate.orm.jdbc.warn - constraint "unique_patient_name_dob" of relation "patient" does not exist, skipping
2026-07-04 22:49:37.416 [main] WARN  org.hibernate.orm.jdbc.warn - HHH000247: ErrorCode: 0, SQLState: 00000
2026-07-04 22:49:37.417 [main] WARN  org.hibernate.orm.jdbc.warn - constraint "ukmrjnos83qfuhf1o7sivv5ws5q" of relation "patient" does not exist, skipping
2026-07-04 22:49:37.417 [main] WARN  org.hibernate.orm.jdbc.warn - HHH000247: ErrorCode: 0, SQLState: 00000
2026-07-04 22:49:37.417 [main] WARN  org.hibernate.orm.jdbc.warn - constraint "ukqfqu3sawio9crosjondpnadot" of relation "patient" does not exist, skipping
2026-07-04 22:49:37.418 [main] WARN  org.hibernate.orm.jdbc.warn - HHH000247: ErrorCode: 0, SQLState: 00000
2026-07-04 22:49:37.418 [main] WARN  org.hibernate.orm.jdbc.warn - constraint "uk6dotkott2kjsp8vw4d0m25fb7" of relation "users" does not exist, skipping
2026-07-04 22:49:37.428 [main] INFO  o.s.o.j.LocalContainerEntityManagerFactoryBean - Initialized JPA EntityManagerFactory for persistence unit 'default'
2026-07-04 22:49:37.457 [main] INFO  o.s.d.j.r.q.QueryEnhancerFactories - Hibernate is in classpath; If applicable, HQL parser will be used.
2026-07-04 22:49:37.533 [main] INFO  o.s.s.c.a.a.c.InitializeUserDetailsBeanManagerConfigurer$InitializeUserDetailsManagerConfigurer - Global AuthenticationManager configured with UserDetailsService bean with name userService
2026-07-04 22:49:38.015 [main] WARN  o.s.b.j.a.JpaBaseConfiguration$JpaWebConfiguration - spring.jpa.open-in-view is enabled by default. Therefore, database queries may be performed during view rendering. Explicitly configure spring.jpa.open-in-view to disable this warning
2026-07-04 22:49:38.316 [main] INFO  o.s.b.t.m.w.SpringBootMockServletContext - Initializing Spring TestDispatcherServlet ''
2026-07-04 22:49:38.316 [main] INFO  o.s.t.w.s.TestDispatcherServlet - Initializing Servlet ''
2026-07-04 22:49:38.319 [main] INFO  o.s.b.a.e.web.EndpointLinksResolver - Exposing 13 endpoints beneath base path '/actuator'
2026-07-04 22:49:38.325 [main] INFO  o.s.t.w.s.TestDispatcherServlet - Completed initialization in 9 ms
2026-07-04 22:49:38.370 [main] INFO  c.e.h.c.AuthControllerTestIT - Started AuthControllerTestIT in 3.768 seconds (process running for 4.249)
2026-07-04 22:49:38.983 [main] WARN  c.e.hospital.service.AuthService - UsernamePasswordAuthenticationToken [Principal=User(id=1, email=maheshmestri12@gmail.com, password=$2a$10$Rkz0Hi770w04EOrcWwI9O.ZL72ddUf1mpGjjvzP.lOULBVOezpSS2, name=Mahesh Mestri, roles=[], permissions=[]), Credentials=[PROTECTED], Authenticated=true, Details=null, Granted Authorities=[FactorGrantedAuthority [authority=FACTOR_PASSWORD, issuedAt=2026-07-04T17:19:38.982667Z]]]
2026-07-04 22:49:38.983 [main] WARN  c.e.hospital.service.AuthService - User(id=1, email=maheshmestri12@gmail.com, password=$2a$10$Rkz0Hi770w04EOrcWwI9O.ZL72ddUf1mpGjjvzP.lOULBVOezpSS2, name=Mahesh Mestri, roles=[], permissions=[])
2026-07-04 22:49:39.202 [main] WARN  org.hibernate.orm.jdbc.error - HHH000247: ErrorCode: 0, SQLState: 23505
2026-07-04 22:49:39.202 [main] WARN  org.hibernate.orm.jdbc.error - ERROR: duplicate key value violates unique constraint "uk6dotkott2kjsp8vw4d0m25fb7"
  Detail: Key (email)=(maheshmestri12@gmail.com) already exists.
2026-07-04 22:49:39.220 [SpringApplicationShutdownHook] INFO  o.s.o.j.LocalContainerEntityManagerFactoryBean - Closing JPA EntityManagerFactory for persistence unit 'default'
2026-07-04 22:49:39.221 [SpringApplicationShutdownHook] INFO  com.zaxxer.hikari.HikariDataSource - HikariPool-1 - Shutdown initiated...
2026-07-04 22:49:39.222 [SpringApplicationShutdownHook] INFO  com.zaxxer.hikari.HikariDataSource - HikariPool-1 - Shutdown completed.
2026-07-04 22:55:29.784 [main] INFO  c.e.h.c.AuthControllerTestIT - Starting AuthControllerTestIT using Java 25.0.1 with PID 97985 (started by ermapsh in /Users/ermapsh/Devlopement/project/backend/hospital)
2026-07-04 22:55:29.785 [main] INFO  c.e.h.c.AuthControllerTestIT - No active profile set, falling back to 1 default profile: "default"
2026-07-04 22:55:29.876 [background-preinit] INFO  o.h.validator.internal.util.Version - HV000001: Hibernate Validator 9.0.1.Final
2026-07-04 22:55:30.154 [main] INFO  o.s.d.r.c.RepositoryConfigurationDelegate - Bootstrapping Spring Data JPA repositories in DEFAULT mode.
2026-07-04 22:55:30.212 [main] INFO  o.s.d.r.c.RepositoryConfigurationDelegate - Finished Spring Data repository scanning in 55 ms. Found 8 JPA repository interfaces.
2026-07-04 22:55:30.408 [main] INFO  o.testcontainers.images.PullPolicy - Image pull policy will be performed by: DefaultPullPolicy()
2026-07-04 22:55:30.409 [main] INFO  o.t.utility.ImageNameSubstitutor - Image name substitution will be performed by: DefaultImageNameSubstitutor (composite of 'ConfigurationFileImageNameSubstitutor' and 'PrefixingImageNameSubstitutor')
2026-07-04 22:55:30.417 [main] INFO  o.testcontainers.DockerClientFactory - Testcontainers version: 2.0.4
2026-07-04 22:55:30.494 [main] INFO  o.t.d.DockerClientProviderStrategy - Loaded org.testcontainers.dockerclient.UnixSocketClientProviderStrategy from ~/.testcontainers.properties, will try it first
2026-07-04 22:55:30.666 [main] INFO  o.t.d.DockerClientProviderStrategy - Found Docker environment with local Unix socket (unix:///var/run/docker.sock)
2026-07-04 22:55:30.667 [main] INFO  o.testcontainers.DockerClientFactory - Docker host IP address is localhost
2026-07-04 22:55:30.683 [main] INFO  o.testcontainers.DockerClientFactory - Connected to docker: 
  Server Version: 29.6.1
  API Version: 1.55
  Operating System: Docker Desktop
  Total Memory: 7936 MB
  Labels: 
    com.docker.desktop.address=unix:///Users/ermapsh/Library/Containers/com.docker.docker/Data/docker-cli.sock
2026-07-04 22:55:30.730 [main] INFO  tc.testcontainers/ryuk:0.14.0 - Creating container for image: testcontainers/ryuk:0.14.0
2026-07-04 22:55:30.882 [main] INFO  tc.testcontainers/ryuk:0.14.0 - Container testcontainers/ryuk:0.14.0 is starting: e86c0ca5d3969d8bce10c2c82d3193ecd060fd68893f2ddb6b98b9ace9dde381
2026-07-04 22:55:31.053 [main] INFO  tc.testcontainers/ryuk:0.14.0 - Container testcontainers/ryuk:0.14.0 started in PT0.323413S
2026-07-04 22:55:31.056 [main] INFO  o.t.utility.RyukResourceReaper - Ryuk started - will monitor and terminate Testcontainers containers on JVM exit
2026-07-04 22:55:31.056 [main] INFO  o.testcontainers.DockerClientFactory - Checking the system...
2026-07-04 22:55:31.056 [main] INFO  o.testcontainers.DockerClientFactory - ✔︎ Docker server version should be at least 1.6.0
2026-07-04 22:55:31.056 [main] INFO  tc.postgres:16 - Creating container for image: postgres:16
2026-07-04 22:55:31.080 [main] INFO  tc.postgres:16 - Container postgres:16 is starting: bde0c40a69866f120e47258db6da0afaac899ea23f55907b2f1850186fdf6343
2026-07-04 22:55:31.692 [main] INFO  tc.postgres:16 - Container postgres:16 started in PT0.635513S
2026-07-04 22:55:31.692 [main] INFO  tc.postgres:16 - Container is started (JDBC URL: jdbc:postgresql://localhost:56363/test?loggerLevel=OFF)
2026-07-04 22:55:31.761 [main] INFO  org.hibernate.orm.jpa - HHH008540: Processing PersistenceUnitInfo [name: default]
2026-07-04 22:55:31.787 [main] INFO  org.hibernate.orm.core - HHH000001: Hibernate ORM core version 7.2.7.Final
2026-07-04 22:55:31.879 [main] INFO  o.h.e.b.internal.EnversServiceImpl - Envers integration enabled? : true
2026-07-04 22:55:31.962 [main] INFO  o.s.o.j.p.SpringPersistenceUnitInfo - No LoadTimeWeaver setup: ignoring JPA class transformer
2026-07-04 22:55:31.973 [main] INFO  com.zaxxer.hikari.HikariDataSource - HikariPool-1 - Starting...
2026-07-04 22:55:32.036 [main] INFO  com.zaxxer.hikari.pool.HikariPool - HikariPool-1 - Added connection org.postgresql.jdbc.PgConnection@ceeb762
2026-07-04 22:55:32.036 [main] INFO  com.zaxxer.hikari.HikariDataSource - HikariPool-1 - Start completed.
2026-07-04 22:55:32.061 [main] INFO  o.hibernate.orm.connections.pooling - HHH10001005: Database info:
	Database JDBC URL [jdbc:postgresql://localhost:56363/test?loggerLevel=OFF]
	Database driver: PostgreSQL JDBC Driver
	Database dialect: PostgreSQLDialect
	Database version: 16.14
	Default catalog/schema: test/public
	Autocommit mode: undefined/unknown
	Isolation level: READ_COMMITTED [default READ_COMMITTED]
	JDBC fetch size: none
	Pool: DataSourceConnectionProvider
	Minimum pool size: undefined/unknown
	Maximum pool size: undefined/unknown
2026-07-04 22:55:32.150 [main] INFO  o.h.e.c.i.m.AuditMetadataGenerator - Adding properties for entity: com.ermapsh.hospital.entity.PostEntity
2026-07-04 22:55:32.547 [main] INFO  org.hibernate.orm.core - HHH000489: No JTA platform available (set 'hibernate.transaction.jta.platform' to enable JTA platform integration)
2026-07-04 22:55:32.596 [main] WARN  org.hibernate.orm.jdbc.warn - HHH000247: ErrorCode: 0, SQLState: 00000
2026-07-04 22:55:32.597 [main] WARN  org.hibernate.orm.jdbc.warn - constraint "uk1t68827l97cwyxo9r1u6t4p7d" of relation "department" does not exist, skipping
2026-07-04 22:55:32.597 [main] WARN  org.hibernate.orm.jdbc.warn - HHH000247: ErrorCode: 0, SQLState: 00000
2026-07-04 22:55:32.597 [main] WARN  org.hibernate.orm.jdbc.warn - constraint "ukkkp33svgs69x9xgcgl55rk5sp" of relation "department" does not exist, skipping
2026-07-04 22:55:32.598 [main] WARN  org.hibernate.orm.jdbc.warn - HHH000247: ErrorCode: 0, SQLState: 00000
2026-07-04 22:55:32.598 [main] WARN  org.hibernate.orm.jdbc.warn - constraint "uk2o0gkfbstwhhtknwdle80icm" of relation "doctor" does not exist, skipping
2026-07-04 22:55:32.599 [main] WARN  org.hibernate.orm.jdbc.warn - HHH000247: ErrorCode: 0, SQLState: 00000
2026-07-04 22:55:32.599 [main] WARN  org.hibernate.orm.jdbc.warn - constraint "uk7rbxwbe5osbdxdxv1nx6xp5q4" of relation "insurance" does not exist, skipping
2026-07-04 22:55:32.600 [main] WARN  org.hibernate.orm.jdbc.warn - HHH000247: ErrorCode: 0, SQLState: 00000
2026-07-04 22:55:32.600 [main] WARN  org.hibernate.orm.jdbc.warn - constraint "unique_patient_name_dob" of relation "patient" does not exist, skipping
2026-07-04 22:55:32.601 [main] WARN  org.hibernate.orm.jdbc.warn - HHH000247: ErrorCode: 0, SQLState: 00000
2026-07-04 22:55:32.601 [main] WARN  org.hibernate.orm.jdbc.warn - constraint "ukmrjnos83qfuhf1o7sivv5ws5q" of relation "patient" does not exist, skipping
2026-07-04 22:55:32.601 [main] WARN  org.hibernate.orm.jdbc.warn - HHH000247: ErrorCode: 0, SQLState: 00000
2026-07-04 22:55:32.602 [main] WARN  org.hibernate.orm.jdbc.warn - constraint "ukqfqu3sawio9crosjondpnadot" of relation "patient" does not exist, skipping
2026-07-04 22:55:32.602 [main] WARN  org.hibernate.orm.jdbc.warn - HHH000247: ErrorCode: 0, SQLState: 00000
2026-07-04 22:55:32.602 [main] WARN  org.hibernate.orm.jdbc.warn - constraint "uk6dotkott2kjsp8vw4d0m25fb7" of relation "users" does not exist, skipping
2026-07-04 22:55:32.610 [main] INFO  o.s.o.j.LocalContainerEntityManagerFactoryBean - Initialized JPA EntityManagerFactory for persistence unit 'default'
2026-07-04 22:55:32.641 [main] INFO  o.s.d.j.r.q.QueryEnhancerFactories - Hibernate is in classpath; If applicable, HQL parser will be used.
2026-07-04 22:55:32.723 [main] INFO  o.s.s.c.a.a.c.InitializeUserDetailsBeanManagerConfigurer$InitializeUserDetailsManagerConfigurer - Global AuthenticationManager configured with UserDetailsService bean with name userService
2026-07-04 22:55:33.179 [main] WARN  o.s.b.j.a.JpaBaseConfiguration$JpaWebConfiguration - spring.jpa.open-in-view is enabled by default. Therefore, database queries may be performed during view rendering. Explicitly configure spring.jpa.open-in-view to disable this warning
2026-07-04 22:55:33.477 [main] INFO  o.s.b.t.m.w.SpringBootMockServletContext - Initializing Spring TestDispatcherServlet ''
2026-07-04 22:55:33.477 [main] INFO  o.s.t.w.s.TestDispatcherServlet - Initializing Servlet ''
2026-07-04 22:55:33.480 [main] INFO  o.s.b.a.e.web.EndpointLinksResolver - Exposing 13 endpoints beneath base path '/actuator'
2026-07-04 22:55:33.486 [main] INFO  o.s.t.w.s.TestDispatcherServlet - Completed initialization in 9 ms
2026-07-04 22:55:33.531 [main] INFO  c.e.h.c.AuthControllerTestIT - Started AuthControllerTestIT in 3.898 seconds (process running for 4.381)
2026-07-04 22:55:34.143 [main] WARN  c.e.hospital.service.AuthService - UsernamePasswordAuthenticationToken [Principal=User(id=1, email=maheshmestri12@gmail.com, password=$2a$10$ixhIFdsovB3GeGStP6TlueweLvcA/GQnzePUYMrJr5r8U8L91r8uO, name=Mahesh Mestri, roles=[], permissions=[]), Credentials=[PROTECTED], Authenticated=true, Details=null, Granted Authorities=[FactorGrantedAuthority [authority=FACTOR_PASSWORD, issuedAt=2026-07-04T17:25:34.142518Z]]]
2026-07-04 22:55:34.143 [main] WARN  c.e.hospital.service.AuthService - User(id=1, email=maheshmestri12@gmail.com, password=$2a$10$ixhIFdsovB3GeGStP6TlueweLvcA/GQnzePUYMrJr5r8U8L91r8uO, name=Mahesh Mestri, roles=[], permissions=[])
2026-07-04 22:55:34.359 [main] WARN  org.hibernate.orm.jdbc.error - HHH000247: ErrorCode: 0, SQLState: 23503
2026-07-04 22:55:34.359 [main] WARN  org.hibernate.orm.jdbc.error - ERROR: update or delete on table "users" violates foreign key constraint "fkruie73rneumyyd1bgo6qw8vjt" on table "sessions"
  Detail: Key (id)=(1) is still referenced from table "sessions".
2026-07-04 22:55:34.491 [main] WARN  org.hibernate.orm.jdbc.error - HHH000247: ErrorCode: 0, SQLState: 23503
2026-07-04 22:55:34.491 [main] WARN  org.hibernate.orm.jdbc.error - ERROR: update or delete on table "users" violates foreign key constraint "fkruie73rneumyyd1bgo6qw8vjt" on table "sessions"
  Detail: Key (id)=(1) is still referenced from table "sessions".
2026-07-04 22:55:34.504 [SpringApplicationShutdownHook] INFO  o.s.o.j.LocalContainerEntityManagerFactoryBean - Closing JPA EntityManagerFactory for persistence unit 'default'
2026-07-04 22:55:34.504 [SpringApplicationShutdownHook] INFO  com.zaxxer.hikari.HikariDataSource - HikariPool-1 - Shutdown initiated...
2026-07-04 22:55:34.505 [SpringApplicationShutdownHook] INFO  com.zaxxer.hikari.HikariDataSource - HikariPool-1 - Shutdown completed.
2026-07-04 22:56:56.821 [main] INFO  c.e.h.c.AuthControllerTestIT - Starting AuthControllerTestIT using Java 25.0.1 with PID 98024 (started by ermapsh in /Users/ermapsh/Devlopement/project/backend/hospital)
2026-07-04 22:56:56.822 [main] INFO  c.e.h.c.AuthControllerTestIT - No active profile set, falling back to 1 default profile: "default"
2026-07-04 22:56:56.902 [background-preinit] INFO  o.h.validator.internal.util.Version - HV000001: Hibernate Validator 9.0.1.Final
2026-07-04 22:56:57.153 [main] INFO  o.s.d.r.c.RepositoryConfigurationDelegate - Bootstrapping Spring Data JPA repositories in DEFAULT mode.
2026-07-04 22:56:57.209 [main] INFO  o.s.d.r.c.RepositoryConfigurationDelegate - Finished Spring Data repository scanning in 52 ms. Found 8 JPA repository interfaces.
2026-07-04 22:56:57.402 [main] INFO  o.testcontainers.images.PullPolicy - Image pull policy will be performed by: DefaultPullPolicy()
2026-07-04 22:56:57.403 [main] INFO  o.t.utility.ImageNameSubstitutor - Image name substitution will be performed by: DefaultImageNameSubstitutor (composite of 'ConfigurationFileImageNameSubstitutor' and 'PrefixingImageNameSubstitutor')
2026-07-04 22:56:57.411 [main] INFO  o.testcontainers.DockerClientFactory - Testcontainers version: 2.0.4
2026-07-04 22:56:57.487 [main] INFO  o.t.d.DockerClientProviderStrategy - Loaded org.testcontainers.dockerclient.UnixSocketClientProviderStrategy from ~/.testcontainers.properties, will try it first
2026-07-04 22:56:57.644 [main] INFO  o.t.d.DockerClientProviderStrategy - Found Docker environment with local Unix socket (unix:///var/run/docker.sock)
2026-07-04 22:56:57.645 [main] INFO  o.testcontainers.DockerClientFactory - Docker host IP address is localhost
2026-07-04 22:56:57.657 [main] INFO  o.testcontainers.DockerClientFactory - Connected to docker: 
  Server Version: 29.6.1
  API Version: 1.55
  Operating System: Docker Desktop
  Total Memory: 7936 MB
  Labels: 
    com.docker.desktop.address=unix:///Users/ermapsh/Library/Containers/com.docker.docker/Data/docker-cli.sock
2026-07-04 22:56:57.696 [main] INFO  tc.testcontainers/ryuk:0.14.0 - Creating container for image: testcontainers/ryuk:0.14.0
2026-07-04 22:56:57.830 [main] INFO  tc.testcontainers/ryuk:0.14.0 - Container testcontainers/ryuk:0.14.0 is starting: 1e2ed889cecfbdf5357563bec50175ac95cfcf3f03c67d08de74b84c3975b044
2026-07-04 22:56:58.001 [main] INFO  tc.testcontainers/ryuk:0.14.0 - Container testcontainers/ryuk:0.14.0 started in PT0.304533S
2026-07-04 22:56:58.003 [main] INFO  o.t.utility.RyukResourceReaper - Ryuk started - will monitor and terminate Testcontainers containers on JVM exit
2026-07-04 22:56:58.003 [main] INFO  o.testcontainers.DockerClientFactory - Checking the system...
2026-07-04 22:56:58.004 [main] INFO  o.testcontainers.DockerClientFactory - ✔︎ Docker server version should be at least 1.6.0
2026-07-04 22:56:58.004 [main] INFO  tc.postgres:16 - Creating container for image: postgres:16
2026-07-04 22:56:58.027 [main] INFO  tc.postgres:16 - Container postgres:16 is starting: cbf973fb21991d19c800b86f24eb0387c4534380802b36804e3c5e0ffc07ce2d
2026-07-04 22:56:58.659 [main] INFO  tc.postgres:16 - Container postgres:16 started in PT0.655134S
2026-07-04 22:56:58.660 [main] INFO  tc.postgres:16 - Container is started (JDBC URL: jdbc:postgresql://localhost:56392/test?loggerLevel=OFF)
2026-07-04 22:56:58.727 [main] INFO  org.hibernate.orm.jpa - HHH008540: Processing PersistenceUnitInfo [name: default]
2026-07-04 22:56:58.752 [main] INFO  org.hibernate.orm.core - HHH000001: Hibernate ORM core version 7.2.7.Final
2026-07-04 22:56:58.841 [main] INFO  o.h.e.b.internal.EnversServiceImpl - Envers integration enabled? : true
2026-07-04 22:56:58.917 [main] INFO  o.s.o.j.p.SpringPersistenceUnitInfo - No LoadTimeWeaver setup: ignoring JPA class transformer
2026-07-04 22:56:58.929 [main] INFO  com.zaxxer.hikari.HikariDataSource - HikariPool-1 - Starting...
2026-07-04 22:56:59.002 [main] INFO  com.zaxxer.hikari.pool.HikariPool - HikariPool-1 - Added connection org.postgresql.jdbc.PgConnection@2d9cc10
2026-07-04 22:56:59.002 [main] INFO  com.zaxxer.hikari.HikariDataSource - HikariPool-1 - Start completed.
2026-07-04 22:56:59.029 [main] INFO  o.hibernate.orm.connections.pooling - HHH10001005: Database info:
	Database JDBC URL [jdbc:postgresql://localhost:56392/test?loggerLevel=OFF]
	Database driver: PostgreSQL JDBC Driver
	Database dialect: PostgreSQLDialect
	Database version: 16.14
	Default catalog/schema: test/public
	Autocommit mode: undefined/unknown
	Isolation level: READ_COMMITTED [default READ_COMMITTED]
	JDBC fetch size: none
	Pool: DataSourceConnectionProvider
	Minimum pool size: undefined/unknown
	Maximum pool size: undefined/unknown
2026-07-04 22:56:59.135 [main] INFO  o.h.e.c.i.m.AuditMetadataGenerator - Adding properties for entity: com.ermapsh.hospital.entity.PostEntity
2026-07-04 22:56:59.531 [main] INFO  org.hibernate.orm.core - HHH000489: No JTA platform available (set 'hibernate.transaction.jta.platform' to enable JTA platform integration)
2026-07-04 22:56:59.562 [main] WARN  org.hibernate.orm.jdbc.warn - HHH000247: ErrorCode: 0, SQLState: 00000
2026-07-04 22:56:59.562 [main] WARN  org.hibernate.orm.jdbc.warn - constraint "uk1t68827l97cwyxo9r1u6t4p7d" of relation "department" does not exist, skipping
2026-07-04 22:56:59.563 [main] WARN  org.hibernate.orm.jdbc.warn - HHH000247: ErrorCode: 0, SQLState: 00000
2026-07-04 22:56:59.564 [main] WARN  org.hibernate.orm.jdbc.warn - constraint "ukkkp33svgs69x9xgcgl55rk5sp" of relation "department" does not exist, skipping
2026-07-04 22:56:59.564 [main] WARN  org.hibernate.orm.jdbc.warn - HHH000247: ErrorCode: 0, SQLState: 00000
2026-07-04 22:56:59.564 [main] WARN  org.hibernate.orm.jdbc.warn - constraint "uk2o0gkfbstwhhtknwdle80icm" of relation "doctor" does not exist, skipping
2026-07-04 22:56:59.565 [main] WARN  org.hibernate.orm.jdbc.warn - HHH000247: ErrorCode: 0, SQLState: 00000
2026-07-04 22:56:59.565 [main] WARN  org.hibernate.orm.jdbc.warn - constraint "uk7rbxwbe5osbdxdxv1nx6xp5q4" of relation "insurance" does not exist, skipping
2026-07-04 22:56:59.567 [main] WARN  org.hibernate.orm.jdbc.warn - HHH000247: ErrorCode: 0, SQLState: 00000
2026-07-04 22:56:59.567 [main] WARN  org.hibernate.orm.jdbc.warn - constraint "unique_patient_name_dob" of relation "patient" does not exist, skipping
2026-07-04 22:56:59.568 [main] WARN  org.hibernate.orm.jdbc.warn - HHH000247: ErrorCode: 0, SQLState: 00000
2026-07-04 22:56:59.568 [main] WARN  org.hibernate.orm.jdbc.warn - constraint "ukmrjnos83qfuhf1o7sivv5ws5q" of relation "patient" does not exist, skipping
2026-07-04 22:56:59.569 [main] WARN  org.hibernate.orm.jdbc.warn - HHH000247: ErrorCode: 0, SQLState: 00000
2026-07-04 22:56:59.569 [main] WARN  org.hibernate.orm.jdbc.warn - constraint "ukqfqu3sawio9crosjondpnadot" of relation "patient" does not exist, skipping
2026-07-04 22:56:59.570 [main] WARN  org.hibernate.orm.jdbc.warn - HHH000247: ErrorCode: 0, SQLState: 00000
2026-07-04 22:56:59.570 [main] WARN  org.hibernate.orm.jdbc.warn - constraint "uk6dotkott2kjsp8vw4d0m25fb7" of relation "users" does not exist, skipping
2026-07-04 22:56:59.579 [main] INFO  o.s.o.j.LocalContainerEntityManagerFactoryBean - Initialized JPA EntityManagerFactory for persistence unit 'default'
2026-07-04 22:56:59.609 [main] INFO  o.s.d.j.r.q.QueryEnhancerFactories - Hibernate is in classpath; If applicable, HQL parser will be used.
2026-07-04 22:56:59.691 [main] INFO  o.s.s.c.a.a.c.InitializeUserDetailsBeanManagerConfigurer$InitializeUserDetailsManagerConfigurer - Global AuthenticationManager configured with UserDetailsService bean with name userService
2026-07-04 22:57:00.160 [main] WARN  o.s.b.j.a.JpaBaseConfiguration$JpaWebConfiguration - spring.jpa.open-in-view is enabled by default. Therefore, database queries may be performed during view rendering. Explicitly configure spring.jpa.open-in-view to disable this warning
2026-07-04 22:57:00.455 [main] INFO  o.s.b.t.m.w.SpringBootMockServletContext - Initializing Spring TestDispatcherServlet ''
2026-07-04 22:57:00.455 [main] INFO  o.s.t.w.s.TestDispatcherServlet - Initializing Servlet ''
2026-07-04 22:57:00.458 [main] INFO  o.s.b.a.e.web.EndpointLinksResolver - Exposing 13 endpoints beneath base path '/actuator'
2026-07-04 22:57:00.463 [main] INFO  o.s.t.w.s.TestDispatcherServlet - Completed initialization in 8 ms
2026-07-04 22:57:00.508 [main] INFO  c.e.h.c.AuthControllerTestIT - Started AuthControllerTestIT in 3.844 seconds (process running for 4.353)
2026-07-04 22:57:01.124 [main] WARN  c.e.hospital.service.AuthService - UsernamePasswordAuthenticationToken [Principal=User(id=1, email=maheshmestri12@gmail.com, password=$2a$10$LZhdJT4iJcHOmegqXAsISuNgsLGfK2PyroYbiWGdzArQ26ZUIBcNm, name=Mahesh Mestri, roles=[], permissions=[]), Credentials=[PROTECTED], Authenticated=true, Details=null, Granted Authorities=[FactorGrantedAuthority [authority=FACTOR_PASSWORD, issuedAt=2026-07-04T17:27:01.123578Z]]]
2026-07-04 22:57:01.124 [main] WARN  c.e.hospital.service.AuthService - User(id=1, email=maheshmestri12@gmail.com, password=$2a$10$LZhdJT4iJcHOmegqXAsISuNgsLGfK2PyroYbiWGdzArQ26ZUIBcNm, name=Mahesh Mestri, roles=[], permissions=[])
2026-07-04 22:57:01.337 [main] WARN  org.hibernate.orm.jdbc.error - HHH000247: ErrorCode: 0, SQLState: 23503
2026-07-04 22:57:01.337 [main] WARN  org.hibernate.orm.jdbc.error - ERROR: update or delete on table "users" violates foreign key constraint "fkruie73rneumyyd1bgo6qw8vjt" on table "sessions"
  Detail: Key (id)=(1) is still referenced from table "sessions".
2026-07-04 22:57:01.468 [main] WARN  org.hibernate.orm.jdbc.error - HHH000247: ErrorCode: 0, SQLState: 23503
2026-07-04 22:57:01.468 [main] WARN  org.hibernate.orm.jdbc.error - ERROR: update or delete on table "users" violates foreign key constraint "fkruie73rneumyyd1bgo6qw8vjt" on table "sessions"
  Detail: Key (id)=(1) is still referenced from table "sessions".
2026-07-04 22:57:01.480 [SpringApplicationShutdownHook] INFO  o.s.o.j.LocalContainerEntityManagerFactoryBean - Closing JPA EntityManagerFactory for persistence unit 'default'
2026-07-04 22:57:01.481 [SpringApplicationShutdownHook] INFO  com.zaxxer.hikari.HikariDataSource - HikariPool-1 - Shutdown initiated...
2026-07-04 22:57:01.482 [SpringApplicationShutdownHook] INFO  com.zaxxer.hikari.HikariDataSource - HikariPool-1 - Shutdown completed.
2026-07-04 22:57:44.072 [main] INFO  c.e.h.c.AuthControllerTestIT - Starting AuthControllerTestIT using Java 25.0.1 with PID 98049 (started by ermapsh in /Users/ermapsh/Devlopement/project/backend/hospital)
2026-07-04 22:57:44.072 [main] INFO  c.e.h.c.AuthControllerTestIT - No active profile set, falling back to 1 default profile: "default"
2026-07-04 22:57:44.152 [background-preinit] INFO  o.h.validator.internal.util.Version - HV000001: Hibernate Validator 9.0.1.Final
2026-07-04 22:57:44.451 [main] INFO  o.s.d.r.c.RepositoryConfigurationDelegate - Bootstrapping Spring Data JPA repositories in DEFAULT mode.
2026-07-04 22:57:44.514 [main] INFO  o.s.d.r.c.RepositoryConfigurationDelegate - Finished Spring Data repository scanning in 59 ms. Found 8 JPA repository interfaces.
2026-07-04 22:57:44.713 [main] INFO  o.testcontainers.images.PullPolicy - Image pull policy will be performed by: DefaultPullPolicy()
2026-07-04 22:57:44.714 [main] INFO  o.t.utility.ImageNameSubstitutor - Image name substitution will be performed by: DefaultImageNameSubstitutor (composite of 'ConfigurationFileImageNameSubstitutor' and 'PrefixingImageNameSubstitutor')
2026-07-04 22:57:44.723 [main] INFO  o.testcontainers.DockerClientFactory - Testcontainers version: 2.0.4
2026-07-04 22:57:44.800 [main] INFO  o.t.d.DockerClientProviderStrategy - Loaded org.testcontainers.dockerclient.UnixSocketClientProviderStrategy from ~/.testcontainers.properties, will try it first
2026-07-04 22:57:44.967 [main] INFO  o.t.d.DockerClientProviderStrategy - Found Docker environment with local Unix socket (unix:///var/run/docker.sock)
2026-07-04 22:57:44.968 [main] INFO  o.testcontainers.DockerClientFactory - Docker host IP address is localhost
2026-07-04 22:57:44.982 [main] INFO  o.testcontainers.DockerClientFactory - Connected to docker: 
  Server Version: 29.6.1
  API Version: 1.55
  Operating System: Docker Desktop
  Total Memory: 7936 MB
  Labels: 
    com.docker.desktop.address=unix:///Users/ermapsh/Library/Containers/com.docker.docker/Data/docker-cli.sock
2026-07-04 22:57:45.023 [main] INFO  tc.testcontainers/ryuk:0.14.0 - Creating container for image: testcontainers/ryuk:0.14.0
2026-07-04 22:57:45.172 [main] INFO  tc.testcontainers/ryuk:0.14.0 - Container testcontainers/ryuk:0.14.0 is starting: 4431e13c5103b103f01aa57153cf02b3d90bfe03d0e6c8cddfe6ec9f73f82ebb
2026-07-04 22:57:45.324 [main] INFO  tc.testcontainers/ryuk:0.14.0 - Container testcontainers/ryuk:0.14.0 started in PT0.301119S
2026-07-04 22:57:45.327 [main] INFO  o.t.utility.RyukResourceReaper - Ryuk started - will monitor and terminate Testcontainers containers on JVM exit
2026-07-04 22:57:45.327 [main] INFO  o.testcontainers.DockerClientFactory - Checking the system...
2026-07-04 22:57:45.327 [main] INFO  o.testcontainers.DockerClientFactory - ✔︎ Docker server version should be at least 1.6.0
2026-07-04 22:57:45.327 [main] INFO  tc.postgres:16 - Creating container for image: postgres:16
2026-07-04 22:57:45.356 [main] INFO  tc.postgres:16 - Container postgres:16 is starting: fa27b9fc73919c2ed4547a26cd8a6786c4e096bd0ec2c6757cc855982c51f53c
2026-07-04 22:57:45.939 [main] INFO  tc.postgres:16 - Container postgres:16 started in PT0.612082S
2026-07-04 22:57:45.940 [main] INFO  tc.postgres:16 - Container is started (JDBC URL: jdbc:postgresql://localhost:56414/test?loggerLevel=OFF)
2026-07-04 22:57:46.014 [main] INFO  org.hibernate.orm.jpa - HHH008540: Processing PersistenceUnitInfo [name: default]
2026-07-04 22:57:46.035 [main] INFO  org.hibernate.orm.core - HHH000001: Hibernate ORM core version 7.2.7.Final
2026-07-04 22:57:46.120 [main] INFO  o.h.e.b.internal.EnversServiceImpl - Envers integration enabled? : true
2026-07-04 22:57:46.195 [main] INFO  o.s.o.j.p.SpringPersistenceUnitInfo - No LoadTimeWeaver setup: ignoring JPA class transformer
2026-07-04 22:57:46.206 [main] INFO  com.zaxxer.hikari.HikariDataSource - HikariPool-1 - Starting...
2026-07-04 22:57:46.267 [main] INFO  com.zaxxer.hikari.pool.HikariPool - HikariPool-1 - Added connection org.postgresql.jdbc.PgConnection@49ed3b76
2026-07-04 22:57:46.268 [main] INFO  com.zaxxer.hikari.HikariDataSource - HikariPool-1 - Start completed.
2026-07-04 22:57:46.292 [main] INFO  o.hibernate.orm.connections.pooling - HHH10001005: Database info:
	Database JDBC URL [jdbc:postgresql://localhost:56414/test?loggerLevel=OFF]
	Database driver: PostgreSQL JDBC Driver
	Database dialect: PostgreSQLDialect
	Database version: 16.14
	Default catalog/schema: test/public
	Autocommit mode: undefined/unknown
	Isolation level: READ_COMMITTED [default READ_COMMITTED]
	JDBC fetch size: none
	Pool: DataSourceConnectionProvider
	Minimum pool size: undefined/unknown
	Maximum pool size: undefined/unknown
2026-07-04 22:57:46.388 [main] INFO  o.h.e.c.i.m.AuditMetadataGenerator - Adding properties for entity: com.ermapsh.hospital.entity.PostEntity
2026-07-04 22:57:46.808 [main] INFO  org.hibernate.orm.core - HHH000489: No JTA platform available (set 'hibernate.transaction.jta.platform' to enable JTA platform integration)
2026-07-04 22:57:46.842 [main] WARN  org.hibernate.orm.jdbc.warn - HHH000247: ErrorCode: 0, SQLState: 00000
2026-07-04 22:57:46.842 [main] WARN  org.hibernate.orm.jdbc.warn - constraint "uk1t68827l97cwyxo9r1u6t4p7d" of relation "department" does not exist, skipping
2026-07-04 22:57:46.843 [main] WARN  org.hibernate.orm.jdbc.warn - HHH000247: ErrorCode: 0, SQLState: 00000
2026-07-04 22:57:46.843 [main] WARN  org.hibernate.orm.jdbc.warn - constraint "ukkkp33svgs69x9xgcgl55rk5sp" of relation "department" does not exist, skipping
2026-07-04 22:57:46.845 [main] WARN  org.hibernate.orm.jdbc.warn - HHH000247: ErrorCode: 0, SQLState: 00000
2026-07-04 22:57:46.845 [main] WARN  org.hibernate.orm.jdbc.warn - constraint "uk2o0gkfbstwhhtknwdle80icm" of relation "doctor" does not exist, skipping
2026-07-04 22:57:46.846 [main] WARN  org.hibernate.orm.jdbc.warn - HHH000247: ErrorCode: 0, SQLState: 00000
2026-07-04 22:57:46.846 [main] WARN  org.hibernate.orm.jdbc.warn - constraint "uk7rbxwbe5osbdxdxv1nx6xp5q4" of relation "insurance" does not exist, skipping
2026-07-04 22:57:46.848 [main] WARN  org.hibernate.orm.jdbc.warn - HHH000247: ErrorCode: 0, SQLState: 00000
2026-07-04 22:57:46.848 [main] WARN  org.hibernate.orm.jdbc.warn - constraint "unique_patient_name_dob" of relation "patient" does not exist, skipping
2026-07-04 22:57:46.849 [main] WARN  org.hibernate.orm.jdbc.warn - HHH000247: ErrorCode: 0, SQLState: 00000
2026-07-04 22:57:46.849 [main] WARN  org.hibernate.orm.jdbc.warn - constraint "ukmrjnos83qfuhf1o7sivv5ws5q" of relation "patient" does not exist, skipping
2026-07-04 22:57:46.850 [main] WARN  org.hibernate.orm.jdbc.warn - HHH000247: ErrorCode: 0, SQLState: 00000
2026-07-04 22:57:46.850 [main] WARN  org.hibernate.orm.jdbc.warn - constraint "ukqfqu3sawio9crosjondpnadot" of relation "patient" does not exist, skipping
2026-07-04 22:57:46.851 [main] WARN  org.hibernate.orm.jdbc.warn - HHH000247: ErrorCode: 0, SQLState: 00000
2026-07-04 22:57:46.851 [main] WARN  org.hibernate.orm.jdbc.warn - constraint "uk6dotkott2kjsp8vw4d0m25fb7" of relation "users" does not exist, skipping
2026-07-04 22:57:46.862 [main] INFO  o.s.o.j.LocalContainerEntityManagerFactoryBean - Initialized JPA EntityManagerFactory for persistence unit 'default'
2026-07-04 22:57:46.899 [main] INFO  o.s.d.j.r.q.QueryEnhancerFactories - Hibernate is in classpath; If applicable, HQL parser will be used.
2026-07-04 22:57:46.980 [main] INFO  o.s.s.c.a.a.c.InitializeUserDetailsBeanManagerConfigurer$InitializeUserDetailsManagerConfigurer - Global AuthenticationManager configured with UserDetailsService bean with name userService
2026-07-04 22:57:47.444 [main] WARN  o.s.b.j.a.JpaBaseConfiguration$JpaWebConfiguration - spring.jpa.open-in-view is enabled by default. Therefore, database queries may be performed during view rendering. Explicitly configure spring.jpa.open-in-view to disable this warning
2026-07-04 22:57:47.767 [main] INFO  o.s.b.t.m.w.SpringBootMockServletContext - Initializing Spring TestDispatcherServlet ''
2026-07-04 22:57:47.767 [main] INFO  o.s.t.w.s.TestDispatcherServlet - Initializing Servlet ''
2026-07-04 22:57:47.771 [main] INFO  o.s.b.a.e.web.EndpointLinksResolver - Exposing 13 endpoints beneath base path '/actuator'
2026-07-04 22:57:47.783 [main] INFO  o.s.t.w.s.TestDispatcherServlet - Completed initialization in 16 ms
2026-07-04 22:57:47.831 [main] INFO  c.e.h.c.AuthControllerTestIT - Started AuthControllerTestIT in 3.914 seconds (process running for 4.415)
2026-07-04 22:57:48.459 [main] WARN  c.e.hospital.service.AuthService - UsernamePasswordAuthenticationToken [Principal=User(id=1, email=maheshmestri12@gmail.com, password=$2a$10$L2/E9z4c3CyQ6SM4RMHidO5mFU9TUQs4/XgB4t9SJy4Emo42LB1QC, name=Mahesh Mestri, roles=[], permissions=[]), Credentials=[PROTECTED], Authenticated=true, Details=null, Granted Authorities=[FactorGrantedAuthority [authority=FACTOR_PASSWORD, issuedAt=2026-07-04T17:27:48.458601Z]]]
2026-07-04 22:57:48.459 [main] WARN  c.e.hospital.service.AuthService - User(id=1, email=maheshmestri12@gmail.com, password=$2a$10$L2/E9z4c3CyQ6SM4RMHidO5mFU9TUQs4/XgB4t9SJy4Emo42LB1QC, name=Mahesh Mestri, roles=[], permissions=[])
2026-07-04 22:57:48.833 [main] ERROR o.s.t.w.r.server.ExchangeResult - Request details for assertion failure:

> POST /auth/signup
> WebTestClient-Request-Id: [2]
> Content-Type: [application/json]
> Content-Length: [190]

{"email":"maheshmestri12@gmail.com","password":"$2a$10$e4md4VQ.TCc5CFV/Po6VB.g44OmpceqzPE5FxN0C8oAy0qxVAtCNW","name":"Mahesh Mestri","roles":["USER"],"permissions":["POST_VIEW","USER_VIEW"]}

< 401 UNAUTHORIZED Unauthorized
< Content-Type: [application/json]

{"timestamp":"2026-07-04T22:57:48.827075","status":401,"error":"Unauthorized","message":"User email already exist maheshmestri12@gmail.com"}

======================  MockMvc (Server) ===============================

MockHttpServletRequest:
      HTTP Method = POST
      Request URI = /auth/signup
       Parameters = {}
          Headers = [WebTestClient-Request-Id:"2", Content-Type:"application/json", Content-Length:"190"]
             Body = <no character encoding set>
    Session Attrs = {}

Handler:
             Type = com.ermapsh.hospital.controller.AuthController
           Method = com.ermapsh.hospital.controller.AuthController#signup(SignupRequest)

Async:
    Async started = false
     Async result = null

Resolved Exception:
             Type = org.springframework.security.authentication.BadCredentialsException

ModelAndView:
        View name = null
             View = null
            Model = null

FlashMap:
       Attributes = null

MockHttpServletResponse:
           Status = 401
    Error message = null
          Headers = [Content-Type:"application/json"]
     Content type = application/json
             Body = {"timestamp":"2026-07-04T22:57:48.827075","status":401,"error":"Unauthorized","message":"User email already exist maheshmestri12@gmail.com"}
    Forwarded URL = null
   Redirected URL = null
          Cookies = []


2026-07-04 22:57:48.848 [SpringApplicationShutdownHook] INFO  o.s.o.j.LocalContainerEntityManagerFactoryBean - Closing JPA EntityManagerFactory for persistence unit 'default'
2026-07-04 22:57:48.849 [SpringApplicationShutdownHook] INFO  com.zaxxer.hikari.HikariDataSource - HikariPool-1 - Shutdown initiated...
2026-07-04 22:57:48.850 [SpringApplicationShutdownHook] INFO  com.zaxxer.hikari.HikariDataSource - HikariPool-1 - Shutdown completed.
2026-07-04 23:06:55.415 [main] INFO  c.e.h.c.AuthControllerTestIT - Starting AuthControllerTestIT using Java 25.0.1 with PID 98240 (started by ermapsh in /Users/ermapsh/Devlopement/project/backend/hospital)
2026-07-04 23:06:55.416 [main] INFO  c.e.h.c.AuthControllerTestIT - No active profile set, falling back to 1 default profile: "default"
2026-07-04 23:06:55.498 [background-preinit] INFO  o.h.validator.internal.util.Version - HV000001: Hibernate Validator 9.0.1.Final
2026-07-04 23:06:55.755 [main] INFO  o.s.d.r.c.RepositoryConfigurationDelegate - Bootstrapping Spring Data JPA repositories in DEFAULT mode.
2026-07-04 23:06:55.814 [main] INFO  o.s.d.r.c.RepositoryConfigurationDelegate - Finished Spring Data repository scanning in 55 ms. Found 8 JPA repository interfaces.
2026-07-04 23:06:56.009 [main] INFO  o.testcontainers.images.PullPolicy - Image pull policy will be performed by: DefaultPullPolicy()
2026-07-04 23:06:56.010 [main] INFO  o.t.utility.ImageNameSubstitutor - Image name substitution will be performed by: DefaultImageNameSubstitutor (composite of 'ConfigurationFileImageNameSubstitutor' and 'PrefixingImageNameSubstitutor')
2026-07-04 23:06:56.018 [main] INFO  o.testcontainers.DockerClientFactory - Testcontainers version: 2.0.4
2026-07-04 23:06:56.093 [main] INFO  o.t.d.DockerClientProviderStrategy - Loaded org.testcontainers.dockerclient.UnixSocketClientProviderStrategy from ~/.testcontainers.properties, will try it first
2026-07-04 23:06:56.278 [main] INFO  o.t.d.DockerClientProviderStrategy - Found Docker environment with local Unix socket (unix:///var/run/docker.sock)
2026-07-04 23:06:56.278 [main] INFO  o.testcontainers.DockerClientFactory - Docker host IP address is localhost
2026-07-04 23:06:56.293 [main] INFO  o.testcontainers.DockerClientFactory - Connected to docker: 
  Server Version: 29.6.1
  API Version: 1.55
  Operating System: Docker Desktop
  Total Memory: 7936 MB
  Labels: 
    com.docker.desktop.address=unix:///Users/ermapsh/Library/Containers/com.docker.docker/Data/docker-cli.sock
2026-07-04 23:06:56.330 [main] INFO  tc.testcontainers/ryuk:0.14.0 - Creating container for image: testcontainers/ryuk:0.14.0
2026-07-04 23:06:56.488 [main] INFO  tc.testcontainers/ryuk:0.14.0 - Container testcontainers/ryuk:0.14.0 is starting: abae68abef80e7582530f79ba5f04c3a03e67e490c18dd27b161de23f5a569de
2026-07-04 23:06:56.665 [main] INFO  tc.testcontainers/ryuk:0.14.0 - Container testcontainers/ryuk:0.14.0 started in PT0.335195S
2026-07-04 23:06:56.668 [main] INFO  o.t.utility.RyukResourceReaper - Ryuk started - will monitor and terminate Testcontainers containers on JVM exit
2026-07-04 23:06:56.669 [main] INFO  o.testcontainers.DockerClientFactory - Checking the system...
2026-07-04 23:06:56.669 [main] INFO  o.testcontainers.DockerClientFactory - ✔︎ Docker server version should be at least 1.6.0
2026-07-04 23:06:56.669 [main] INFO  tc.postgres:16 - Creating container for image: postgres:16
2026-07-04 23:06:56.707 [main] INFO  tc.postgres:16 - Container postgres:16 is starting: 4eb2ac53ee60d18486b56f3518d56ff2c8847ac67e3e97dd9cd201b3a9b3ed48
2026-07-04 23:06:57.371 [main] INFO  tc.postgres:16 - Container postgres:16 started in PT0.70175S
2026-07-04 23:06:57.371 [main] INFO  tc.postgres:16 - Container is started (JDBC URL: jdbc:postgresql://localhost:56475/test?loggerLevel=OFF)
2026-07-04 23:06:57.437 [main] INFO  org.hibernate.orm.jpa - HHH008540: Processing PersistenceUnitInfo [name: default]
2026-07-04 23:06:57.460 [main] INFO  org.hibernate.orm.core - HHH000001: Hibernate ORM core version 7.2.7.Final
2026-07-04 23:06:57.550 [main] INFO  o.h.e.b.internal.EnversServiceImpl - Envers integration enabled? : true
2026-07-04 23:06:57.627 [main] INFO  o.s.o.j.p.SpringPersistenceUnitInfo - No LoadTimeWeaver setup: ignoring JPA class transformer
2026-07-04 23:06:57.640 [main] INFO  com.zaxxer.hikari.HikariDataSource - HikariPool-1 - Starting...
2026-07-04 23:06:57.703 [main] INFO  com.zaxxer.hikari.pool.HikariPool - HikariPool-1 - Added connection org.postgresql.jdbc.PgConnection@ca9ffc0
2026-07-04 23:06:57.703 [main] INFO  com.zaxxer.hikari.HikariDataSource - HikariPool-1 - Start completed.
2026-07-04 23:06:57.729 [main] INFO  o.hibernate.orm.connections.pooling - HHH10001005: Database info:
	Database JDBC URL [jdbc:postgresql://localhost:56475/test?loggerLevel=OFF]
	Database driver: PostgreSQL JDBC Driver
	Database dialect: PostgreSQLDialect
	Database version: 16.14
	Default catalog/schema: test/public
	Autocommit mode: undefined/unknown
	Isolation level: READ_COMMITTED [default READ_COMMITTED]
	JDBC fetch size: none
	Pool: DataSourceConnectionProvider
	Minimum pool size: undefined/unknown
	Maximum pool size: undefined/unknown
2026-07-04 23:06:57.825 [main] INFO  o.h.e.c.i.m.AuditMetadataGenerator - Adding properties for entity: com.ermapsh.hospital.entity.PostEntity
2026-07-04 23:06:58.238 [main] INFO  org.hibernate.orm.core - HHH000489: No JTA platform available (set 'hibernate.transaction.jta.platform' to enable JTA platform integration)
2026-07-04 23:06:58.275 [main] WARN  org.hibernate.orm.jdbc.warn - HHH000247: ErrorCode: 0, SQLState: 00000
2026-07-04 23:06:58.275 [main] WARN  org.hibernate.orm.jdbc.warn - constraint "uk1t68827l97cwyxo9r1u6t4p7d" of relation "department" does not exist, skipping
2026-07-04 23:06:58.276 [main] WARN  org.hibernate.orm.jdbc.warn - HHH000247: ErrorCode: 0, SQLState: 00000
2026-07-04 23:06:58.276 [main] WARN  org.hibernate.orm.jdbc.warn - constraint "ukkkp33svgs69x9xgcgl55rk5sp" of relation "department" does not exist, skipping
2026-07-04 23:06:58.277 [main] WARN  org.hibernate.orm.jdbc.warn - HHH000247: ErrorCode: 0, SQLState: 00000
2026-07-04 23:06:58.277 [main] WARN  org.hibernate.orm.jdbc.warn - constraint "uk2o0gkfbstwhhtknwdle80icm" of relation "doctor" does not exist, skipping
2026-07-04 23:06:58.278 [main] WARN  org.hibernate.orm.jdbc.warn - HHH000247: ErrorCode: 0, SQLState: 00000
2026-07-04 23:06:58.278 [main] WARN  org.hibernate.orm.jdbc.warn - constraint "uk7rbxwbe5osbdxdxv1nx6xp5q4" of relation "insurance" does not exist, skipping
2026-07-04 23:06:58.280 [main] WARN  org.hibernate.orm.jdbc.warn - HHH000247: ErrorCode: 0, SQLState: 00000
2026-07-04 23:06:58.280 [main] WARN  org.hibernate.orm.jdbc.warn - constraint "unique_patient_name_dob" of relation "patient" does not exist, skipping
2026-07-04 23:06:58.281 [main] WARN  org.hibernate.orm.jdbc.warn - HHH000247: ErrorCode: 0, SQLState: 00000
2026-07-04 23:06:58.281 [main] WARN  org.hibernate.orm.jdbc.warn - constraint "ukmrjnos83qfuhf1o7sivv5ws5q" of relation "patient" does not exist, skipping
2026-07-04 23:06:58.282 [main] WARN  org.hibernate.orm.jdbc.warn - HHH000247: ErrorCode: 0, SQLState: 00000
2026-07-04 23:06:58.282 [main] WARN  org.hibernate.orm.jdbc.warn - constraint "ukqfqu3sawio9crosjondpnadot" of relation "patient" does not exist, skipping
2026-07-04 23:06:58.283 [main] WARN  org.hibernate.orm.jdbc.warn - HHH000247: ErrorCode: 0, SQLState: 00000
2026-07-04 23:06:58.283 [main] WARN  org.hibernate.orm.jdbc.warn - constraint "uk6dotkott2kjsp8vw4d0m25fb7" of relation "users" does not exist, skipping
2026-07-04 23:06:58.292 [main] INFO  o.s.o.j.LocalContainerEntityManagerFactoryBean - Initialized JPA EntityManagerFactory for persistence unit 'default'
2026-07-04 23:06:58.324 [main] INFO  o.s.d.j.r.q.QueryEnhancerFactories - Hibernate is in classpath; If applicable, HQL parser will be used.
2026-07-04 23:06:58.400 [main] INFO  o.s.s.c.a.a.c.InitializeUserDetailsBeanManagerConfigurer$InitializeUserDetailsManagerConfigurer - Global AuthenticationManager configured with UserDetailsService bean with name userService
2026-07-04 23:06:58.856 [main] WARN  o.s.b.j.a.JpaBaseConfiguration$JpaWebConfiguration - spring.jpa.open-in-view is enabled by default. Therefore, database queries may be performed during view rendering. Explicitly configure spring.jpa.open-in-view to disable this warning
2026-07-04 23:06:59.167 [main] INFO  o.s.b.t.m.w.SpringBootMockServletContext - Initializing Spring TestDispatcherServlet ''
2026-07-04 23:06:59.167 [main] INFO  o.s.t.w.s.TestDispatcherServlet - Initializing Servlet ''
2026-07-04 23:06:59.170 [main] INFO  o.s.b.a.e.web.EndpointLinksResolver - Exposing 13 endpoints beneath base path '/actuator'
2026-07-04 23:06:59.176 [main] INFO  o.s.t.w.s.TestDispatcherServlet - Completed initialization in 9 ms
2026-07-04 23:06:59.222 [main] INFO  c.e.h.c.AuthControllerTestIT - Started AuthControllerTestIT in 3.961 seconds (process running for 4.479)
2026-07-04 23:06:59.749 [main] ERROR o.s.t.w.r.server.ExchangeResult - Request details for assertion failure:

> POST /auth/signup
> WebTestClient-Request-Id: [1]
> Content-Type: [application/json]
> Content-Length: [190]

{"email":"maheshmestri12@gmail.com","password":"$2a$10$GbD9L5e98MYjKVIgXPS12OgOrquFwqBsKkzNXDIOQTBchn7XgeXBO","name":"Mahesh Mestri","roles":["USER"],"permissions":["POST_VIEW","USER_VIEW"]}

< 401 UNAUTHORIZED Unauthorized
< Content-Type: [application/json]

{"status":401,"error":"Unauthorized","message":"User email already exist maheshmestri12@gmail.com","timestamp":"2026-07-04T23:06:59.735156"}

======================  MockMvc (Server) ===============================

MockHttpServletRequest:
      HTTP Method = POST
      Request URI = /auth/signup
       Parameters = {}
          Headers = [WebTestClient-Request-Id:"1", Content-Type:"application/json", Content-Length:"190"]
             Body = <no character encoding set>
    Session Attrs = {}

Handler:
             Type = com.ermapsh.hospital.controller.AuthController
           Method = com.ermapsh.hospital.controller.AuthController#signup(SignupRequest)

Async:
    Async started = false
     Async result = null

Resolved Exception:
             Type = org.springframework.security.authentication.BadCredentialsException

ModelAndView:
        View name = null
             View = null
            Model = null

FlashMap:
       Attributes = null

MockHttpServletResponse:
           Status = 401
    Error message = null
          Headers = [Content-Type:"application/json"]
     Content type = application/json
             Body = {"status":401,"error":"Unauthorized","message":"User email already exist maheshmestri12@gmail.com","timestamp":"2026-07-04T23:06:59.735156"}
    Forwarded URL = null
   Redirected URL = null
          Cookies = []


2026-07-04 23:06:59.770 [SpringApplicationShutdownHook] INFO  o.s.o.j.LocalContainerEntityManagerFactoryBean - Closing JPA EntityManagerFactory for persistence unit 'default'
2026-07-04 23:06:59.771 [SpringApplicationShutdownHook] INFO  com.zaxxer.hikari.HikariDataSource - HikariPool-1 - Shutdown initiated...
2026-07-04 23:06:59.775 [SpringApplicationShutdownHook] INFO  com.zaxxer.hikari.HikariDataSource - HikariPool-1 - Shutdown completed.
2026-07-04 23:08:15.952 [main] INFO  c.e.h.c.AuthControllerTestIT - Starting AuthControllerTestIT using Java 25.0.1 with PID 98290 (started by ermapsh in /Users/ermapsh/Devlopement/project/backend/hospital)
2026-07-04 23:08:15.952 [main] INFO  c.e.h.c.AuthControllerTestIT - No active profile set, falling back to 1 default profile: "default"
2026-07-04 23:08:16.029 [background-preinit] INFO  o.h.validator.internal.util.Version - HV000001: Hibernate Validator 9.0.1.Final
2026-07-04 23:08:16.280 [main] INFO  o.s.d.r.c.RepositoryConfigurationDelegate - Bootstrapping Spring Data JPA repositories in DEFAULT mode.
2026-07-04 23:08:16.336 [main] INFO  o.s.d.r.c.RepositoryConfigurationDelegate - Finished Spring Data repository scanning in 53 ms. Found 8 JPA repository interfaces.
2026-07-04 23:08:16.527 [main] INFO  o.testcontainers.images.PullPolicy - Image pull policy will be performed by: DefaultPullPolicy()
2026-07-04 23:08:16.527 [main] INFO  o.t.utility.ImageNameSubstitutor - Image name substitution will be performed by: DefaultImageNameSubstitutor (composite of 'ConfigurationFileImageNameSubstitutor' and 'PrefixingImageNameSubstitutor')
2026-07-04 23:08:16.534 [main] INFO  o.testcontainers.DockerClientFactory - Testcontainers version: 2.0.4
2026-07-04 23:08:16.604 [main] INFO  o.t.d.DockerClientProviderStrategy - Loaded org.testcontainers.dockerclient.UnixSocketClientProviderStrategy from ~/.testcontainers.properties, will try it first
2026-07-04 23:08:16.763 [main] INFO  o.t.d.DockerClientProviderStrategy - Found Docker environment with local Unix socket (unix:///var/run/docker.sock)
2026-07-04 23:08:16.764 [main] INFO  o.testcontainers.DockerClientFactory - Docker host IP address is localhost
2026-07-04 23:08:16.773 [main] INFO  o.testcontainers.DockerClientFactory - Connected to docker: 
  Server Version: 29.6.1
  API Version: 1.55
  Operating System: Docker Desktop
  Total Memory: 7936 MB
  Labels: 
    com.docker.desktop.address=unix:///Users/ermapsh/Library/Containers/com.docker.docker/Data/docker-cli.sock
2026-07-04 23:08:16.812 [main] INFO  tc.testcontainers/ryuk:0.14.0 - Creating container for image: testcontainers/ryuk:0.14.0
2026-07-04 23:08:16.919 [main] INFO  tc.testcontainers/ryuk:0.14.0 - Container testcontainers/ryuk:0.14.0 is starting: 631950a0582506ba481d8f3a5c9a51471eebe8dba728b63f7bd34945896e454b
2026-07-04 23:08:17.070 [main] INFO  tc.testcontainers/ryuk:0.14.0 - Container testcontainers/ryuk:0.14.0 started in PT0.258623S
2026-07-04 23:08:17.073 [main] INFO  o.t.utility.RyukResourceReaper - Ryuk started - will monitor and terminate Testcontainers containers on JVM exit
2026-07-04 23:08:17.073 [main] INFO  o.testcontainers.DockerClientFactory - Checking the system...
2026-07-04 23:08:17.073 [main] INFO  o.testcontainers.DockerClientFactory - ✔︎ Docker server version should be at least 1.6.0
2026-07-04 23:08:17.073 [main] INFO  tc.postgres:16 - Creating container for image: postgres:16
2026-07-04 23:08:17.106 [main] INFO  tc.postgres:16 - Container postgres:16 is starting: c407640eb0fc41466240dc691b646917ab3259781c50f81dbb0be1c5b1bc09f6
2026-07-04 23:08:17.797 [main] INFO  tc.postgres:16 - Container postgres:16 started in PT0.723758S
2026-07-04 23:08:17.798 [main] INFO  tc.postgres:16 - Container is started (JDBC URL: jdbc:postgresql://localhost:56498/test?loggerLevel=OFF)
2026-07-04 23:08:17.868 [main] INFO  org.hibernate.orm.jpa - HHH008540: Processing PersistenceUnitInfo [name: default]
2026-07-04 23:08:17.890 [main] INFO  org.hibernate.orm.core - HHH000001: Hibernate ORM core version 7.2.7.Final
2026-07-04 23:08:17.994 [main] INFO  o.h.e.b.internal.EnversServiceImpl - Envers integration enabled? : true
2026-07-04 23:08:18.078 [main] INFO  o.s.o.j.p.SpringPersistenceUnitInfo - No LoadTimeWeaver setup: ignoring JPA class transformer
2026-07-04 23:08:18.091 [main] INFO  com.zaxxer.hikari.HikariDataSource - HikariPool-1 - Starting...
2026-07-04 23:08:18.163 [main] INFO  com.zaxxer.hikari.pool.HikariPool - HikariPool-1 - Added connection org.postgresql.jdbc.PgConnection@61a7930e
2026-07-04 23:08:18.164 [main] INFO  com.zaxxer.hikari.HikariDataSource - HikariPool-1 - Start completed.
2026-07-04 23:08:18.192 [main] INFO  o.hibernate.orm.connections.pooling - HHH10001005: Database info:
	Database JDBC URL [jdbc:postgresql://localhost:56498/test?loggerLevel=OFF]
	Database driver: PostgreSQL JDBC Driver
	Database dialect: PostgreSQLDialect
	Database version: 16.14
	Default catalog/schema: test/public
	Autocommit mode: undefined/unknown
	Isolation level: READ_COMMITTED [default READ_COMMITTED]
	JDBC fetch size: none
	Pool: DataSourceConnectionProvider
	Minimum pool size: undefined/unknown
	Maximum pool size: undefined/unknown
2026-07-04 23:08:18.305 [main] INFO  o.h.e.c.i.m.AuditMetadataGenerator - Adding properties for entity: com.ermapsh.hospital.entity.PostEntity
2026-07-04 23:08:18.710 [main] INFO  org.hibernate.orm.core - HHH000489: No JTA platform available (set 'hibernate.transaction.jta.platform' to enable JTA platform integration)
2026-07-04 23:08:18.748 [main] WARN  org.hibernate.orm.jdbc.warn - HHH000247: ErrorCode: 0, SQLState: 00000
2026-07-04 23:08:18.748 [main] WARN  org.hibernate.orm.jdbc.warn - constraint "uk1t68827l97cwyxo9r1u6t4p7d" of relation "department" does not exist, skipping
2026-07-04 23:08:18.749 [main] WARN  org.hibernate.orm.jdbc.warn - HHH000247: ErrorCode: 0, SQLState: 00000
2026-07-04 23:08:18.749 [main] WARN  org.hibernate.orm.jdbc.warn - constraint "ukkkp33svgs69x9xgcgl55rk5sp" of relation "department" does not exist, skipping
2026-07-04 23:08:18.751 [main] WARN  org.hibernate.orm.jdbc.warn - HHH000247: ErrorCode: 0, SQLState: 00000
2026-07-04 23:08:18.751 [main] WARN  org.hibernate.orm.jdbc.warn - constraint "uk2o0gkfbstwhhtknwdle80icm" of relation "doctor" does not exist, skipping
2026-07-04 23:08:18.752 [main] WARN  org.hibernate.orm.jdbc.warn - HHH000247: ErrorCode: 0, SQLState: 00000
2026-07-04 23:08:18.752 [main] WARN  org.hibernate.orm.jdbc.warn - constraint "uk7rbxwbe5osbdxdxv1nx6xp5q4" of relation "insurance" does not exist, skipping
2026-07-04 23:08:18.753 [main] WARN  org.hibernate.orm.jdbc.warn - HHH000247: ErrorCode: 0, SQLState: 00000
2026-07-04 23:08:18.753 [main] WARN  org.hibernate.orm.jdbc.warn - constraint "unique_patient_name_dob" of relation "patient" does not exist, skipping
2026-07-04 23:08:18.754 [main] WARN  org.hibernate.orm.jdbc.warn - HHH000247: ErrorCode: 0, SQLState: 00000
2026-07-04 23:08:18.754 [main] WARN  org.hibernate.orm.jdbc.warn - constraint "ukmrjnos83qfuhf1o7sivv5ws5q" of relation "patient" does not exist, skipping
2026-07-04 23:08:18.755 [main] WARN  org.hibernate.orm.jdbc.warn - HHH000247: ErrorCode: 0, SQLState: 00000
2026-07-04 23:08:18.755 [main] WARN  org.hibernate.orm.jdbc.warn - constraint "ukqfqu3sawio9crosjondpnadot" of relation "patient" does not exist, skipping
2026-07-04 23:08:18.756 [main] WARN  org.hibernate.orm.jdbc.warn - HHH000247: ErrorCode: 0, SQLState: 00000
2026-07-04 23:08:18.756 [main] WARN  org.hibernate.orm.jdbc.warn - constraint "uk6dotkott2kjsp8vw4d0m25fb7" of relation "users" does not exist, skipping
2026-07-04 23:08:18.766 [main] INFO  o.s.o.j.LocalContainerEntityManagerFactoryBean - Initialized JPA EntityManagerFactory for persistence unit 'default'
2026-07-04 23:08:18.798 [main] INFO  o.s.d.j.r.q.QueryEnhancerFactories - Hibernate is in classpath; If applicable, HQL parser will be used.
2026-07-04 23:08:18.875 [main] INFO  o.s.s.c.a.a.c.InitializeUserDetailsBeanManagerConfigurer$InitializeUserDetailsManagerConfigurer - Global AuthenticationManager configured with UserDetailsService bean with name userService
2026-07-04 23:08:19.334 [main] WARN  o.s.b.j.a.JpaBaseConfiguration$JpaWebConfiguration - spring.jpa.open-in-view is enabled by default. Therefore, database queries may be performed during view rendering. Explicitly configure spring.jpa.open-in-view to disable this warning
2026-07-04 23:08:19.638 [main] INFO  o.s.b.t.m.w.SpringBootMockServletContext - Initializing Spring TestDispatcherServlet ''
2026-07-04 23:08:19.638 [main] INFO  o.s.t.w.s.TestDispatcherServlet - Initializing Servlet ''
2026-07-04 23:08:19.642 [main] INFO  o.s.b.a.e.web.EndpointLinksResolver - Exposing 13 endpoints beneath base path '/actuator'
2026-07-04 23:08:19.650 [main] INFO  o.s.t.w.s.TestDispatcherServlet - Completed initialization in 12 ms
2026-07-04 23:08:19.703 [main] INFO  c.e.h.c.AuthControllerTestIT - Started AuthControllerTestIT in 3.892 seconds (process running for 4.361)
2026-07-04 23:08:20.236 [SpringApplicationShutdownHook] INFO  o.s.o.j.LocalContainerEntityManagerFactoryBean - Closing JPA EntityManagerFactory for persistence unit 'default'
2026-07-04 23:08:20.237 [SpringApplicationShutdownHook] INFO  com.zaxxer.hikari.HikariDataSource - HikariPool-1 - Shutdown initiated...
2026-07-04 23:08:20.238 [SpringApplicationShutdownHook] INFO  com.zaxxer.hikari.HikariDataSource - HikariPool-1 - Shutdown completed.
2026-07-04 23:18:12.498 [main] INFO  c.e.h.c.AuthControllerTestIT - Starting AuthControllerTestIT using Java 25.0.1 with PID 98464 (started by ermapsh in /Users/ermapsh/Devlopement/project/backend/hospital)
2026-07-04 23:18:12.499 [main] INFO  c.e.h.c.AuthControllerTestIT - No active profile set, falling back to 1 default profile: "default"
2026-07-04 23:18:12.577 [background-preinit] INFO  o.h.validator.internal.util.Version - HV000001: Hibernate Validator 9.0.1.Final
2026-07-04 23:18:12.843 [main] INFO  o.s.d.r.c.RepositoryConfigurationDelegate - Bootstrapping Spring Data JPA repositories in DEFAULT mode.
2026-07-04 23:18:12.903 [main] INFO  o.s.d.r.c.RepositoryConfigurationDelegate - Finished Spring Data repository scanning in 57 ms. Found 8 JPA repository interfaces.
2026-07-04 23:18:13.092 [main] INFO  o.testcontainers.images.PullPolicy - Image pull policy will be performed by: DefaultPullPolicy()
2026-07-04 23:18:13.093 [main] INFO  o.t.utility.ImageNameSubstitutor - Image name substitution will be performed by: DefaultImageNameSubstitutor (composite of 'ConfigurationFileImageNameSubstitutor' and 'PrefixingImageNameSubstitutor')
2026-07-04 23:18:13.101 [main] INFO  o.testcontainers.DockerClientFactory - Testcontainers version: 2.0.4
2026-07-04 23:18:13.175 [main] INFO  o.t.d.DockerClientProviderStrategy - Loaded org.testcontainers.dockerclient.UnixSocketClientProviderStrategy from ~/.testcontainers.properties, will try it first
2026-07-04 23:18:13.355 [main] INFO  o.t.d.DockerClientProviderStrategy - Found Docker environment with local Unix socket (unix:///var/run/docker.sock)
2026-07-04 23:18:13.355 [main] INFO  o.testcontainers.DockerClientFactory - Docker host IP address is localhost
2026-07-04 23:18:13.369 [main] INFO  o.testcontainers.DockerClientFactory - Connected to docker: 
  Server Version: 29.6.1
  API Version: 1.55
  Operating System: Docker Desktop
  Total Memory: 7936 MB
  Labels: 
    com.docker.desktop.address=unix:///Users/ermapsh/Library/Containers/com.docker.docker/Data/docker-cli.sock
2026-07-04 23:18:13.417 [main] INFO  tc.testcontainers/ryuk:0.14.0 - Creating container for image: testcontainers/ryuk:0.14.0
2026-07-04 23:18:13.583 [main] INFO  tc.testcontainers/ryuk:0.14.0 - Container testcontainers/ryuk:0.14.0 is starting: 63d4ace03a9d919fd150b7baa7d3cc745f24d5e293ca99d6bbe471946fa68f93
2026-07-04 23:18:13.764 [main] INFO  tc.testcontainers/ryuk:0.14.0 - Container testcontainers/ryuk:0.14.0 started in PT0.347245S
2026-07-04 23:18:13.766 [main] INFO  o.t.utility.RyukResourceReaper - Ryuk started - will monitor and terminate Testcontainers containers on JVM exit
2026-07-04 23:18:13.766 [main] INFO  o.testcontainers.DockerClientFactory - Checking the system...
2026-07-04 23:18:13.766 [main] INFO  o.testcontainers.DockerClientFactory - ✔︎ Docker server version should be at least 1.6.0
2026-07-04 23:18:13.766 [main] INFO  tc.postgres:16 - Creating container for image: postgres:16
2026-07-04 23:18:13.794 [main] INFO  tc.postgres:16 - Container postgres:16 is starting: 4ca0cf0e8ce789a6975d1f6e7aeed5a9792588445dbf75a8d0394547ba5b7c48
2026-07-04 23:18:14.448 [main] INFO  tc.postgres:16 - Container postgres:16 started in PT0.681829S
2026-07-04 23:18:14.449 [main] INFO  tc.postgres:16 - Container is started (JDBC URL: jdbc:postgresql://localhost:56545/test?loggerLevel=OFF)
2026-07-04 23:18:14.516 [main] INFO  org.hibernate.orm.jpa - HHH008540: Processing PersistenceUnitInfo [name: default]
2026-07-04 23:18:14.539 [main] INFO  org.hibernate.orm.core - HHH000001: Hibernate ORM core version 7.2.7.Final
2026-07-04 23:18:14.631 [main] INFO  o.h.e.b.internal.EnversServiceImpl - Envers integration enabled? : true
2026-07-04 23:18:14.713 [main] INFO  o.s.o.j.p.SpringPersistenceUnitInfo - No LoadTimeWeaver setup: ignoring JPA class transformer
2026-07-04 23:18:14.725 [main] INFO  com.zaxxer.hikari.HikariDataSource - HikariPool-1 - Starting...
2026-07-04 23:18:14.789 [main] INFO  com.zaxxer.hikari.pool.HikariPool - HikariPool-1 - Added connection org.postgresql.jdbc.PgConnection@527b989a
2026-07-04 23:18:14.790 [main] INFO  com.zaxxer.hikari.HikariDataSource - HikariPool-1 - Start completed.
2026-07-04 23:18:14.816 [main] INFO  o.hibernate.orm.connections.pooling - HHH10001005: Database info:
	Database JDBC URL [jdbc:postgresql://localhost:56545/test?loggerLevel=OFF]
	Database driver: PostgreSQL JDBC Driver
	Database dialect: PostgreSQLDialect
	Database version: 16.14
	Default catalog/schema: test/public
	Autocommit mode: undefined/unknown
	Isolation level: READ_COMMITTED [default READ_COMMITTED]
	JDBC fetch size: none
	Pool: DataSourceConnectionProvider
	Minimum pool size: undefined/unknown
	Maximum pool size: undefined/unknown
2026-07-04 23:18:14.916 [main] INFO  o.h.e.c.i.m.AuditMetadataGenerator - Adding properties for entity: com.ermapsh.hospital.entity.PostEntity
2026-07-04 23:18:15.321 [main] INFO  org.hibernate.orm.core - HHH000489: No JTA platform available (set 'hibernate.transaction.jta.platform' to enable JTA platform integration)
2026-07-04 23:18:15.358 [main] WARN  org.hibernate.orm.jdbc.warn - HHH000247: ErrorCode: 0, SQLState: 00000
2026-07-04 23:18:15.358 [main] WARN  org.hibernate.orm.jdbc.warn - constraint "uk1t68827l97cwyxo9r1u6t4p7d" of relation "department" does not exist, skipping
2026-07-04 23:18:15.359 [main] WARN  org.hibernate.orm.jdbc.warn - HHH000247: ErrorCode: 0, SQLState: 00000
2026-07-04 23:18:15.359 [main] WARN  org.hibernate.orm.jdbc.warn - constraint "ukkkp33svgs69x9xgcgl55rk5sp" of relation "department" does not exist, skipping
2026-07-04 23:18:15.360 [main] WARN  org.hibernate.orm.jdbc.warn - HHH000247: ErrorCode: 0, SQLState: 00000
2026-07-04 23:18:15.361 [main] WARN  org.hibernate.orm.jdbc.warn - constraint "uk2o0gkfbstwhhtknwdle80icm" of relation "doctor" does not exist, skipping
2026-07-04 23:18:15.362 [main] WARN  org.hibernate.orm.jdbc.warn - HHH000247: ErrorCode: 0, SQLState: 00000
2026-07-04 23:18:15.362 [main] WARN  org.hibernate.orm.jdbc.warn - constraint "uk7rbxwbe5osbdxdxv1nx6xp5q4" of relation "insurance" does not exist, skipping
2026-07-04 23:18:15.363 [main] WARN  org.hibernate.orm.jdbc.warn - HHH000247: ErrorCode: 0, SQLState: 00000
2026-07-04 23:18:15.363 [main] WARN  org.hibernate.orm.jdbc.warn - constraint "unique_patient_name_dob" of relation "patient" does not exist, skipping
2026-07-04 23:18:15.365 [main] WARN  org.hibernate.orm.jdbc.warn - HHH000247: ErrorCode: 0, SQLState: 00000
2026-07-04 23:18:15.365 [main] WARN  org.hibernate.orm.jdbc.warn - constraint "ukmrjnos83qfuhf1o7sivv5ws5q" of relation "patient" does not exist, skipping
2026-07-04 23:18:15.366 [main] WARN  org.hibernate.orm.jdbc.warn - HHH000247: ErrorCode: 0, SQLState: 00000
2026-07-04 23:18:15.366 [main] WARN  org.hibernate.orm.jdbc.warn - constraint "ukqfqu3sawio9crosjondpnadot" of relation "patient" does not exist, skipping
2026-07-04 23:18:15.367 [main] WARN  org.hibernate.orm.jdbc.warn - HHH000247: ErrorCode: 0, SQLState: 00000
2026-07-04 23:18:15.367 [main] WARN  org.hibernate.orm.jdbc.warn - constraint "uk6dotkott2kjsp8vw4d0m25fb7" of relation "users" does not exist, skipping
2026-07-04 23:18:15.374 [main] INFO  o.s.o.j.LocalContainerEntityManagerFactoryBean - Initialized JPA EntityManagerFactory for persistence unit 'default'
2026-07-04 23:18:15.409 [main] INFO  o.s.d.j.r.q.QueryEnhancerFactories - Hibernate is in classpath; If applicable, HQL parser will be used.
2026-07-04 23:18:15.492 [main] INFO  o.s.s.c.a.a.c.InitializeUserDetailsBeanManagerConfigurer$InitializeUserDetailsManagerConfigurer - Global AuthenticationManager configured with UserDetailsService bean with name userService
2026-07-04 23:18:15.979 [main] WARN  o.s.b.j.a.JpaBaseConfiguration$JpaWebConfiguration - spring.jpa.open-in-view is enabled by default. Therefore, database queries may be performed during view rendering. Explicitly configure spring.jpa.open-in-view to disable this warning
2026-07-04 23:18:16.277 [main] INFO  o.s.b.t.m.w.SpringBootMockServletContext - Initializing Spring TestDispatcherServlet ''
2026-07-04 23:18:16.277 [main] INFO  o.s.t.w.s.TestDispatcherServlet - Initializing Servlet ''
2026-07-04 23:18:16.280 [main] INFO  o.s.b.a.e.web.EndpointLinksResolver - Exposing 13 endpoints beneath base path '/actuator'
2026-07-04 23:18:16.286 [main] INFO  o.s.t.w.s.TestDispatcherServlet - Completed initialization in 9 ms
2026-07-04 23:18:16.344 [main] INFO  c.e.h.c.AuthControllerTestIT - Started AuthControllerTestIT in 3.992 seconds (process running for 4.541)
2026-07-04 23:18:16.874 [SpringApplicationShutdownHook] INFO  o.s.o.j.LocalContainerEntityManagerFactoryBean - Closing JPA EntityManagerFactory for persistence unit 'default'
2026-07-04 23:18:16.875 [SpringApplicationShutdownHook] INFO  com.zaxxer.hikari.HikariDataSource - HikariPool-1 - Shutdown initiated...
2026-07-04 23:18:16.876 [SpringApplicationShutdownHook] INFO  com.zaxxer.hikari.HikariDataSource - HikariPool-1 - Shutdown completed.
2026-07-04 23:18:24.689 [main] INFO  c.e.h.c.AuthControllerTestIT - Starting AuthControllerTestIT using Java 25.0.1 with PID 98476 (started by ermapsh in /Users/ermapsh/Devlopement/project/backend/hospital)
2026-07-04 23:18:24.690 [main] INFO  c.e.h.c.AuthControllerTestIT - No active profile set, falling back to 1 default profile: "default"
2026-07-04 23:18:24.769 [background-preinit] INFO  o.h.validator.internal.util.Version - HV000001: Hibernate Validator 9.0.1.Final
2026-07-04 23:18:25.036 [main] INFO  o.s.d.r.c.RepositoryConfigurationDelegate - Bootstrapping Spring Data JPA repositories in DEFAULT mode.
2026-07-04 23:18:25.090 [main] INFO  o.s.d.r.c.RepositoryConfigurationDelegate - Finished Spring Data repository scanning in 50 ms. Found 8 JPA repository interfaces.
2026-07-04 23:18:25.286 [main] INFO  o.testcontainers.images.PullPolicy - Image pull policy will be performed by: DefaultPullPolicy()
2026-07-04 23:18:25.286 [main] INFO  o.t.utility.ImageNameSubstitutor - Image name substitution will be performed by: DefaultImageNameSubstitutor (composite of 'ConfigurationFileImageNameSubstitutor' and 'PrefixingImageNameSubstitutor')
2026-07-04 23:18:25.294 [main] INFO  o.testcontainers.DockerClientFactory - Testcontainers version: 2.0.4
2026-07-04 23:18:25.369 [main] INFO  o.t.d.DockerClientProviderStrategy - Loaded org.testcontainers.dockerclient.UnixSocketClientProviderStrategy from ~/.testcontainers.properties, will try it first
2026-07-04 23:18:25.518 [main] INFO  o.t.d.DockerClientProviderStrategy - Found Docker environment with local Unix socket (unix:///var/run/docker.sock)
2026-07-04 23:18:25.519 [main] INFO  o.testcontainers.DockerClientFactory - Docker host IP address is localhost
2026-07-04 23:18:25.534 [main] INFO  o.testcontainers.DockerClientFactory - Connected to docker: 
  Server Version: 29.6.1
  API Version: 1.55
  Operating System: Docker Desktop
  Total Memory: 7936 MB
  Labels: 
    com.docker.desktop.address=unix:///Users/ermapsh/Library/Containers/com.docker.docker/Data/docker-cli.sock
2026-07-04 23:18:25.573 [main] INFO  tc.testcontainers/ryuk:0.14.0 - Creating container for image: testcontainers/ryuk:0.14.0
2026-07-04 23:18:25.672 [main] INFO  tc.testcontainers/ryuk:0.14.0 - Container testcontainers/ryuk:0.14.0 is starting: 8cfed5f8730dc5318178ad4dc5b14f78ab7ff75ca3fd5d7564df89bd3b589ac3
2026-07-04 23:18:25.826 [main] INFO  tc.testcontainers/ryuk:0.14.0 - Container testcontainers/ryuk:0.14.0 started in PT0.252307S
2026-07-04 23:18:25.828 [main] INFO  o.t.utility.RyukResourceReaper - Ryuk started - will monitor and terminate Testcontainers containers on JVM exit
2026-07-04 23:18:25.828 [main] INFO  o.testcontainers.DockerClientFactory - Checking the system...
2026-07-04 23:18:25.828 [main] INFO  o.testcontainers.DockerClientFactory - ✔︎ Docker server version should be at least 1.6.0
2026-07-04 23:18:25.828 [main] INFO  tc.postgres:16 - Creating container for image: postgres:16
2026-07-04 23:18:25.854 [main] INFO  tc.postgres:16 - Container postgres:16 is starting: 20521e4dd3ed652c4c90bbd910aee91020fbc1ac2bdbc6adce5c396bd24ffdf4
2026-07-04 23:18:26.468 [main] INFO  tc.postgres:16 - Container postgres:16 started in PT0.639506S
2026-07-04 23:18:26.469 [main] INFO  tc.postgres:16 - Container is started (JDBC URL: jdbc:postgresql://localhost:56563/test?loggerLevel=OFF)
2026-07-04 23:18:26.542 [main] INFO  org.hibernate.orm.jpa - HHH008540: Processing PersistenceUnitInfo [name: default]
2026-07-04 23:18:26.565 [main] INFO  org.hibernate.orm.core - HHH000001: Hibernate ORM core version 7.2.7.Final
2026-07-04 23:18:26.654 [main] INFO  o.h.e.b.internal.EnversServiceImpl - Envers integration enabled? : true
2026-07-04 23:18:26.731 [main] INFO  o.s.o.j.p.SpringPersistenceUnitInfo - No LoadTimeWeaver setup: ignoring JPA class transformer
2026-07-04 23:18:26.743 [main] INFO  com.zaxxer.hikari.HikariDataSource - HikariPool-1 - Starting...
2026-07-04 23:18:26.816 [main] INFO  com.zaxxer.hikari.pool.HikariPool - HikariPool-1 - Added connection org.postgresql.jdbc.PgConnection@4d57fc11
2026-07-04 23:18:26.816 [main] INFO  com.zaxxer.hikari.HikariDataSource - HikariPool-1 - Start completed.
2026-07-04 23:18:26.844 [main] INFO  o.hibernate.orm.connections.pooling - HHH10001005: Database info:
	Database JDBC URL [jdbc:postgresql://localhost:56563/test?loggerLevel=OFF]
	Database driver: PostgreSQL JDBC Driver
	Database dialect: PostgreSQLDialect
	Database version: 16.14
	Default catalog/schema: test/public
	Autocommit mode: undefined/unknown
	Isolation level: READ_COMMITTED [default READ_COMMITTED]
	JDBC fetch size: none
	Pool: DataSourceConnectionProvider
	Minimum pool size: undefined/unknown
	Maximum pool size: undefined/unknown
2026-07-04 23:18:26.945 [main] INFO  o.h.e.c.i.m.AuditMetadataGenerator - Adding properties for entity: com.ermapsh.hospital.entity.PostEntity
2026-07-04 23:18:27.361 [main] INFO  org.hibernate.orm.core - HHH000489: No JTA platform available (set 'hibernate.transaction.jta.platform' to enable JTA platform integration)
2026-07-04 23:18:27.397 [main] WARN  org.hibernate.orm.jdbc.warn - HHH000247: ErrorCode: 0, SQLState: 00000
2026-07-04 23:18:27.397 [main] WARN  org.hibernate.orm.jdbc.warn - constraint "uk1t68827l97cwyxo9r1u6t4p7d" of relation "department" does not exist, skipping
2026-07-04 23:18:27.399 [main] WARN  org.hibernate.orm.jdbc.warn - HHH000247: ErrorCode: 0, SQLState: 00000
2026-07-04 23:18:27.399 [main] WARN  org.hibernate.orm.jdbc.warn - constraint "ukkkp33svgs69x9xgcgl55rk5sp" of relation "department" does not exist, skipping
2026-07-04 23:18:27.400 [main] WARN  org.hibernate.orm.jdbc.warn - HHH000247: ErrorCode: 0, SQLState: 00000
2026-07-04 23:18:27.400 [main] WARN  org.hibernate.orm.jdbc.warn - constraint "uk2o0gkfbstwhhtknwdle80icm" of relation "doctor" does not exist, skipping
2026-07-04 23:18:27.401 [main] WARN  org.hibernate.orm.jdbc.warn - HHH000247: ErrorCode: 0, SQLState: 00000
2026-07-04 23:18:27.401 [main] WARN  org.hibernate.orm.jdbc.warn - constraint "uk7rbxwbe5osbdxdxv1nx6xp5q4" of relation "insurance" does not exist, skipping
2026-07-04 23:18:27.403 [main] WARN  org.hibernate.orm.jdbc.warn - HHH000247: ErrorCode: 0, SQLState: 00000
2026-07-04 23:18:27.403 [main] WARN  org.hibernate.orm.jdbc.warn - constraint "unique_patient_name_dob" of relation "patient" does not exist, skipping
2026-07-04 23:18:27.404 [main] WARN  org.hibernate.orm.jdbc.warn - HHH000247: ErrorCode: 0, SQLState: 00000
2026-07-04 23:18:27.404 [main] WARN  org.hibernate.orm.jdbc.warn - constraint "ukmrjnos83qfuhf1o7sivv5ws5q" of relation "patient" does not exist, skipping
2026-07-04 23:18:27.405 [main] WARN  org.hibernate.orm.jdbc.warn - HHH000247: ErrorCode: 0, SQLState: 00000
2026-07-04 23:18:27.405 [main] WARN  org.hibernate.orm.jdbc.warn - constraint "ukqfqu3sawio9crosjondpnadot" of relation "patient" does not exist, skipping
2026-07-04 23:18:27.406 [main] WARN  org.hibernate.orm.jdbc.warn - HHH000247: ErrorCode: 0, SQLState: 00000
2026-07-04 23:18:27.406 [main] WARN  org.hibernate.orm.jdbc.warn - constraint "uk6dotkott2kjsp8vw4d0m25fb7" of relation "users" does not exist, skipping
2026-07-04 23:18:27.415 [main] INFO  o.s.o.j.LocalContainerEntityManagerFactoryBean - Initialized JPA EntityManagerFactory for persistence unit 'default'
2026-07-04 23:18:27.446 [main] INFO  o.s.d.j.r.q.QueryEnhancerFactories - Hibernate is in classpath; If applicable, HQL parser will be used.
2026-07-04 23:18:27.535 [main] INFO  o.s.s.c.a.a.c.InitializeUserDetailsBeanManagerConfigurer$InitializeUserDetailsManagerConfigurer - Global AuthenticationManager configured with UserDetailsService bean with name userService
2026-07-04 23:18:28.038 [main] WARN  o.s.b.j.a.JpaBaseConfiguration$JpaWebConfiguration - spring.jpa.open-in-view is enabled by default. Therefore, database queries may be performed during view rendering. Explicitly configure spring.jpa.open-in-view to disable this warning
2026-07-04 23:18:28.379 [main] INFO  o.s.b.t.m.w.SpringBootMockServletContext - Initializing Spring TestDispatcherServlet ''
2026-07-04 23:18:28.379 [main] INFO  o.s.t.w.s.TestDispatcherServlet - Initializing Servlet ''
2026-07-04 23:18:28.382 [main] INFO  o.s.b.a.e.web.EndpointLinksResolver - Exposing 13 endpoints beneath base path '/actuator'
2026-07-04 23:18:28.389 [main] INFO  o.s.t.w.s.TestDispatcherServlet - Completed initialization in 10 ms
2026-07-04 23:18:28.441 [main] INFO  c.e.h.c.AuthControllerTestIT - Started AuthControllerTestIT in 3.906 seconds (process running for 4.407)
2026-07-04 23:18:29.073 [main] WARN  c.e.hospital.service.AuthService - UsernamePasswordAuthenticationToken [Principal=User(id=1, email=maheshmestri12@gmail.com, password=$2a$10$qjtBBBg1C06ty.bkcvBySus2QEnwiZtL6fBHmVFSCUh8eEILGU8sW, name=Mahesh Mestri, roles=[], permissions=[]), Credentials=[PROTECTED], Authenticated=true, Details=null, Granted Authorities=[FactorGrantedAuthority [authority=FACTOR_PASSWORD, issuedAt=2026-07-04T17:48:29.072748Z]]]
2026-07-04 23:18:29.073 [main] WARN  c.e.hospital.service.AuthService - User(id=1, email=maheshmestri12@gmail.com, password=$2a$10$qjtBBBg1C06ty.bkcvBySus2QEnwiZtL6fBHmVFSCUh8eEILGU8sW, name=Mahesh Mestri, roles=[], permissions=[])
2026-07-04 23:18:29.451 [main] ERROR o.s.t.w.r.server.ExchangeResult - Request details for assertion failure:

> POST /auth/signup
> WebTestClient-Request-Id: [3]
> Content-Type: [application/json]
> Content-Length: [190]

{"email":"maheshmestri12@gmail.com","password":"$2a$10$eJWGz9t5TeRaVFyPma51W.7ckAa3H1Gl5.Wm8rIKEMdBzfTFSXu2.","name":"Mahesh Mestri","roles":["USER"],"permissions":["POST_VIEW","USER_VIEW"]}

< 401 UNAUTHORIZED Unauthorized
< Content-Type: [application/json]

{"status":401,"error":"Unauthorized","message":"User email already exist maheshmestri12@gmail.com","timestamp":"2026-07-04T23:18:29.446371"}

======================  MockMvc (Server) ===============================

MockHttpServletRequest:
      HTTP Method = POST
      Request URI = /auth/signup
       Parameters = {}
          Headers = [WebTestClient-Request-Id:"3", Content-Type:"application/json", Content-Length:"190"]
             Body = <no character encoding set>
    Session Attrs = {}

Handler:
             Type = com.ermapsh.hospital.controller.AuthController
           Method = com.ermapsh.hospital.controller.AuthController#signup(SignupRequest)

Async:
    Async started = false
     Async result = null

Resolved Exception:
             Type = org.springframework.security.authentication.BadCredentialsException

ModelAndView:
        View name = null
             View = null
            Model = null

FlashMap:
       Attributes = null

MockHttpServletResponse:
           Status = 401
    Error message = null
          Headers = [Content-Type:"application/json"]
     Content type = application/json
             Body = {"status":401,"error":"Unauthorized","message":"User email already exist maheshmestri12@gmail.com","timestamp":"2026-07-04T23:18:29.446371"}
    Forwarded URL = null
   Redirected URL = null
          Cookies = []


2026-07-04 23:18:29.464 [SpringApplicationShutdownHook] INFO  o.s.o.j.LocalContainerEntityManagerFactoryBean - Closing JPA EntityManagerFactory for persistence unit 'default'
2026-07-04 23:18:29.465 [SpringApplicationShutdownHook] INFO  com.zaxxer.hikari.HikariDataSource - HikariPool-1 - Shutdown initiated...
2026-07-04 23:18:29.466 [SpringApplicationShutdownHook] INFO  com.zaxxer.hikari.HikariDataSource - HikariPool-1 - Shutdown completed.
2026-07-04 23:18:57.834 [main] INFO  c.e.h.c.AuthControllerTestIT - Starting AuthControllerTestIT using Java 25.0.1 with PID 98494 (started by ermapsh in /Users/ermapsh/Devlopement/project/backend/hospital)
2026-07-04 23:18:57.834 [main] INFO  c.e.h.c.AuthControllerTestIT - No active profile set, falling back to 1 default profile: "default"
2026-07-04 23:18:57.909 [background-preinit] INFO  o.h.validator.internal.util.Version - HV000001: Hibernate Validator 9.0.1.Final
2026-07-04 23:18:58.193 [main] INFO  o.s.d.r.c.RepositoryConfigurationDelegate - Bootstrapping Spring Data JPA repositories in DEFAULT mode.
2026-07-04 23:18:58.253 [main] INFO  o.s.d.r.c.RepositoryConfigurationDelegate - Finished Spring Data repository scanning in 56 ms. Found 8 JPA repository interfaces.
2026-07-04 23:18:58.478 [main] INFO  o.testcontainers.images.PullPolicy - Image pull policy will be performed by: DefaultPullPolicy()
2026-07-04 23:18:58.478 [main] INFO  o.t.utility.ImageNameSubstitutor - Image name substitution will be performed by: DefaultImageNameSubstitutor (composite of 'ConfigurationFileImageNameSubstitutor' and 'PrefixingImageNameSubstitutor')
2026-07-04 23:18:58.489 [main] INFO  o.testcontainers.DockerClientFactory - Testcontainers version: 2.0.4
2026-07-04 23:18:58.566 [main] INFO  o.t.d.DockerClientProviderStrategy - Loaded org.testcontainers.dockerclient.UnixSocketClientProviderStrategy from ~/.testcontainers.properties, will try it first
2026-07-04 23:18:58.732 [main] INFO  o.t.d.DockerClientProviderStrategy - Found Docker environment with local Unix socket (unix:///var/run/docker.sock)
2026-07-04 23:18:58.734 [main] INFO  o.testcontainers.DockerClientFactory - Docker host IP address is localhost
2026-07-04 23:18:58.743 [main] INFO  o.testcontainers.DockerClientFactory - Connected to docker: 
  Server Version: 29.6.1
  API Version: 1.55
  Operating System: Docker Desktop
  Total Memory: 7936 MB
  Labels: 
    com.docker.desktop.address=unix:///Users/ermapsh/Library/Containers/com.docker.docker/Data/docker-cli.sock
2026-07-04 23:18:58.783 [main] INFO  tc.testcontainers/ryuk:0.14.0 - Creating container for image: testcontainers/ryuk:0.14.0
2026-07-04 23:18:58.890 [main] INFO  tc.testcontainers/ryuk:0.14.0 - Container testcontainers/ryuk:0.14.0 is starting: 43b9397d7a9a214f31f3803fca4e544c0208095e752a1d055467bff6eac8aa5f
2026-07-04 23:18:59.053 [main] INFO  tc.testcontainers/ryuk:0.14.0 - Container testcontainers/ryuk:0.14.0 started in PT0.27047S
2026-07-04 23:18:59.055 [main] INFO  o.t.utility.RyukResourceReaper - Ryuk started - will monitor and terminate Testcontainers containers on JVM exit
2026-07-04 23:18:59.055 [main] INFO  o.testcontainers.DockerClientFactory - Checking the system...
2026-07-04 23:18:59.056 [main] INFO  o.testcontainers.DockerClientFactory - ✔︎ Docker server version should be at least 1.6.0
2026-07-04 23:18:59.056 [main] INFO  tc.postgres:16 - Creating container for image: postgres:16
2026-07-04 23:18:59.080 [main] INFO  tc.postgres:16 - Container postgres:16 is starting: fa58f96d538a2c9ce9c50d4c3126a9c2bfa6be9ffd0880ebbed339dd9031de1c
2026-07-04 23:18:59.632 [main] INFO  tc.postgres:16 - Container postgres:16 started in PT0.576139S
2026-07-04 23:18:59.633 [main] INFO  tc.postgres:16 - Container is started (JDBC URL: jdbc:postgresql://localhost:56582/test?loggerLevel=OFF)
2026-07-04 23:18:59.693 [main] INFO  org.hibernate.orm.jpa - HHH008540: Processing PersistenceUnitInfo [name: default]
2026-07-04 23:18:59.718 [main] INFO  org.hibernate.orm.core - HHH000001: Hibernate ORM core version 7.2.7.Final
2026-07-04 23:18:59.793 [main] INFO  o.h.e.b.internal.EnversServiceImpl - Envers integration enabled? : true
2026-07-04 23:18:59.857 [main] INFO  o.s.o.j.p.SpringPersistenceUnitInfo - No LoadTimeWeaver setup: ignoring JPA class transformer
2026-07-04 23:18:59.869 [main] INFO  com.zaxxer.hikari.HikariDataSource - HikariPool-1 - Starting...
2026-07-04 23:18:59.945 [main] INFO  com.zaxxer.hikari.pool.HikariPool - HikariPool-1 - Added connection org.postgresql.jdbc.PgConnection@36e6e59f
2026-07-04 23:18:59.945 [main] INFO  com.zaxxer.hikari.HikariDataSource - HikariPool-1 - Start completed.
2026-07-04 23:18:59.972 [main] INFO  o.hibernate.orm.connections.pooling - HHH10001005: Database info:
	Database JDBC URL [jdbc:postgresql://localhost:56582/test?loggerLevel=OFF]
	Database driver: PostgreSQL JDBC Driver
	Database dialect: PostgreSQLDialect
	Database version: 16.14
	Default catalog/schema: test/public
	Autocommit mode: undefined/unknown
	Isolation level: READ_COMMITTED [default READ_COMMITTED]
	JDBC fetch size: none
	Pool: DataSourceConnectionProvider
	Minimum pool size: undefined/unknown
	Maximum pool size: undefined/unknown
2026-07-04 23:19:00.070 [main] INFO  o.h.e.c.i.m.AuditMetadataGenerator - Adding properties for entity: com.ermapsh.hospital.entity.PostEntity
2026-07-04 23:19:00.458 [main] INFO  org.hibernate.orm.core - HHH000489: No JTA platform available (set 'hibernate.transaction.jta.platform' to enable JTA platform integration)
2026-07-04 23:19:00.491 [main] WARN  org.hibernate.orm.jdbc.warn - HHH000247: ErrorCode: 0, SQLState: 00000
2026-07-04 23:19:00.491 [main] WARN  org.hibernate.orm.jdbc.warn - constraint "uk1t68827l97cwyxo9r1u6t4p7d" of relation "department" does not exist, skipping
2026-07-04 23:19:00.492 [main] WARN  org.hibernate.orm.jdbc.warn - HHH000247: ErrorCode: 0, SQLState: 00000
2026-07-04 23:19:00.492 [main] WARN  org.hibernate.orm.jdbc.warn - constraint "ukkkp33svgs69x9xgcgl55rk5sp" of relation "department" does not exist, skipping
2026-07-04 23:19:00.493 [main] WARN  org.hibernate.orm.jdbc.warn - HHH000247: ErrorCode: 0, SQLState: 00000
2026-07-04 23:19:00.493 [main] WARN  org.hibernate.orm.jdbc.warn - constraint "uk2o0gkfbstwhhtknwdle80icm" of relation "doctor" does not exist, skipping
2026-07-04 23:19:00.495 [main] WARN  org.hibernate.orm.jdbc.warn - HHH000247: ErrorCode: 0, SQLState: 00000
2026-07-04 23:19:00.495 [main] WARN  org.hibernate.orm.jdbc.warn - constraint "uk7rbxwbe5osbdxdxv1nx6xp5q4" of relation "insurance" does not exist, skipping
2026-07-04 23:19:00.496 [main] WARN  org.hibernate.orm.jdbc.warn - HHH000247: ErrorCode: 0, SQLState: 00000
2026-07-04 23:19:00.496 [main] WARN  org.hibernate.orm.jdbc.warn - constraint "unique_patient_name_dob" of relation "patient" does not exist, skipping
2026-07-04 23:19:00.497 [main] WARN  org.hibernate.orm.jdbc.warn - HHH000247: ErrorCode: 0, SQLState: 00000
2026-07-04 23:19:00.497 [main] WARN  org.hibernate.orm.jdbc.warn - constraint "ukmrjnos83qfuhf1o7sivv5ws5q" of relation "patient" does not exist, skipping
2026-07-04 23:19:00.498 [main] WARN  org.hibernate.orm.jdbc.warn - HHH000247: ErrorCode: 0, SQLState: 00000
2026-07-04 23:19:00.498 [main] WARN  org.hibernate.orm.jdbc.warn - constraint "ukqfqu3sawio9crosjondpnadot" of relation "patient" does not exist, skipping
2026-07-04 23:19:00.499 [main] WARN  org.hibernate.orm.jdbc.warn - HHH000247: ErrorCode: 0, SQLState: 00000
2026-07-04 23:19:00.499 [main] WARN  org.hibernate.orm.jdbc.warn - constraint "uk6dotkott2kjsp8vw4d0m25fb7" of relation "users" does not exist, skipping
2026-07-04 23:19:00.507 [main] INFO  o.s.o.j.LocalContainerEntityManagerFactoryBean - Initialized JPA EntityManagerFactory for persistence unit 'default'
2026-07-04 23:19:00.535 [main] INFO  o.s.d.j.r.q.QueryEnhancerFactories - Hibernate is in classpath; If applicable, HQL parser will be used.
2026-07-04 23:19:00.607 [main] INFO  o.s.s.c.a.a.c.InitializeUserDetailsBeanManagerConfigurer$InitializeUserDetailsManagerConfigurer - Global AuthenticationManager configured with UserDetailsService bean with name userService
2026-07-04 23:19:01.064 [main] WARN  o.s.b.j.a.JpaBaseConfiguration$JpaWebConfiguration - spring.jpa.open-in-view is enabled by default. Therefore, database queries may be performed during view rendering. Explicitly configure spring.jpa.open-in-view to disable this warning
2026-07-04 23:19:01.337 [main] INFO  o.s.b.t.m.w.SpringBootMockServletContext - Initializing Spring TestDispatcherServlet ''
2026-07-04 23:19:01.338 [main] INFO  o.s.t.w.s.TestDispatcherServlet - Initializing Servlet ''
2026-07-04 23:19:01.341 [main] INFO  o.s.b.a.e.web.EndpointLinksResolver - Exposing 13 endpoints beneath base path '/actuator'
2026-07-04 23:19:01.346 [main] INFO  o.s.t.w.s.TestDispatcherServlet - Completed initialization in 8 ms
2026-07-04 23:19:01.394 [main] INFO  c.e.h.c.AuthControllerTestIT - Started AuthControllerTestIT in 3.71 seconds (process running for 4.22)
2026-07-04 23:19:01.951 [main] ERROR o.s.t.w.r.server.ExchangeResult - Request details for assertion failure:

> POST /auth/signup
> WebTestClient-Request-Id: [1]
> Content-Type: [application/json]
> Content-Length: [190]

{"email":"maheshmestri12@gmail.com","password":"$2a$10$qxJ59f.WGbL/UfqqRE6sxeHAQ4u4v6UoQ0teZlV8BIBC7An7ly9j2","name":"Mahesh Mestri","roles":["USER"],"permissions":["USER_VIEW","POST_VIEW"]}

< 401 UNAUTHORIZED Unauthorized
< Content-Type: [application/json]

{"status":401,"timestamp":"2026-07-04T23:19:01.937481","message":"User email already exist maheshmestri12@gmail.com","error":"Unauthorized"}

======================  MockMvc (Server) ===============================

MockHttpServletRequest:
      HTTP Method = POST
      Request URI = /auth/signup
       Parameters = {}
          Headers = [WebTestClient-Request-Id:"1", Content-Type:"application/json", Content-Length:"190"]
             Body = <no character encoding set>
    Session Attrs = {}

Handler:
             Type = com.ermapsh.hospital.controller.AuthController
           Method = com.ermapsh.hospital.controller.AuthController#signup(SignupRequest)

Async:
    Async started = false
     Async result = null

Resolved Exception:
             Type = org.springframework.security.authentication.BadCredentialsException

ModelAndView:
        View name = null
             View = null
            Model = null

FlashMap:
       Attributes = null

MockHttpServletResponse:
           Status = 401
    Error message = null
          Headers = [Content-Type:"application/json"]
     Content type = application/json
             Body = {"status":401,"timestamp":"2026-07-04T23:19:01.937481","message":"User email already exist maheshmestri12@gmail.com","error":"Unauthorized"}
    Forwarded URL = null
   Redirected URL = null
          Cookies = []


2026-07-04 23:19:01.970 [SpringApplicationShutdownHook] INFO  o.s.o.j.LocalContainerEntityManagerFactoryBean - Closing JPA EntityManagerFactory for persistence unit 'default'
2026-07-04 23:19:01.971 [SpringApplicationShutdownHook] INFO  com.zaxxer.hikari.HikariDataSource - HikariPool-1 - Shutdown initiated...
2026-07-04 23:19:01.972 [SpringApplicationShutdownHook] INFO  com.zaxxer.hikari.HikariDataSource - HikariPool-1 - Shutdown completed.
2026-07-04 23:19:35.145 [main] INFO  c.e.h.c.AuthControllerTestIT - Starting AuthControllerTestIT using Java 25.0.1 with PID 98521 (started by ermapsh in /Users/ermapsh/Devlopement/project/backend/hospital)
2026-07-04 23:19:35.146 [main] INFO  c.e.h.c.AuthControllerTestIT - No active profile set, falling back to 1 default profile: "default"
2026-07-04 23:19:35.223 [background-preinit] INFO  o.h.validator.internal.util.Version - HV000001: Hibernate Validator 9.0.1.Final
2026-07-04 23:19:35.497 [main] INFO  o.s.d.r.c.RepositoryConfigurationDelegate - Bootstrapping Spring Data JPA repositories in DEFAULT mode.
2026-07-04 23:19:35.557 [main] INFO  o.s.d.r.c.RepositoryConfigurationDelegate - Finished Spring Data repository scanning in 56 ms. Found 8 JPA repository interfaces.
2026-07-04 23:19:35.769 [main] INFO  o.testcontainers.images.PullPolicy - Image pull policy will be performed by: DefaultPullPolicy()
2026-07-04 23:19:35.770 [main] INFO  o.t.utility.ImageNameSubstitutor - Image name substitution will be performed by: DefaultImageNameSubstitutor (composite of 'ConfigurationFileImageNameSubstitutor' and 'PrefixingImageNameSubstitutor')
2026-07-04 23:19:35.779 [main] INFO  o.testcontainers.DockerClientFactory - Testcontainers version: 2.0.4
2026-07-04 23:19:35.858 [main] INFO  o.t.d.DockerClientProviderStrategy - Loaded org.testcontainers.dockerclient.UnixSocketClientProviderStrategy from ~/.testcontainers.properties, will try it first
2026-07-04 23:19:36.022 [main] INFO  o.t.d.DockerClientProviderStrategy - Found Docker environment with local Unix socket (unix:///var/run/docker.sock)
2026-07-04 23:19:36.024 [main] INFO  o.testcontainers.DockerClientFactory - Docker host IP address is localhost
2026-07-04 23:19:36.033 [main] INFO  o.testcontainers.DockerClientFactory - Connected to docker: 
  Server Version: 29.6.1
  API Version: 1.55
  Operating System: Docker Desktop
  Total Memory: 7936 MB
  Labels: 
    com.docker.desktop.address=unix:///Users/ermapsh/Library/Containers/com.docker.docker/Data/docker-cli.sock
2026-07-04 23:19:36.067 [main] INFO  tc.testcontainers/ryuk:0.14.0 - Creating container for image: testcontainers/ryuk:0.14.0
2026-07-04 23:19:36.221 [main] INFO  tc.testcontainers/ryuk:0.14.0 - Container testcontainers/ryuk:0.14.0 is starting: acfe913dd989f8d3512e70a88937fd04321393e98cb9d13a668271944dca0590
2026-07-04 23:19:36.378 [main] INFO  tc.testcontainers/ryuk:0.14.0 - Container testcontainers/ryuk:0.14.0 started in PT0.311185S
2026-07-04 23:19:36.380 [main] INFO  o.t.utility.RyukResourceReaper - Ryuk started - will monitor and terminate Testcontainers containers on JVM exit
2026-07-04 23:19:36.380 [main] INFO  o.testcontainers.DockerClientFactory - Checking the system...
2026-07-04 23:19:36.380 [main] INFO  o.testcontainers.DockerClientFactory - ✔︎ Docker server version should be at least 1.6.0
2026-07-04 23:19:36.381 [main] INFO  tc.postgres:16 - Creating container for image: postgres:16
2026-07-04 23:19:36.403 [main] INFO  tc.postgres:16 - Container postgres:16 is starting: 213a813193cb5621b13e39c4e959f2ef845c11fb060163f39ffa6b9ed0df8bd8
2026-07-04 23:19:36.981 [main] INFO  tc.postgres:16 - Container postgres:16 started in PT0.599952S
2026-07-04 23:19:36.981 [main] INFO  tc.postgres:16 - Container is started (JDBC URL: jdbc:postgresql://localhost:56600/test?loggerLevel=OFF)
2026-07-04 23:19:37.059 [main] INFO  org.hibernate.orm.jpa - HHH008540: Processing PersistenceUnitInfo [name: default]
2026-07-04 23:19:37.082 [main] INFO  org.hibernate.orm.core - HHH000001: Hibernate ORM core version 7.2.7.Final
2026-07-04 23:19:37.184 [main] INFO  o.h.e.b.internal.EnversServiceImpl - Envers integration enabled? : true
2026-07-04 23:19:37.259 [main] INFO  o.s.o.j.p.SpringPersistenceUnitInfo - No LoadTimeWeaver setup: ignoring JPA class transformer
2026-07-04 23:19:37.272 [main] INFO  com.zaxxer.hikari.HikariDataSource - HikariPool-1 - Starting...
2026-07-04 23:19:37.345 [main] INFO  com.zaxxer.hikari.pool.HikariPool - HikariPool-1 - Added connection org.postgresql.jdbc.PgConnection@7b6d88d1
2026-07-04 23:19:37.346 [main] INFO  com.zaxxer.hikari.HikariDataSource - HikariPool-1 - Start completed.
2026-07-04 23:19:37.377 [main] INFO  o.hibernate.orm.connections.pooling - HHH10001005: Database info:
	Database JDBC URL [jdbc:postgresql://localhost:56600/test?loggerLevel=OFF]
	Database driver: PostgreSQL JDBC Driver
	Database dialect: PostgreSQLDialect
	Database version: 16.14
	Default catalog/schema: test/public
	Autocommit mode: undefined/unknown
	Isolation level: READ_COMMITTED [default READ_COMMITTED]
	JDBC fetch size: none
	Pool: DataSourceConnectionProvider
	Minimum pool size: undefined/unknown
	Maximum pool size: undefined/unknown
2026-07-04 23:19:37.518 [main] INFO  o.h.e.c.i.m.AuditMetadataGenerator - Adding properties for entity: com.ermapsh.hospital.entity.PostEntity
2026-07-04 23:19:37.926 [main] INFO  org.hibernate.orm.core - HHH000489: No JTA platform available (set 'hibernate.transaction.jta.platform' to enable JTA platform integration)
2026-07-04 23:19:37.964 [main] WARN  org.hibernate.orm.jdbc.warn - HHH000247: ErrorCode: 0, SQLState: 00000
2026-07-04 23:19:37.964 [main] WARN  org.hibernate.orm.jdbc.warn - constraint "uk1t68827l97cwyxo9r1u6t4p7d" of relation "department" does not exist, skipping
2026-07-04 23:19:37.966 [main] WARN  org.hibernate.orm.jdbc.warn - HHH000247: ErrorCode: 0, SQLState: 00000
2026-07-04 23:19:37.966 [main] WARN  org.hibernate.orm.jdbc.warn - constraint "ukkkp33svgs69x9xgcgl55rk5sp" of relation "department" does not exist, skipping
2026-07-04 23:19:37.967 [main] WARN  org.hibernate.orm.jdbc.warn - HHH000247: ErrorCode: 0, SQLState: 00000
2026-07-04 23:19:37.967 [main] WARN  org.hibernate.orm.jdbc.warn - constraint "uk2o0gkfbstwhhtknwdle80icm" of relation "doctor" does not exist, skipping
2026-07-04 23:19:37.968 [main] WARN  org.hibernate.orm.jdbc.warn - HHH000247: ErrorCode: 0, SQLState: 00000
2026-07-04 23:19:37.968 [main] WARN  org.hibernate.orm.jdbc.warn - constraint "uk7rbxwbe5osbdxdxv1nx6xp5q4" of relation "insurance" does not exist, skipping
2026-07-04 23:19:37.969 [main] WARN  org.hibernate.orm.jdbc.warn - HHH000247: ErrorCode: 0, SQLState: 00000
2026-07-04 23:19:37.969 [main] WARN  org.hibernate.orm.jdbc.warn - constraint "unique_patient_name_dob" of relation "patient" does not exist, skipping
2026-07-04 23:19:37.970 [main] WARN  org.hibernate.orm.jdbc.warn - HHH000247: ErrorCode: 0, SQLState: 00000
2026-07-04 23:19:37.970 [main] WARN  org.hibernate.orm.jdbc.warn - constraint "ukmrjnos83qfuhf1o7sivv5ws5q" of relation "patient" does not exist, skipping
2026-07-04 23:19:37.971 [main] WARN  org.hibernate.orm.jdbc.warn - HHH000247: ErrorCode: 0, SQLState: 00000
2026-07-04 23:19:37.971 [main] WARN  org.hibernate.orm.jdbc.warn - constraint "ukqfqu3sawio9crosjondpnadot" of relation "patient" does not exist, skipping
2026-07-04 23:19:37.973 [main] WARN  org.hibernate.orm.jdbc.warn - HHH000247: ErrorCode: 0, SQLState: 00000
2026-07-04 23:19:37.973 [main] WARN  org.hibernate.orm.jdbc.warn - constraint "uk6dotkott2kjsp8vw4d0m25fb7" of relation "users" does not exist, skipping
2026-07-04 23:19:37.983 [main] INFO  o.s.o.j.LocalContainerEntityManagerFactoryBean - Initialized JPA EntityManagerFactory for persistence unit 'default'
2026-07-04 23:19:38.013 [main] INFO  o.s.d.j.r.q.QueryEnhancerFactories - Hibernate is in classpath; If applicable, HQL parser will be used.
2026-07-04 23:19:38.089 [main] INFO  o.s.s.c.a.a.c.InitializeUserDetailsBeanManagerConfigurer$InitializeUserDetailsManagerConfigurer - Global AuthenticationManager configured with UserDetailsService bean with name userService
2026-07-04 23:19:38.572 [main] WARN  o.s.b.j.a.JpaBaseConfiguration$JpaWebConfiguration - spring.jpa.open-in-view is enabled by default. Therefore, database queries may be performed during view rendering. Explicitly configure spring.jpa.open-in-view to disable this warning
2026-07-04 23:19:38.878 [main] INFO  o.s.b.t.m.w.SpringBootMockServletContext - Initializing Spring TestDispatcherServlet ''
2026-07-04 23:19:38.878 [main] INFO  o.s.t.w.s.TestDispatcherServlet - Initializing Servlet ''
2026-07-04 23:19:38.881 [main] INFO  o.s.b.a.e.web.EndpointLinksResolver - Exposing 13 endpoints beneath base path '/actuator'
2026-07-04 23:19:38.887 [main] INFO  o.s.t.w.s.TestDispatcherServlet - Completed initialization in 9 ms
2026-07-04 23:19:38.935 [main] INFO  c.e.h.c.AuthControllerTestIT - Started AuthControllerTestIT in 3.943 seconds (process running for 4.439)
2026-07-04 23:19:39.610 [SpringApplicationShutdownHook] INFO  o.s.o.j.LocalContainerEntityManagerFactoryBean - Closing JPA EntityManagerFactory for persistence unit 'default'
2026-07-04 23:19:39.611 [SpringApplicationShutdownHook] INFO  com.zaxxer.hikari.HikariDataSource - HikariPool-1 - Shutdown initiated...
2026-07-04 23:19:39.612 [SpringApplicationShutdownHook] INFO  com.zaxxer.hikari.HikariDataSource - HikariPool-1 - Shutdown completed.
2026-07-04 23:20:46.266 [restartedMain] INFO  c.e.hospital.HospitalApplication - Starting HospitalApplication using Java 25.0.1 with PID 98551 (/Users/ermapsh/Devlopement/project/backend/hospital/target/classes started by ermapsh in /Users/ermapsh/Devlopement/project/backend/hospital)
2026-07-04 23:20:46.267 [restartedMain] INFO  c.e.hospital.HospitalApplication - No active profile set, falling back to 1 default profile: "default"
2026-07-04 23:20:46.287 [restartedMain] INFO  o.s.b.d.e.DevToolsPropertyDefaultsPostProcessor - Devtools property defaults active! Set 'spring.devtools.add-properties' to 'false' to disable
2026-07-04 23:20:46.287 [restartedMain] INFO  o.s.b.d.e.DevToolsPropertyDefaultsPostProcessor - For additional web related logging consider setting the 'logging.level.web' property to 'DEBUG'
2026-07-04 23:20:46.345 [background-preinit] INFO  o.h.validator.internal.util.Version - HV000001: Hibernate Validator 9.0.1.Final
2026-07-04 23:20:46.680 [restartedMain] INFO  o.s.d.r.c.RepositoryConfigurationDelegate - Bootstrapping Spring Data JPA repositories in DEFAULT mode.
2026-07-04 23:20:46.738 [restartedMain] INFO  o.s.d.r.c.RepositoryConfigurationDelegate - Finished Spring Data repository scanning in 54 ms. Found 8 JPA repository interfaces.
2026-07-04 23:20:46.995 [restartedMain] INFO  o.s.boot.tomcat.TomcatWebServer - Tomcat initialized with port 8080 (http)
2026-07-04 23:20:46.999 [restartedMain] INFO  o.a.coyote.http11.Http11NioProtocol - Initializing ProtocolHandler ["http-nio-8080"]
2026-07-04 23:20:47.000 [restartedMain] INFO  o.a.catalina.core.StandardService - Starting service [Tomcat]
2026-07-04 23:20:47.000 [restartedMain] INFO  o.a.catalina.core.StandardEngine - Starting Servlet engine: [Apache Tomcat/11.0.18]
2026-07-04 23:20:47.014 [restartedMain] INFO  o.s.b.w.c.s.WebApplicationContextInitializer - Root WebApplicationContext: initialization completed in 727 ms
2026-07-04 23:20:47.088 [restartedMain] INFO  org.hibernate.orm.jpa - HHH008540: Processing PersistenceUnitInfo [name: default]
2026-07-04 23:20:47.107 [restartedMain] INFO  org.hibernate.orm.core - HHH000001: Hibernate ORM core version 7.2.7.Final
2026-07-04 23:20:47.200 [restartedMain] INFO  o.h.e.b.internal.EnversServiceImpl - Envers integration enabled? : true
2026-07-04 23:20:47.319 [restartedMain] INFO  o.s.o.j.p.SpringPersistenceUnitInfo - No LoadTimeWeaver setup: ignoring JPA class transformer
2026-07-04 23:20:47.330 [restartedMain] INFO  com.zaxxer.hikari.HikariDataSource - HikariPool-1 - Starting...
2026-07-04 23:20:47.364 [restartedMain] INFO  com.zaxxer.hikari.pool.HikariPool - HikariPool-1 - Added connection org.postgresql.jdbc.PgConnection@3d6ebb61
2026-07-04 23:20:47.364 [restartedMain] INFO  com.zaxxer.hikari.HikariDataSource - HikariPool-1 - Start completed.
2026-07-04 23:20:47.394 [restartedMain] INFO  o.hibernate.orm.connections.pooling - HHH10001005: Database info:
	Database JDBC URL [jdbc:postgresql://localhost:5432/hospital]
	Database driver: PostgreSQL JDBC Driver
	Database dialect: PostgreSQLDialect
	Database version: 15.15
	Default catalog/schema: hospital/public
	Autocommit mode: undefined/unknown
	Isolation level: READ_COMMITTED [default READ_COMMITTED]
	JDBC fetch size: none
	Pool: DataSourceConnectionProvider
	Minimum pool size: undefined/unknown
	Maximum pool size: undefined/unknown
2026-07-04 23:20:47.496 [restartedMain] INFO  o.h.e.c.i.m.AuditMetadataGenerator - Adding properties for entity: com.ermapsh.hospital.entity.PostEntity
2026-07-04 23:20:47.889 [restartedMain] INFO  org.hibernate.orm.core - HHH000489: No JTA platform available (set 'hibernate.transaction.jta.platform' to enable JTA platform integration)
2026-07-04 23:20:47.927 [restartedMain] INFO  o.s.o.j.LocalContainerEntityManagerFactoryBean - Initialized JPA EntityManagerFactory for persistence unit 'default'
2026-07-04 23:20:47.950 [restartedMain] INFO  o.s.d.j.r.q.QueryEnhancerFactories - Hibernate is in classpath; If applicable, HQL parser will be used.
2026-07-04 23:20:48.046 [restartedMain] INFO  o.s.s.c.a.a.c.InitializeUserDetailsBeanManagerConfigurer$InitializeUserDetailsManagerConfigurer - Global AuthenticationManager configured with UserDetailsService bean with name userService
2026-07-04 23:20:48.429 [restartedMain] WARN  o.s.b.j.a.JpaBaseConfiguration$JpaWebConfiguration - spring.jpa.open-in-view is enabled by default. Therefore, database queries may be performed during view rendering. Explicitly configure spring.jpa.open-in-view to disable this warning
2026-07-04 23:20:48.672 [restartedMain] INFO  o.s.b.a.e.web.EndpointLinksResolver - Exposing 13 endpoints beneath base path '/actuator'
2026-07-04 23:20:48.700 [restartedMain] INFO  o.a.coyote.http11.Http11NioProtocol - Starting ProtocolHandler ["http-nio-8080"]
2026-07-04 23:20:48.710 [restartedMain] INFO  o.s.boot.tomcat.TomcatWebServer - Tomcat started on port 8080 (http) with context path '/'
2026-07-04 23:20:48.715 [restartedMain] INFO  c.e.hospital.HospitalApplication - Started HospitalApplication in 2.633 seconds (process running for 2.885)
2026-07-04 23:20:49.641 [http-nio-8080-exec-1] INFO  o.a.c.c.C.[Tomcat].[localhost].[/] - Initializing Spring DispatcherServlet 'dispatcherServlet'
2026-07-04 23:20:49.641 [http-nio-8080-exec-1] INFO  o.s.web.servlet.DispatcherServlet - Initializing Servlet 'dispatcherServlet'
2026-07-04 23:20:49.642 [http-nio-8080-exec-1] INFO  o.s.web.servlet.DispatcherServlet - Completed initialization in 1 ms
2026-07-04 23:20:49.743 [http-nio-8080-exec-1] WARN  o.s.w.s.m.m.a.ExceptionHandlerExceptionResolver - Resolved [org.springframework.security.authentication.BadCredentialsException: User email already exist maheshmestri73@gmail.com]
2026-07-04 23:23:21.862 [main] INFO  c.e.h.c.AuthControllerTestIT - Starting AuthControllerTestIT using Java 25.0.1 with PID 98649 (started by ermapsh in /Users/ermapsh/Devlopement/project/backend/hospital)
2026-07-04 23:23:21.862 [main] INFO  c.e.h.c.AuthControllerTestIT - No active profile set, falling back to 1 default profile: "default"
2026-07-04 23:23:21.941 [background-preinit] INFO  o.h.validator.internal.util.Version - HV000001: Hibernate Validator 9.0.1.Final
2026-07-04 23:23:22.199 [main] INFO  o.s.d.r.c.RepositoryConfigurationDelegate - Bootstrapping Spring Data JPA repositories in DEFAULT mode.
2026-07-04 23:23:22.255 [main] INFO  o.s.d.r.c.RepositoryConfigurationDelegate - Finished Spring Data repository scanning in 52 ms. Found 8 JPA repository interfaces.
2026-07-04 23:23:22.444 [main] INFO  o.testcontainers.images.PullPolicy - Image pull policy will be performed by: DefaultPullPolicy()
2026-07-04 23:23:22.445 [main] INFO  o.t.utility.ImageNameSubstitutor - Image name substitution will be performed by: DefaultImageNameSubstitutor (composite of 'ConfigurationFileImageNameSubstitutor' and 'PrefixingImageNameSubstitutor')
2026-07-04 23:23:22.456 [main] INFO  o.testcontainers.DockerClientFactory - Testcontainers version: 2.0.4
2026-07-04 23:23:22.530 [main] INFO  o.t.d.DockerClientProviderStrategy - Loaded org.testcontainers.dockerclient.UnixSocketClientProviderStrategy from ~/.testcontainers.properties, will try it first
2026-07-04 23:23:22.694 [main] INFO  o.t.d.DockerClientProviderStrategy - Found Docker environment with local Unix socket (unix:///var/run/docker.sock)
2026-07-04 23:23:22.695 [main] INFO  o.testcontainers.DockerClientFactory - Docker host IP address is localhost
2026-07-04 23:23:22.705 [main] INFO  o.testcontainers.DockerClientFactory - Connected to docker: 
  Server Version: 29.6.1
  API Version: 1.55
  Operating System: Docker Desktop
  Total Memory: 7936 MB
  Labels: 
    com.docker.desktop.address=unix:///Users/ermapsh/Library/Containers/com.docker.docker/Data/docker-cli.sock
2026-07-04 23:23:22.745 [main] INFO  tc.testcontainers/ryuk:0.14.0 - Creating container for image: testcontainers/ryuk:0.14.0
2026-07-04 23:23:22.914 [main] INFO  tc.testcontainers/ryuk:0.14.0 - Container testcontainers/ryuk:0.14.0 is starting: 688a44e6cc1cf17e650d6af9c10eaeee58159e9380dae399f6a594584aa81d09
2026-07-04 23:23:23.087 [main] INFO  tc.testcontainers/ryuk:0.14.0 - Container testcontainers/ryuk:0.14.0 started in PT0.342107S
2026-07-04 23:23:23.090 [main] INFO  o.t.utility.RyukResourceReaper - Ryuk started - will monitor and terminate Testcontainers containers on JVM exit
2026-07-04 23:23:23.090 [main] INFO  o.testcontainers.DockerClientFactory - Checking the system...
2026-07-04 23:23:23.090 [main] INFO  o.testcontainers.DockerClientFactory - ✔︎ Docker server version should be at least 1.6.0
2026-07-04 23:23:23.090 [main] INFO  tc.postgres:16 - Creating container for image: postgres:16
2026-07-04 23:23:23.112 [main] INFO  tc.postgres:16 - Container postgres:16 is starting: 31532a0ff9170ebd2bd3da4151ab9d25258a966e455b96aa3019abedbf89740e
2026-07-04 23:23:23.766 [main] INFO  tc.postgres:16 - Container postgres:16 started in PT0.676172S
2026-07-04 23:23:23.767 [main] INFO  tc.postgres:16 - Container is started (JDBC URL: jdbc:postgresql://localhost:56668/test?loggerLevel=OFF)
2026-07-04 23:23:23.843 [main] INFO  org.hibernate.orm.jpa - HHH008540: Processing PersistenceUnitInfo [name: default]
2026-07-04 23:23:23.868 [main] INFO  org.hibernate.orm.core - HHH000001: Hibernate ORM core version 7.2.7.Final
2026-07-04 23:23:23.964 [main] INFO  o.h.e.b.internal.EnversServiceImpl - Envers integration enabled? : true
2026-07-04 23:23:24.053 [main] INFO  o.s.o.j.p.SpringPersistenceUnitInfo - No LoadTimeWeaver setup: ignoring JPA class transformer
2026-07-04 23:23:24.066 [main] INFO  com.zaxxer.hikari.HikariDataSource - HikariPool-1 - Starting...
2026-07-04 23:23:24.127 [main] INFO  com.zaxxer.hikari.pool.HikariPool - HikariPool-1 - Added connection org.postgresql.jdbc.PgConnection@6b0f50d8
2026-07-04 23:23:24.127 [main] INFO  com.zaxxer.hikari.HikariDataSource - HikariPool-1 - Start completed.
2026-07-04 23:23:24.151 [main] INFO  o.hibernate.orm.connections.pooling - HHH10001005: Database info:
	Database JDBC URL [jdbc:postgresql://localhost:56668/test?loggerLevel=OFF]
	Database driver: PostgreSQL JDBC Driver
	Database dialect: PostgreSQLDialect
	Database version: 16.14
	Default catalog/schema: test/public
	Autocommit mode: undefined/unknown
	Isolation level: READ_COMMITTED [default READ_COMMITTED]
	JDBC fetch size: none
	Pool: DataSourceConnectionProvider
	Minimum pool size: undefined/unknown
	Maximum pool size: undefined/unknown
2026-07-04 23:23:24.244 [main] INFO  o.h.e.c.i.m.AuditMetadataGenerator - Adding properties for entity: com.ermapsh.hospital.entity.PostEntity
2026-07-04 23:23:24.638 [main] INFO  org.hibernate.orm.core - HHH000489: No JTA platform available (set 'hibernate.transaction.jta.platform' to enable JTA platform integration)
2026-07-04 23:23:24.674 [main] WARN  org.hibernate.orm.jdbc.warn - HHH000247: ErrorCode: 0, SQLState: 00000
2026-07-04 23:23:24.674 [main] WARN  org.hibernate.orm.jdbc.warn - constraint "uk1t68827l97cwyxo9r1u6t4p7d" of relation "department" does not exist, skipping
2026-07-04 23:23:24.675 [main] WARN  org.hibernate.orm.jdbc.warn - HHH000247: ErrorCode: 0, SQLState: 00000
2026-07-04 23:23:24.675 [main] WARN  org.hibernate.orm.jdbc.warn - constraint "ukkkp33svgs69x9xgcgl55rk5sp" of relation "department" does not exist, skipping
2026-07-04 23:23:24.676 [main] WARN  org.hibernate.orm.jdbc.warn - HHH000247: ErrorCode: 0, SQLState: 00000
2026-07-04 23:23:24.676 [main] WARN  org.hibernate.orm.jdbc.warn - constraint "uk2o0gkfbstwhhtknwdle80icm" of relation "doctor" does not exist, skipping
2026-07-04 23:23:24.677 [main] WARN  org.hibernate.orm.jdbc.warn - HHH000247: ErrorCode: 0, SQLState: 00000
2026-07-04 23:23:24.677 [main] WARN  org.hibernate.orm.jdbc.warn - constraint "uk7rbxwbe5osbdxdxv1nx6xp5q4" of relation "insurance" does not exist, skipping
2026-07-04 23:23:24.679 [main] WARN  org.hibernate.orm.jdbc.warn - HHH000247: ErrorCode: 0, SQLState: 00000
2026-07-04 23:23:24.679 [main] WARN  org.hibernate.orm.jdbc.warn - constraint "unique_patient_name_dob" of relation "patient" does not exist, skipping
2026-07-04 23:23:24.680 [main] WARN  org.hibernate.orm.jdbc.warn - HHH000247: ErrorCode: 0, SQLState: 00000
2026-07-04 23:23:24.680 [main] WARN  org.hibernate.orm.jdbc.warn - constraint "ukmrjnos83qfuhf1o7sivv5ws5q" of relation "patient" does not exist, skipping
2026-07-04 23:23:24.681 [main] WARN  org.hibernate.orm.jdbc.warn - HHH000247: ErrorCode: 0, SQLState: 00000
2026-07-04 23:23:24.681 [main] WARN  org.hibernate.orm.jdbc.warn - constraint "ukqfqu3sawio9crosjondpnadot" of relation "patient" does not exist, skipping
2026-07-04 23:23:24.682 [main] WARN  org.hibernate.orm.jdbc.warn - HHH000247: ErrorCode: 0, SQLState: 00000
2026-07-04 23:23:24.682 [main] WARN  org.hibernate.orm.jdbc.warn - constraint "uk6dotkott2kjsp8vw4d0m25fb7" of relation "users" does not exist, skipping
2026-07-04 23:23:24.691 [main] INFO  o.s.o.j.LocalContainerEntityManagerFactoryBean - Initialized JPA EntityManagerFactory for persistence unit 'default'
2026-07-04 23:23:24.720 [main] INFO  o.s.d.j.r.q.QueryEnhancerFactories - Hibernate is in classpath; If applicable, HQL parser will be used.
2026-07-04 23:23:24.806 [main] INFO  o.s.s.c.a.a.c.InitializeUserDetailsBeanManagerConfigurer$InitializeUserDetailsManagerConfigurer - Global AuthenticationManager configured with UserDetailsService bean with name userService
2026-07-04 23:23:25.238 [main] WARN  o.s.b.j.a.JpaBaseConfiguration$JpaWebConfiguration - spring.jpa.open-in-view is enabled by default. Therefore, database queries may be performed during view rendering. Explicitly configure spring.jpa.open-in-view to disable this warning
2026-07-04 23:23:25.526 [main] INFO  o.s.b.t.m.w.SpringBootMockServletContext - Initializing Spring TestDispatcherServlet ''
2026-07-04 23:23:25.526 [main] INFO  o.s.t.w.s.TestDispatcherServlet - Initializing Servlet ''
2026-07-04 23:23:25.529 [main] INFO  o.s.b.a.e.web.EndpointLinksResolver - Exposing 13 endpoints beneath base path '/actuator'
2026-07-04 23:23:25.535 [main] INFO  o.s.t.w.s.TestDispatcherServlet - Completed initialization in 9 ms
2026-07-04 23:23:25.580 [main] INFO  c.e.h.c.AuthControllerTestIT - Started AuthControllerTestIT in 3.864 seconds (process running for 4.349)
2026-07-04 23:23:26.198 [SpringApplicationShutdownHook] INFO  o.s.o.j.LocalContainerEntityManagerFactoryBean - Closing JPA EntityManagerFactory for persistence unit 'default'
2026-07-04 23:23:26.199 [SpringApplicationShutdownHook] INFO  com.zaxxer.hikari.HikariDataSource - HikariPool-1 - Shutdown initiated...
2026-07-04 23:23:26.200 [SpringApplicationShutdownHook] INFO  com.zaxxer.hikari.HikariDataSource - HikariPool-1 - Shutdown completed.
2026-07-04 23:32:38.880 [main] INFO  c.e.h.c.AuthControllerTestIT - Starting AuthControllerTestIT using Java 25.0.1 with PID 99028 (started by ermapsh in /Users/ermapsh/Devlopement/project/backend/hospital)
2026-07-04 23:32:38.884 [main] INFO  c.e.h.c.AuthControllerTestIT - No active profile set, falling back to 1 default profile: "default"
2026-07-04 23:32:38.973 [background-preinit] INFO  o.h.validator.internal.util.Version - HV000001: Hibernate Validator 9.0.1.Final
2026-07-04 23:32:39.267 [main] INFO  o.s.d.r.c.RepositoryConfigurationDelegate - Bootstrapping Spring Data JPA repositories in DEFAULT mode.
2026-07-04 23:32:39.326 [main] INFO  o.s.d.r.c.RepositoryConfigurationDelegate - Finished Spring Data repository scanning in 54 ms. Found 8 JPA repository interfaces.
2026-07-04 23:32:39.525 [main] INFO  o.testcontainers.images.PullPolicy - Image pull policy will be performed by: DefaultPullPolicy()
2026-07-04 23:32:39.526 [main] INFO  o.t.utility.ImageNameSubstitutor - Image name substitution will be performed by: DefaultImageNameSubstitutor (composite of 'ConfigurationFileImageNameSubstitutor' and 'PrefixingImageNameSubstitutor')
2026-07-04 23:32:39.535 [main] INFO  o.testcontainers.DockerClientFactory - Testcontainers version: 2.0.4
2026-07-04 23:32:39.616 [main] INFO  o.t.d.DockerClientProviderStrategy - Loaded org.testcontainers.dockerclient.UnixSocketClientProviderStrategy from ~/.testcontainers.properties, will try it first
2026-07-04 23:32:39.808 [main] INFO  o.t.d.DockerClientProviderStrategy - Found Docker environment with local Unix socket (unix:///var/run/docker.sock)
2026-07-04 23:32:39.809 [main] INFO  o.testcontainers.DockerClientFactory - Docker host IP address is localhost
2026-07-04 23:32:39.823 [main] INFO  o.testcontainers.DockerClientFactory - Connected to docker: 
  Server Version: 29.6.1
  API Version: 1.55
  Operating System: Docker Desktop
  Total Memory: 7936 MB
  Labels: 
    com.docker.desktop.address=unix:///Users/ermapsh/Library/Containers/com.docker.docker/Data/docker-cli.sock
2026-07-04 23:32:39.872 [main] INFO  tc.testcontainers/ryuk:0.14.0 - Creating container for image: testcontainers/ryuk:0.14.0
2026-07-04 23:32:40.021 [main] INFO  tc.testcontainers/ryuk:0.14.0 - Container testcontainers/ryuk:0.14.0 is starting: a5293713186b67006acc0c3f851c2ffdcf0fa3aca3e7e89f6eeeca44daafc5ce
2026-07-04 23:32:40.200 [main] INFO  tc.testcontainers/ryuk:0.14.0 - Container testcontainers/ryuk:0.14.0 started in PT0.327408S
2026-07-04 23:32:40.202 [main] INFO  o.t.utility.RyukResourceReaper - Ryuk started - will monitor and terminate Testcontainers containers on JVM exit
2026-07-04 23:32:40.202 [main] INFO  o.testcontainers.DockerClientFactory - Checking the system...
2026-07-04 23:32:40.202 [main] INFO  o.testcontainers.DockerClientFactory - ✔︎ Docker server version should be at least 1.6.0
2026-07-04 23:32:40.203 [main] INFO  tc.postgres:16 - Creating container for image: postgres:16
2026-07-04 23:32:40.227 [main] INFO  tc.postgres:16 - Container postgres:16 is starting: 153c091695e89e2c730a6f002485f39afeb8c4a0fa425441351cbf1ae2b76101
2026-07-04 23:32:40.920 [main] INFO  tc.postgres:16 - Container postgres:16 started in PT0.71695S
2026-07-04 23:32:40.920 [main] INFO  tc.postgres:16 - Container is started (JDBC URL: jdbc:postgresql://localhost:56733/test?loggerLevel=OFF)
2026-07-04 23:32:40.994 [main] INFO  org.hibernate.orm.jpa - HHH008540: Processing PersistenceUnitInfo [name: default]
2026-07-04 23:32:41.017 [main] INFO  org.hibernate.orm.core - HHH000001: Hibernate ORM core version 7.2.7.Final
2026-07-04 23:32:41.102 [main] INFO  o.h.e.b.internal.EnversServiceImpl - Envers integration enabled? : true
2026-07-04 23:32:41.176 [main] INFO  o.s.o.j.p.SpringPersistenceUnitInfo - No LoadTimeWeaver setup: ignoring JPA class transformer
2026-07-04 23:32:41.187 [main] INFO  com.zaxxer.hikari.HikariDataSource - HikariPool-1 - Starting...
2026-07-04 23:32:41.257 [main] INFO  com.zaxxer.hikari.pool.HikariPool - HikariPool-1 - Added connection org.postgresql.jdbc.PgConnection@296b758
2026-07-04 23:32:41.257 [main] INFO  com.zaxxer.hikari.HikariDataSource - HikariPool-1 - Start completed.
2026-07-04 23:32:41.284 [main] INFO  o.hibernate.orm.connections.pooling - HHH10001005: Database info:
	Database JDBC URL [jdbc:postgresql://localhost:56733/test?loggerLevel=OFF]
	Database driver: PostgreSQL JDBC Driver
	Database dialect: PostgreSQLDialect
	Database version: 16.14
	Default catalog/schema: test/public
	Autocommit mode: undefined/unknown
	Isolation level: READ_COMMITTED [default READ_COMMITTED]
	JDBC fetch size: none
	Pool: DataSourceConnectionProvider
	Minimum pool size: undefined/unknown
	Maximum pool size: undefined/unknown
2026-07-04 23:32:41.378 [main] INFO  o.h.e.c.i.m.AuditMetadataGenerator - Adding properties for entity: com.ermapsh.hospital.entity.PostEntity
2026-07-04 23:32:41.797 [main] INFO  org.hibernate.orm.core - HHH000489: No JTA platform available (set 'hibernate.transaction.jta.platform' to enable JTA platform integration)
2026-07-04 23:32:41.866 [main] WARN  org.hibernate.orm.jdbc.warn - HHH000247: ErrorCode: 0, SQLState: 00000
2026-07-04 23:32:41.866 [main] WARN  org.hibernate.orm.jdbc.warn - constraint "uk1t68827l97cwyxo9r1u6t4p7d" of relation "department" does not exist, skipping
2026-07-04 23:32:41.867 [main] WARN  org.hibernate.orm.jdbc.warn - HHH000247: ErrorCode: 0, SQLState: 00000
2026-07-04 23:32:41.867 [main] WARN  org.hibernate.orm.jdbc.warn - constraint "ukkkp33svgs69x9xgcgl55rk5sp" of relation "department" does not exist, skipping
2026-07-04 23:32:41.868 [main] WARN  org.hibernate.orm.jdbc.warn - HHH000247: ErrorCode: 0, SQLState: 00000
2026-07-04 23:32:41.868 [main] WARN  org.hibernate.orm.jdbc.warn - constraint "uk2o0gkfbstwhhtknwdle80icm" of relation "doctor" does not exist, skipping
2026-07-04 23:32:41.871 [main] WARN  org.hibernate.orm.jdbc.warn - HHH000247: ErrorCode: 0, SQLState: 00000
2026-07-04 23:32:41.871 [main] WARN  org.hibernate.orm.jdbc.warn - constraint "uk7rbxwbe5osbdxdxv1nx6xp5q4" of relation "insurance" does not exist, skipping
2026-07-04 23:32:41.872 [main] WARN  org.hibernate.orm.jdbc.warn - HHH000247: ErrorCode: 0, SQLState: 00000
2026-07-04 23:32:41.872 [main] WARN  org.hibernate.orm.jdbc.warn - constraint "unique_patient_name_dob" of relation "patient" does not exist, skipping
2026-07-04 23:32:41.873 [main] WARN  org.hibernate.orm.jdbc.warn - HHH000247: ErrorCode: 0, SQLState: 00000
2026-07-04 23:32:41.873 [main] WARN  org.hibernate.orm.jdbc.warn - constraint "ukmrjnos83qfuhf1o7sivv5ws5q" of relation "patient" does not exist, skipping
2026-07-04 23:32:41.874 [main] WARN  org.hibernate.orm.jdbc.warn - HHH000247: ErrorCode: 0, SQLState: 00000
2026-07-04 23:32:41.874 [main] WARN  org.hibernate.orm.jdbc.warn - constraint "ukqfqu3sawio9crosjondpnadot" of relation "patient" does not exist, skipping
2026-07-04 23:32:41.874 [main] WARN  org.hibernate.orm.jdbc.warn - HHH000247: ErrorCode: 0, SQLState: 00000
2026-07-04 23:32:41.874 [main] WARN  org.hibernate.orm.jdbc.warn - constraint "uk6dotkott2kjsp8vw4d0m25fb7" of relation "users" does not exist, skipping
2026-07-04 23:32:41.882 [main] INFO  o.s.o.j.LocalContainerEntityManagerFactoryBean - Initialized JPA EntityManagerFactory for persistence unit 'default'
2026-07-04 23:32:41.923 [main] INFO  o.s.d.j.r.q.QueryEnhancerFactories - Hibernate is in classpath; If applicable, HQL parser will be used.
2026-07-04 23:32:42.016 [main] INFO  o.s.s.c.a.a.c.InitializeUserDetailsBeanManagerConfigurer$InitializeUserDetailsManagerConfigurer - Global AuthenticationManager configured with UserDetailsService bean with name userService
2026-07-04 23:32:42.547 [main] WARN  o.s.b.j.a.JpaBaseConfiguration$JpaWebConfiguration - spring.jpa.open-in-view is enabled by default. Therefore, database queries may be performed during view rendering. Explicitly configure spring.jpa.open-in-view to disable this warning
2026-07-04 23:32:42.861 [main] INFO  o.s.b.t.m.w.SpringBootMockServletContext - Initializing Spring TestDispatcherServlet ''
2026-07-04 23:32:42.861 [main] INFO  o.s.t.w.s.TestDispatcherServlet - Initializing Servlet ''
2026-07-04 23:32:42.864 [main] INFO  o.s.b.a.e.web.EndpointLinksResolver - Exposing 13 endpoints beneath base path '/actuator'
2026-07-04 23:32:42.870 [main] INFO  o.s.t.w.s.TestDispatcherServlet - Completed initialization in 9 ms
2026-07-04 23:32:42.918 [main] INFO  c.e.h.c.AuthControllerTestIT - Started AuthControllerTestIT in 4.217 seconds (process running for 4.815)
2026-07-04 23:32:43.545 [main] WARN  c.e.hospital.service.AuthService - UsernamePasswordAuthenticationToken [Principal=User(id=1, email=maheshmestri12@gmail.com, password=$2a$10$7MwjFskUlF37e4lWtZHJiurrt/NufJAtc8H1UooI2uyvmv2qJdvN6, name=Mahesh Mestri, roles=[], permissions=[]), Credentials=[PROTECTED], Authenticated=true, Details=null, Granted Authorities=[FactorGrantedAuthority [authority=FACTOR_PASSWORD, issuedAt=2026-07-04T18:02:43.544711Z]]]
2026-07-04 23:32:43.545 [main] WARN  c.e.hospital.service.AuthService - User(id=1, email=maheshmestri12@gmail.com, password=$2a$10$7MwjFskUlF37e4lWtZHJiurrt/NufJAtc8H1UooI2uyvmv2qJdvN6, name=Mahesh Mestri, roles=[], permissions=[])
2026-07-04 23:32:44.010 [SpringApplicationShutdownHook] INFO  o.s.o.j.LocalContainerEntityManagerFactoryBean - Closing JPA EntityManagerFactory for persistence unit 'default'
2026-07-04 23:32:44.011 [SpringApplicationShutdownHook] INFO  com.zaxxer.hikari.HikariDataSource - HikariPool-1 - Shutdown initiated...
2026-07-04 23:32:44.012 [SpringApplicationShutdownHook] INFO  com.zaxxer.hikari.HikariDataSource - HikariPool-1 - Shutdown completed.
2026-07-04 23:37:51.092 [main] INFO  c.e.h.c.AuthControllerTestIT - Starting AuthControllerTestIT using Java 25.0.1 with PID 99268 (started by ermapsh in /Users/ermapsh/Devlopement/project/backend/hospital)
2026-07-04 23:37:51.093 [main] INFO  c.e.h.c.AuthControllerTestIT - No active profile set, falling back to 1 default profile: "default"
2026-07-04 23:37:51.164 [background-preinit] INFO  o.h.validator.internal.util.Version - HV000001: Hibernate Validator 9.0.1.Final
2026-07-04 23:37:51.414 [main] INFO  o.s.d.r.c.RepositoryConfigurationDelegate - Bootstrapping Spring Data JPA repositories in DEFAULT mode.
2026-07-04 23:37:51.469 [main] INFO  o.s.d.r.c.RepositoryConfigurationDelegate - Finished Spring Data repository scanning in 51 ms. Found 8 JPA repository interfaces.
2026-07-04 23:37:51.664 [main] INFO  o.testcontainers.images.PullPolicy - Image pull policy will be performed by: DefaultPullPolicy()
2026-07-04 23:37:51.665 [main] INFO  o.t.utility.ImageNameSubstitutor - Image name substitution will be performed by: DefaultImageNameSubstitutor (composite of 'ConfigurationFileImageNameSubstitutor' and 'PrefixingImageNameSubstitutor')
2026-07-04 23:37:51.672 [main] INFO  o.testcontainers.DockerClientFactory - Testcontainers version: 2.0.4
2026-07-04 23:37:51.749 [main] INFO  o.t.d.DockerClientProviderStrategy - Loaded org.testcontainers.dockerclient.UnixSocketClientProviderStrategy from ~/.testcontainers.properties, will try it first
2026-07-04 23:37:51.928 [main] INFO  o.t.d.DockerClientProviderStrategy - Found Docker environment with local Unix socket (unix:///var/run/docker.sock)
2026-07-04 23:37:51.928 [main] INFO  o.testcontainers.DockerClientFactory - Docker host IP address is localhost
2026-07-04 23:37:51.944 [main] INFO  o.testcontainers.DockerClientFactory - Connected to docker: 
  Server Version: 29.6.1
  API Version: 1.55
  Operating System: Docker Desktop
  Total Memory: 7936 MB
  Labels: 
    com.docker.desktop.address=unix:///Users/ermapsh/Library/Containers/com.docker.docker/Data/docker-cli.sock
2026-07-04 23:37:51.990 [main] INFO  tc.testcontainers/ryuk:0.14.0 - Creating container for image: testcontainers/ryuk:0.14.0
2026-07-04 23:37:52.149 [main] INFO  tc.testcontainers/ryuk:0.14.0 - Container testcontainers/ryuk:0.14.0 is starting: ace1a9a93c3a29265849cb8ec013cf2be9af6edb5890c53ac80574e3a0058a44
2026-07-04 23:37:52.321 [main] INFO  tc.testcontainers/ryuk:0.14.0 - Container testcontainers/ryuk:0.14.0 started in PT0.330738S
2026-07-04 23:37:52.323 [main] INFO  o.t.utility.RyukResourceReaper - Ryuk started - will monitor and terminate Testcontainers containers on JVM exit
2026-07-04 23:37:52.323 [main] INFO  o.testcontainers.DockerClientFactory - Checking the system...
2026-07-04 23:37:52.323 [main] INFO  o.testcontainers.DockerClientFactory - ✔︎ Docker server version should be at least 1.6.0
2026-07-04 23:37:52.323 [main] INFO  tc.postgres:16 - Creating container for image: postgres:16
2026-07-04 23:37:52.348 [main] INFO  tc.postgres:16 - Container postgres:16 is starting: 86b3236094358ac65c9f27817fe0d1299a9e01e77642d136021d0fd45522aa9d
2026-07-04 23:37:52.986 [main] INFO  tc.postgres:16 - Container postgres:16 started in PT0.663044S
2026-07-04 23:37:52.987 [main] INFO  tc.postgres:16 - Container is started (JDBC URL: jdbc:postgresql://localhost:56796/test?loggerLevel=OFF)
2026-07-04 23:37:53.054 [main] INFO  org.hibernate.orm.jpa - HHH008540: Processing PersistenceUnitInfo [name: default]
2026-07-04 23:37:53.075 [main] INFO  org.hibernate.orm.core - HHH000001: Hibernate ORM core version 7.2.7.Final
2026-07-04 23:37:53.160 [main] INFO  o.h.e.b.internal.EnversServiceImpl - Envers integration enabled? : true
2026-07-04 23:37:53.228 [main] INFO  o.s.o.j.p.SpringPersistenceUnitInfo - No LoadTimeWeaver setup: ignoring JPA class transformer
2026-07-04 23:37:53.240 [main] INFO  com.zaxxer.hikari.HikariDataSource - HikariPool-1 - Starting...
2026-07-04 23:37:53.305 [main] INFO  com.zaxxer.hikari.pool.HikariPool - HikariPool-1 - Added connection org.postgresql.jdbc.PgConnection@296b758
2026-07-04 23:37:53.306 [main] INFO  com.zaxxer.hikari.HikariDataSource - HikariPool-1 - Start completed.
2026-07-04 23:37:53.330 [main] INFO  o.hibernate.orm.connections.pooling - HHH10001005: Database info:
	Database JDBC URL [jdbc:postgresql://localhost:56796/test?loggerLevel=OFF]
	Database driver: PostgreSQL JDBC Driver
	Database dialect: PostgreSQLDialect
	Database version: 16.14
	Default catalog/schema: test/public
	Autocommit mode: undefined/unknown
	Isolation level: READ_COMMITTED [default READ_COMMITTED]
	JDBC fetch size: none
	Pool: DataSourceConnectionProvider
	Minimum pool size: undefined/unknown
	Maximum pool size: undefined/unknown
2026-07-04 23:37:53.417 [main] INFO  o.h.e.c.i.m.AuditMetadataGenerator - Adding properties for entity: com.ermapsh.hospital.entity.PostEntity
2026-07-04 23:37:53.822 [main] INFO  org.hibernate.orm.core - HHH000489: No JTA platform available (set 'hibernate.transaction.jta.platform' to enable JTA platform integration)
2026-07-04 23:37:53.854 [main] WARN  org.hibernate.orm.jdbc.warn - HHH000247: ErrorCode: 0, SQLState: 00000
2026-07-04 23:37:53.854 [main] WARN  org.hibernate.orm.jdbc.warn - constraint "uk1t68827l97cwyxo9r1u6t4p7d" of relation "department" does not exist, skipping
2026-07-04 23:37:53.855 [main] WARN  org.hibernate.orm.jdbc.warn - HHH000247: ErrorCode: 0, SQLState: 00000
2026-07-04 23:37:53.855 [main] WARN  org.hibernate.orm.jdbc.warn - constraint "ukkkp33svgs69x9xgcgl55rk5sp" of relation "department" does not exist, skipping
2026-07-04 23:37:53.856 [main] WARN  org.hibernate.orm.jdbc.warn - HHH000247: ErrorCode: 0, SQLState: 00000
2026-07-04 23:37:53.856 [main] WARN  org.hibernate.orm.jdbc.warn - constraint "uk2o0gkfbstwhhtknwdle80icm" of relation "doctor" does not exist, skipping
2026-07-04 23:37:53.857 [main] WARN  org.hibernate.orm.jdbc.warn - HHH000247: ErrorCode: 0, SQLState: 00000
2026-07-04 23:37:53.857 [main] WARN  org.hibernate.orm.jdbc.warn - constraint "uk7rbxwbe5osbdxdxv1nx6xp5q4" of relation "insurance" does not exist, skipping
2026-07-04 23:37:53.859 [main] WARN  org.hibernate.orm.jdbc.warn - HHH000247: ErrorCode: 0, SQLState: 00000
2026-07-04 23:37:53.859 [main] WARN  org.hibernate.orm.jdbc.warn - constraint "unique_patient_name_dob" of relation "patient" does not exist, skipping
2026-07-04 23:37:53.860 [main] WARN  org.hibernate.orm.jdbc.warn - HHH000247: ErrorCode: 0, SQLState: 00000
2026-07-04 23:37:53.860 [main] WARN  org.hibernate.orm.jdbc.warn - constraint "ukmrjnos83qfuhf1o7sivv5ws5q" of relation "patient" does not exist, skipping
2026-07-04 23:37:53.861 [main] WARN  org.hibernate.orm.jdbc.warn - HHH000247: ErrorCode: 0, SQLState: 00000
2026-07-04 23:37:53.861 [main] WARN  org.hibernate.orm.jdbc.warn - constraint "ukqfqu3sawio9crosjondpnadot" of relation "patient" does not exist, skipping
2026-07-04 23:37:53.862 [main] WARN  org.hibernate.orm.jdbc.warn - HHH000247: ErrorCode: 0, SQLState: 00000
2026-07-04 23:37:53.862 [main] WARN  org.hibernate.orm.jdbc.warn - constraint "uk6dotkott2kjsp8vw4d0m25fb7" of relation "users" does not exist, skipping
2026-07-04 23:37:53.871 [main] INFO  o.s.o.j.LocalContainerEntityManagerFactoryBean - Initialized JPA EntityManagerFactory for persistence unit 'default'
2026-07-04 23:37:53.901 [main] INFO  o.s.d.j.r.q.QueryEnhancerFactories - Hibernate is in classpath; If applicable, HQL parser will be used.
2026-07-04 23:37:53.980 [main] INFO  o.s.s.c.a.a.c.InitializeUserDetailsBeanManagerConfigurer$InitializeUserDetailsManagerConfigurer - Global AuthenticationManager configured with UserDetailsService bean with name userService
2026-07-04 23:37:54.452 [main] WARN  o.s.b.j.a.JpaBaseConfiguration$JpaWebConfiguration - spring.jpa.open-in-view is enabled by default. Therefore, database queries may be performed during view rendering. Explicitly configure spring.jpa.open-in-view to disable this warning
2026-07-04 23:37:54.748 [main] INFO  o.s.b.t.m.w.SpringBootMockServletContext - Initializing Spring TestDispatcherServlet ''
2026-07-04 23:37:54.748 [main] INFO  o.s.t.w.s.TestDispatcherServlet - Initializing Servlet ''
2026-07-04 23:37:54.752 [main] INFO  o.s.b.a.e.web.EndpointLinksResolver - Exposing 13 endpoints beneath base path '/actuator'
2026-07-04 23:37:54.757 [main] INFO  o.s.t.w.s.TestDispatcherServlet - Completed initialization in 8 ms
2026-07-04 23:37:54.808 [main] INFO  c.e.h.c.AuthControllerTestIT - Started AuthControllerTestIT in 3.861 seconds (process running for 4.333)
2026-07-04 23:37:55.357 [main] WARN  c.e.hospital.service.AuthService - UsernamePasswordAuthenticationToken [Principal=User(id=1, email=maheshmestri12@gmail.com, password=$2a$10$sidAvr9ohchh5GdP.MEhL.FnVf1CMnoxxgqonfIlWZBkhzEIjbkW2, name=Mahesh Mestri, roles=[], permissions=[]), Credentials=[PROTECTED], Authenticated=true, Details=null, Granted Authorities=[FactorGrantedAuthority [authority=FACTOR_PASSWORD, issuedAt=2026-07-04T18:07:55.356725Z]]]
2026-07-04 23:37:55.357 [main] WARN  c.e.hospital.service.AuthService - User(id=1, email=maheshmestri12@gmail.com, password=$2a$10$sidAvr9ohchh5GdP.MEhL.FnVf1CMnoxxgqonfIlWZBkhzEIjbkW2, name=Mahesh Mestri, roles=[], permissions=[])
2026-07-04 23:37:55.696 [SpringApplicationShutdownHook] INFO  o.s.o.j.LocalContainerEntityManagerFactoryBean - Closing JPA EntityManagerFactory for persistence unit 'default'
2026-07-04 23:37:55.697 [SpringApplicationShutdownHook] INFO  com.zaxxer.hikari.HikariDataSource - HikariPool-1 - Shutdown initiated...
2026-07-04 23:37:55.698 [SpringApplicationShutdownHook] INFO  com.zaxxer.hikari.HikariDataSource - HikariPool-1 - Shutdown completed.
2026-07-04 23:38:29.624 [main] INFO  c.e.h.c.AuthControllerTestIT - Starting AuthControllerTestIT using Java 25.0.1 with PID 99307 (started by ermapsh in /Users/ermapsh/Devlopement/project/backend/hospital)
2026-07-04 23:38:29.624 [main] INFO  c.e.h.c.AuthControllerTestIT - No active profile set, falling back to 1 default profile: "default"
2026-07-04 23:38:29.700 [background-preinit] INFO  o.h.validator.internal.util.Version - HV000001: Hibernate Validator 9.0.1.Final
2026-07-04 23:38:29.938 [main] INFO  o.s.d.r.c.RepositoryConfigurationDelegate - Bootstrapping Spring Data JPA repositories in DEFAULT mode.
2026-07-04 23:38:29.997 [main] INFO  o.s.d.r.c.RepositoryConfigurationDelegate - Finished Spring Data repository scanning in 55 ms. Found 8 JPA repository interfaces.
2026-07-04 23:38:30.188 [main] INFO  o.testcontainers.images.PullPolicy - Image pull policy will be performed by: DefaultPullPolicy()
2026-07-04 23:38:30.189 [main] INFO  o.t.utility.ImageNameSubstitutor - Image name substitution will be performed by: DefaultImageNameSubstitutor (composite of 'ConfigurationFileImageNameSubstitutor' and 'PrefixingImageNameSubstitutor')
2026-07-04 23:38:30.196 [main] INFO  o.testcontainers.DockerClientFactory - Testcontainers version: 2.0.4
2026-07-04 23:38:30.271 [main] INFO  o.t.d.DockerClientProviderStrategy - Loaded org.testcontainers.dockerclient.UnixSocketClientProviderStrategy from ~/.testcontainers.properties, will try it first
2026-07-04 23:38:30.414 [main] INFO  o.t.d.DockerClientProviderStrategy - Found Docker environment with local Unix socket (unix:///var/run/docker.sock)
2026-07-04 23:38:30.414 [main] INFO  o.testcontainers.DockerClientFactory - Docker host IP address is localhost
2026-07-04 23:38:30.424 [main] INFO  o.testcontainers.DockerClientFactory - Connected to docker: 
  Server Version: 29.6.1
  API Version: 1.55
  Operating System: Docker Desktop
  Total Memory: 7936 MB
  Labels: 
    com.docker.desktop.address=unix:///Users/ermapsh/Library/Containers/com.docker.docker/Data/docker-cli.sock
2026-07-04 23:38:30.464 [main] INFO  tc.testcontainers/ryuk:0.14.0 - Creating container for image: testcontainers/ryuk:0.14.0
2026-07-04 23:38:30.609 [main] INFO  tc.testcontainers/ryuk:0.14.0 - Container testcontainers/ryuk:0.14.0 is starting: 0a4f8a95fbab2bb029fdb4bc81131e0f8d6599ad1e50becf9411aa6c54ee1070
2026-07-04 23:38:30.760 [main] INFO  tc.testcontainers/ryuk:0.14.0 - Container testcontainers/ryuk:0.14.0 started in PT0.296224S
2026-07-04 23:38:30.762 [main] INFO  o.t.utility.RyukResourceReaper - Ryuk started - will monitor and terminate Testcontainers containers on JVM exit
2026-07-04 23:38:30.762 [main] INFO  o.testcontainers.DockerClientFactory - Checking the system...
2026-07-04 23:38:30.763 [main] INFO  o.testcontainers.DockerClientFactory - ✔︎ Docker server version should be at least 1.6.0
2026-07-04 23:38:30.763 [main] INFO  tc.postgres:16 - Creating container for image: postgres:16
2026-07-04 23:38:30.783 [main] INFO  tc.postgres:16 - Container postgres:16 is starting: ce6827d17aff243484481cd06425c8053e16cbbea5dda1c66d7193fb6de5dfc6
2026-07-04 23:38:31.353 [main] INFO  tc.postgres:16 - Container postgres:16 started in PT0.589785S
2026-07-04 23:38:31.353 [main] INFO  tc.postgres:16 - Container is started (JDBC URL: jdbc:postgresql://localhost:56815/test?loggerLevel=OFF)
2026-07-04 23:38:31.419 [main] INFO  org.hibernate.orm.jpa - HHH008540: Processing PersistenceUnitInfo [name: default]
2026-07-04 23:38:31.441 [main] INFO  org.hibernate.orm.core - HHH000001: Hibernate ORM core version 7.2.7.Final
2026-07-04 23:38:31.530 [main] INFO  o.h.e.b.internal.EnversServiceImpl - Envers integration enabled? : true
2026-07-04 23:38:31.595 [main] INFO  o.s.o.j.p.SpringPersistenceUnitInfo - No LoadTimeWeaver setup: ignoring JPA class transformer
2026-07-04 23:38:31.607 [main] INFO  com.zaxxer.hikari.HikariDataSource - HikariPool-1 - Starting...
2026-07-04 23:38:31.670 [main] INFO  com.zaxxer.hikari.pool.HikariPool - HikariPool-1 - Added connection org.postgresql.jdbc.PgConnection@3c7e7ffd
2026-07-04 23:38:31.671 [main] INFO  com.zaxxer.hikari.HikariDataSource - HikariPool-1 - Start completed.
2026-07-04 23:38:31.696 [main] INFO  o.hibernate.orm.connections.pooling - HHH10001005: Database info:
	Database JDBC URL [jdbc:postgresql://localhost:56815/test?loggerLevel=OFF]
	Database driver: PostgreSQL JDBC Driver
	Database dialect: PostgreSQLDialect
	Database version: 16.14
	Default catalog/schema: test/public
	Autocommit mode: undefined/unknown
	Isolation level: READ_COMMITTED [default READ_COMMITTED]
	JDBC fetch size: none
	Pool: DataSourceConnectionProvider
	Minimum pool size: undefined/unknown
	Maximum pool size: undefined/unknown
2026-07-04 23:38:31.791 [main] INFO  o.h.e.c.i.m.AuditMetadataGenerator - Adding properties for entity: com.ermapsh.hospital.entity.PostEntity
2026-07-04 23:38:32.178 [main] INFO  org.hibernate.orm.core - HHH000489: No JTA platform available (set 'hibernate.transaction.jta.platform' to enable JTA platform integration)
2026-07-04 23:38:32.212 [main] WARN  org.hibernate.orm.jdbc.warn - HHH000247: ErrorCode: 0, SQLState: 00000
2026-07-04 23:38:32.212 [main] WARN  org.hibernate.orm.jdbc.warn - constraint "uk1t68827l97cwyxo9r1u6t4p7d" of relation "department" does not exist, skipping
2026-07-04 23:38:32.213 [main] WARN  org.hibernate.orm.jdbc.warn - HHH000247: ErrorCode: 0, SQLState: 00000
2026-07-04 23:38:32.213 [main] WARN  org.hibernate.orm.jdbc.warn - constraint "ukkkp33svgs69x9xgcgl55rk5sp" of relation "department" does not exist, skipping
2026-07-04 23:38:32.214 [main] WARN  org.hibernate.orm.jdbc.warn - HHH000247: ErrorCode: 0, SQLState: 00000
2026-07-04 23:38:32.214 [main] WARN  org.hibernate.orm.jdbc.warn - constraint "uk2o0gkfbstwhhtknwdle80icm" of relation "doctor" does not exist, skipping
2026-07-04 23:38:32.215 [main] WARN  org.hibernate.orm.jdbc.warn - HHH000247: ErrorCode: 0, SQLState: 00000
2026-07-04 23:38:32.215 [main] WARN  org.hibernate.orm.jdbc.warn - constraint "uk7rbxwbe5osbdxdxv1nx6xp5q4" of relation "insurance" does not exist, skipping
2026-07-04 23:38:32.217 [main] WARN  org.hibernate.orm.jdbc.warn - HHH000247: ErrorCode: 0, SQLState: 00000
2026-07-04 23:38:32.217 [main] WARN  org.hibernate.orm.jdbc.warn - constraint "unique_patient_name_dob" of relation "patient" does not exist, skipping
2026-07-04 23:38:32.218 [main] WARN  org.hibernate.orm.jdbc.warn - HHH000247: ErrorCode: 0, SQLState: 00000
2026-07-04 23:38:32.218 [main] WARN  org.hibernate.orm.jdbc.warn - constraint "ukmrjnos83qfuhf1o7sivv5ws5q" of relation "patient" does not exist, skipping
2026-07-04 23:38:32.218 [main] WARN  org.hibernate.orm.jdbc.warn - HHH000247: ErrorCode: 0, SQLState: 00000
2026-07-04 23:38:32.218 [main] WARN  org.hibernate.orm.jdbc.warn - constraint "ukqfqu3sawio9crosjondpnadot" of relation "patient" does not exist, skipping
2026-07-04 23:38:32.219 [main] WARN  org.hibernate.orm.jdbc.warn - HHH000247: ErrorCode: 0, SQLState: 00000
2026-07-04 23:38:32.219 [main] WARN  org.hibernate.orm.jdbc.warn - constraint "uk6dotkott2kjsp8vw4d0m25fb7" of relation "users" does not exist, skipping
2026-07-04 23:38:32.225 [main] INFO  o.s.o.j.LocalContainerEntityManagerFactoryBean - Initialized JPA EntityManagerFactory for persistence unit 'default'
2026-07-04 23:38:32.257 [main] INFO  o.s.d.j.r.q.QueryEnhancerFactories - Hibernate is in classpath; If applicable, HQL parser will be used.
2026-07-04 23:38:32.334 [main] INFO  o.s.s.c.a.a.c.InitializeUserDetailsBeanManagerConfigurer$InitializeUserDetailsManagerConfigurer - Global AuthenticationManager configured with UserDetailsService bean with name userService
2026-07-04 23:38:32.799 [main] WARN  o.s.b.j.a.JpaBaseConfiguration$JpaWebConfiguration - spring.jpa.open-in-view is enabled by default. Therefore, database queries may be performed during view rendering. Explicitly configure spring.jpa.open-in-view to disable this warning
2026-07-04 23:38:33.096 [main] INFO  o.s.b.t.m.w.SpringBootMockServletContext - Initializing Spring TestDispatcherServlet ''
2026-07-04 23:38:33.096 [main] INFO  o.s.t.w.s.TestDispatcherServlet - Initializing Servlet ''
2026-07-04 23:38:33.100 [main] INFO  o.s.b.a.e.web.EndpointLinksResolver - Exposing 13 endpoints beneath base path '/actuator'
2026-07-04 23:38:33.112 [main] INFO  o.s.t.w.s.TestDispatcherServlet - Completed initialization in 16 ms
2026-07-04 23:38:33.164 [main] INFO  c.e.h.c.AuthControllerTestIT - Started AuthControllerTestIT in 3.688 seconds (process running for 4.235)
2026-07-04 23:38:33.726 [main] WARN  c.e.hospital.service.AuthService - UsernamePasswordAuthenticationToken [Principal=User(id=1, email=maheshmestri12@gmail.com, password=$2a$10$e6LiTsoQ/aXJ3Dt6nebToeLtgMowmel5uqaxGhS1UK4qByVrGM3.C, name=Mahesh Mestri, roles=[], permissions=[]), Credentials=[PROTECTED], Authenticated=true, Details=null, Granted Authorities=[FactorGrantedAuthority [authority=FACTOR_PASSWORD, issuedAt=2026-07-04T18:08:33.726327Z]]]
2026-07-04 23:38:33.726 [main] WARN  c.e.hospital.service.AuthService - User(id=1, email=maheshmestri12@gmail.com, password=$2a$10$e6LiTsoQ/aXJ3Dt6nebToeLtgMowmel5uqaxGhS1UK4qByVrGM3.C, name=Mahesh Mestri, roles=[], permissions=[])
2026-07-04 23:38:34.057 [SpringApplicationShutdownHook] INFO  o.s.o.j.LocalContainerEntityManagerFactoryBean - Closing JPA EntityManagerFactory for persistence unit 'default'
2026-07-04 23:38:34.058 [SpringApplicationShutdownHook] INFO  com.zaxxer.hikari.HikariDataSource - HikariPool-1 - Shutdown initiated...
2026-07-04 23:38:34.059 [SpringApplicationShutdownHook] INFO  com.zaxxer.hikari.HikariDataSource - HikariPool-1 - Shutdown completed.
