2026-07-19 21:44:10.858 [main] INFO  c.e.h.ai.service.AIServiceTest - Starting AIServiceTest using Java 25.0.1 with PID 6885 (started by ermapsh in /Users/ermapsh/Devlopement/project/backend/hospital)
2026-07-19 21:44:10.858 [main] INFO  c.e.h.ai.service.AIServiceTest - No active profile set, falling back to 1 default profile: "default"
2026-07-19 21:44:10.958 [background-preinit] INFO  o.h.validator.internal.util.Version - HV000001: Hibernate Validator 9.0.1.Final
2026-07-19 21:44:11.232 [main] INFO  o.s.d.r.c.RepositoryConfigurationDelegate - Bootstrapping Spring Data JPA repositories in DEFAULT mode.
2026-07-19 21:44:11.291 [main] INFO  o.s.d.r.c.RepositoryConfigurationDelegate - Finished Spring Data repository scanning in 55 ms. Found 8 JPA repository interfaces.
2026-07-19 21:44:11.509 [main] INFO  com.zaxxer.hikari.HikariDataSource - HikariPool-1 - Starting...
2026-07-19 21:44:11.559 [main] INFO  com.zaxxer.hikari.pool.HikariPool - HikariPool-1 - Added connection org.postgresql.jdbc.PgConnection@2d41bb5a
2026-07-19 21:44:11.560 [main] INFO  com.zaxxer.hikari.HikariDataSource - HikariPool-1 - Start completed.
2026-07-19 21:44:11.598 [main] INFO  org.hibernate.orm.jpa - HHH008540: Processing PersistenceUnitInfo [name: default]
2026-07-19 21:44:11.630 [main] INFO  org.hibernate.orm.core - HHH000001: Hibernate ORM core version 7.2.7.Final
2026-07-19 21:44:11.732 [main] INFO  o.h.e.b.internal.EnversServiceImpl - Envers integration enabled? : true
2026-07-19 21:44:11.813 [main] INFO  o.s.o.j.p.SpringPersistenceUnitInfo - No LoadTimeWeaver setup: ignoring JPA class transformer
2026-07-19 21:44:11.871 [main] INFO  o.hibernate.orm.connections.pooling - HHH10001005: Database info:
	Database JDBC URL [jdbc:postgresql://localhost:5432/hospital]
	Database driver: PostgreSQL JDBC Driver
	Database dialect: PostgreSQLDialect
	Database version: 18.4
	Default catalog/schema: hospital/public
	Autocommit mode: undefined/unknown
	Isolation level: READ_COMMITTED [default READ_COMMITTED]
	JDBC fetch size: none
	Pool: DataSourceConnectionProvider
	Minimum pool size: undefined/unknown
	Maximum pool size: undefined/unknown
2026-07-19 21:44:11.973 [main] INFO  o.h.e.c.i.m.AuditMetadataGenerator - Adding properties for entity: com.ermapsh.hospital.entity.PostEntity
2026-07-19 21:44:12.365 [main] INFO  org.hibernate.orm.core - HHH000489: No JTA platform available (set 'hibernate.transaction.jta.platform' to enable JTA platform integration)
2026-07-19 21:44:12.449 [main] INFO  o.s.o.j.LocalContainerEntityManagerFactoryBean - Initialized JPA EntityManagerFactory for persistence unit 'default'
2026-07-19 21:44:12.620 [main] ERROR i.n.r.d.DnsServerAddressStreamProviders - Unable to load io.netty.resolver.dns.macos.MacOSDnsServerAddressStreamProvider, fallback to system defaults. This may result in incorrect DNS resolutions on MacOS. Check whether you have a dependency on 'io.netty:netty-resolver-dns-native-macos'. Use DEBUG level to see the full stack: java.lang.UnsatisfiedLinkError: failed to load the required native library
2026-07-19 21:44:12.708 [main] INFO  o.s.d.j.r.q.QueryEnhancerFactories - Hibernate is in classpath; If applicable, HQL parser will be used.
2026-07-19 21:44:12.797 [main] INFO  o.s.s.c.a.a.c.InitializeUserDetailsBeanManagerConfigurer$InitializeUserDetailsManagerConfigurer - Global AuthenticationManager configured with UserDetailsService bean with name userService
2026-07-19 21:44:13.207 [main] WARN  o.s.b.j.a.JpaBaseConfiguration$JpaWebConfiguration - spring.jpa.open-in-view is enabled by default. Therefore, database queries may be performed during view rendering. Explicitly configure spring.jpa.open-in-view to disable this warning
2026-07-19 21:44:13.502 [main] INFO  o.s.b.a.e.web.EndpointLinksResolver - Exposing 13 endpoints beneath base path '/actuator'
2026-07-19 21:44:13.513 [main] WARN  o.s.w.c.s.GenericWebApplicationContext - Exception encountered during context initialization - cancelling refresh attempt: org.springframework.beans.factory.NoSuchBeanDefinitionException: No qualifying bean of type 'org.springframework.cache.CacheManager' available: no CacheResolver specified - register a CacheManager bean or remove the @EnableCaching annotation from your configuration.
2026-07-19 21:44:13.516 [main] INFO  o.s.o.j.LocalContainerEntityManagerFactoryBean - Closing JPA EntityManagerFactory for persistence unit 'default'
2026-07-19 21:44:13.518 [main] INFO  com.zaxxer.hikari.HikariDataSource - HikariPool-1 - Shutdown initiated...
2026-07-19 21:44:13.519 [main] INFO  com.zaxxer.hikari.HikariDataSource - HikariPool-1 - Shutdown completed.
2026-07-19 21:44:13.533 [main] INFO  o.s.b.a.l.ConditionEvaluationReportLogger - 

Error starting ApplicationContext. To display the condition evaluation report re-run your application with 'debug' enabled.
2026-07-19 21:44:13.541 [main] ERROR o.s.b.d.LoggingFailureAnalysisReporter - 

***************************
APPLICATION FAILED TO START
***************************

Description:

A component required a bean of type 'org.springframework.cache.CacheManager' that could not be found.


Action:

Consider defining a bean of type 'org.springframework.cache.CacheManager' in your configuration.

2026-07-19 21:44:13.542 [main] WARN  o.s.test.context.TestContextManager - Caught exception while allowing TestExecutionListener [org.springframework.test.context.web.ServletTestExecutionListener] to prepare test instance [com.ermapsh.hospital.ai.service.AIServiceTest@4515c6f]
java.lang.IllegalStateException: Failed to load ApplicationContext for [WebMergedContextConfiguration@39b19673 testClass = com.ermapsh.hospital.ai.service.AIServiceTest, locations = [], classes = [com.ermapsh.hospital.HospitalApplication], contextInitializerClasses = [], activeProfiles = [], propertySourceDescriptors = [], propertySourceProperties = ["org.springframework.boot.test.context.SpringBootTestContextBootstrapper=true"], contextCustomizers = [org.springframework.boot.testcontainers.service.connection.ServiceConnectionContextCustomizer@0, org.springframework.boot.test.autoconfigure.OnFailureConditionReportContextCustomizerFactory$OnFailureConditionReportContextCustomizer@33617539, org.springframework.test.context.support.DynamicPropertiesContextCustomizer@0, org.springframework.boot.webmvc.test.autoconfigure.WebDriverContextCustomizer@791cbf87, org.springframework.boot.web.server.context.SpringBootTestRandomPortContextCustomizer@2b52c0d6, org.springframework.boot.test.context.PropertyMappingContextCustomizer@0, org.springframework.boot.test.context.filter.ExcludeFilterContextCustomizer@7caa550, org.springframework.boot.test.http.client.DisableReactorResourceFactoryGlobalResourcesContextCustomizerFactory$DisableReactorResourceFactoryGlobalResourcesContextCustomizerCustomizer@24f360b2, org.springframework.boot.test.json.DuplicateJsonObjectContextCustomizerFactory$DuplicateJsonObjectContextCustomizer@770d0ea6, org.springframework.boot.test.context.SpringBootTestAnnotation@aa8d147], resourceBasePath = "src/main/webapp", contextLoader = org.springframework.boot.test.context.SpringBootContextLoader, parent = null]
	at org.springframework.test.context.cache.DefaultCacheAwareContextLoaderDelegate.lambda$loadContext$0(DefaultCacheAwareContextLoaderDelegate.java:195)
	at org.springframework.test.context.cache.DefaultContextCache.put(DefaultContextCache.java:214)
	at org.springframework.test.context.cache.DefaultCacheAwareContextLoaderDelegate.loadContext(DefaultCacheAwareContextLoaderDelegate.java:160)
	at org.springframework.test.context.support.DefaultTestContext.getApplicationContext(DefaultTestContext.java:128)
	at org.springframework.test.context.web.ServletTestExecutionListener.setUpRequestContextIfNecessary(ServletTestExecutionListener.java:200)
	at org.springframework.test.context.web.ServletTestExecutionListener.prepareTestInstance(ServletTestExecutionListener.java:139)
	at org.springframework.test.context.TestContextManager.prepareTestInstance(TestContextManager.java:260)
	at org.springframework.test.context.junit.jupiter.SpringExtension.postProcessTestInstance(SpringExtension.java:210)
	at org.junit.jupiter.engine.descriptor.ClassBasedTestDescriptor.lambda$invokeTestInstancePostProcessors$1(ClassBasedTestDescriptor.java:423)
	at org.junit.jupiter.engine.descriptor.ClassBasedTestDescriptor.executeAndMaskThrowable(ClassBasedTestDescriptor.java:428)
	at org.junit.jupiter.engine.descriptor.ClassBasedTestDescriptor.lambda$invokeTestInstancePostProcessors$0(ClassBasedTestDescriptor.java:422)
	at java.base/java.util.stream.ForEachOps$ForEachOp$OfRef.accept(ForEachOps.java:186)
	at java.base/java.util.stream.ReferencePipeline$3$1.accept(ReferencePipeline.java:214)
	at java.base/java.util.stream.ReferencePipeline$2$1.accept(ReferencePipeline.java:197)
	at java.base/java.util.stream.ReferencePipeline$3$1.accept(ReferencePipeline.java:214)
	at java.base/java.util.ArrayList$ArrayListSpliterator.forEachRemaining(ArrayList.java:1716)
	at java.base/java.util.stream.AbstractPipeline.copyInto(AbstractPipeline.java:570)
	at java.base/java.util.stream.AbstractPipeline.wrapAndCopyInto(AbstractPipeline.java:560)
	at java.base/java.util.stream.ForEachOps$ForEachOp.evaluateSequential(ForEachOps.java:153)
	at java.base/java.util.stream.ForEachOps$ForEachOp$OfRef.evaluateSequential(ForEachOps.java:176)
	at java.base/java.util.stream.AbstractPipeline.evaluate(AbstractPipeline.java:265)
	at java.base/java.util.stream.ReferencePipeline.forEach(ReferencePipeline.java:632)
	at org.junit.jupiter.engine.descriptor.ClassBasedTestDescriptor.invokeTestInstancePostProcessors(ClassBasedTestDescriptor.java:422)
	at org.junit.jupiter.engine.descriptor.ClassBasedTestDescriptor.lambda$instantiateAndPostProcessTestInstance$0(ClassBasedTestDescriptor.java:334)
	at org.junit.platform.engine.support.hierarchical.ThrowableCollector.execute(ThrowableCollector.java:74)
	at org.junit.jupiter.engine.descriptor.ClassBasedTestDescriptor.instantiateAndPostProcessTestInstance(ClassBasedTestDescriptor.java:333)
	at org.junit.jupiter.engine.descriptor.ClassBasedTestDescriptor.lambda$testInstancesProvider$1(ClassBasedTestDescriptor.java:322)
	at java.base/java.util.Optional.orElseGet(Optional.java:364)
	at org.junit.jupiter.engine.descriptor.ClassBasedTestDescriptor.lambda$testInstancesProvider$0(ClassBasedTestDescriptor.java:321)
	at org.junit.jupiter.engine.execution.TestInstancesProvider.getTestInstances(TestInstancesProvider.java:27)
	at org.junit.jupiter.engine.descriptor.TestMethodTestDescriptor.lambda$prepare$0(TestMethodTestDescriptor.java:127)
	at org.junit.platform.engine.support.hierarchical.ThrowableCollector.execute(ThrowableCollector.java:74)
	at org.junit.jupiter.engine.descriptor.TestMethodTestDescriptor.prepare(TestMethodTestDescriptor.java:126)
	at org.junit.jupiter.engine.descriptor.TestMethodTestDescriptor.prepare(TestMethodTestDescriptor.java:70)
	at org.junit.platform.engine.support.hierarchical.NodeTestTask.lambda$prepare$0(NodeTestTask.java:144)
	at org.junit.platform.engine.support.hierarchical.ThrowableCollector.execute(ThrowableCollector.java:74)
	at org.junit.platform.engine.support.hierarchical.NodeTestTask.prepare(NodeTestTask.java:144)
	at org.junit.platform.engine.support.hierarchical.NodeTestTask.execute(NodeTestTask.java:110)
	at java.base/java.util.ArrayList.forEach(ArrayList.java:1604)
	at org.junit.platform.engine.support.hierarchical.SameThreadHierarchicalTestExecutorService.invokeAll(SameThreadHierarchicalTestExecutorService.java:42)
	at org.junit.platform.engine.support.hierarchical.NodeTestTask.lambda$executeRecursively$2(NodeTestTask.java:180)
	at org.junit.platform.engine.support.hierarchical.ThrowableCollector.execute(ThrowableCollector.java:74)
	at org.junit.platform.engine.support.hierarchical.NodeTestTask.lambda$executeRecursively$1(NodeTestTask.java:166)
	at org.junit.platform.engine.support.hierarchical.Node.around(Node.java:138)
	at org.junit.platform.engine.support.hierarchical.NodeTestTask.lambda$executeRecursively$0(NodeTestTask.java:164)
	at org.junit.platform.engine.support.hierarchical.ThrowableCollector.execute(ThrowableCollector.java:74)
	at org.junit.platform.engine.support.hierarchical.NodeTestTask.executeRecursively(NodeTestTask.java:163)
	at org.junit.platform.engine.support.hierarchical.NodeTestTask.execute(NodeTestTask.java:116)
	at java.base/java.util.ArrayList.forEach(ArrayList.java:1604)
	at org.junit.platform.engine.support.hierarchical.SameThreadHierarchicalTestExecutorService.invokeAll(SameThreadHierarchicalTestExecutorService.java:42)
	at org.junit.platform.engine.support.hierarchical.NodeTestTask.lambda$executeRecursively$2(NodeTestTask.java:180)
	at org.junit.platform.engine.support.hierarchical.ThrowableCollector.execute(ThrowableCollector.java:74)
	at org.junit.platform.engine.support.hierarchical.NodeTestTask.lambda$executeRecursively$1(NodeTestTask.java:166)
	at org.junit.platform.engine.support.hierarchical.Node.around(Node.java:138)
	at org.junit.platform.engine.support.hierarchical.NodeTestTask.lambda$executeRecursively$0(NodeTestTask.java:164)
	at org.junit.platform.engine.support.hierarchical.ThrowableCollector.execute(ThrowableCollector.java:74)
	at org.junit.platform.engine.support.hierarchical.NodeTestTask.executeRecursively(NodeTestTask.java:163)
	at org.junit.platform.engine.support.hierarchical.NodeTestTask.execute(NodeTestTask.java:116)
	at org.junit.platform.engine.support.hierarchical.SameThreadHierarchicalTestExecutorService.submit(SameThreadHierarchicalTestExecutorService.java:36)
	at org.junit.platform.engine.support.hierarchical.HierarchicalTestExecutor.execute(HierarchicalTestExecutor.java:52)
	at org.junit.platform.engine.support.hierarchical.HierarchicalTestEngine.execute(HierarchicalTestEngine.java:58)
	at org.junit.platform.launcher.core.EngineExecutionOrchestrator.executeEngine(EngineExecutionOrchestrator.java:246)
	at org.junit.platform.launcher.core.EngineExecutionOrchestrator.failOrExecuteEngine(EngineExecutionOrchestrator.java:218)
	at org.junit.platform.launcher.core.EngineExecutionOrchestrator.execute(EngineExecutionOrchestrator.java:179)
	at org.junit.platform.launcher.core.EngineExecutionOrchestrator.execute(EngineExecutionOrchestrator.java:108)
	at org.junit.platform.launcher.core.EngineExecutionOrchestrator.lambda$execute$0(EngineExecutionOrchestrator.java:66)
	at org.junit.platform.launcher.core.EngineExecutionOrchestrator.withInterceptedStreams(EngineExecutionOrchestrator.java:157)
	at org.junit.platform.launcher.core.EngineExecutionOrchestrator.execute(EngineExecutionOrchestrator.java:65)
	at org.junit.platform.launcher.core.DefaultLauncher.execute(DefaultLauncher.java:125)
	at org.junit.platform.launcher.core.DefaultLauncher.execute(DefaultLauncher.java:114)
	at org.junit.platform.launcher.core.DefaultLauncher.execute(DefaultLauncher.java:93)
	at org.junit.platform.launcher.core.DelegatingLauncher.execute(DelegatingLauncher.java:48)
	at org.junit.platform.launcher.core.InterceptingLauncher.lambda$execute$0(InterceptingLauncher.java:41)
	at org.junit.platform.launcher.core.ClasspathAlignmentCheckingLauncherInterceptor.intercept(ClasspathAlignmentCheckingLauncherInterceptor.java:25)
	at org.junit.platform.launcher.core.InterceptingLauncher.execute(InterceptingLauncher.java:40)
	at org.junit.platform.launcher.core.DelegatingLauncher.execute(DelegatingLauncher.java:48)
	at org.junit.platform.launcher.core.SessionPerRequestLauncher.execute(SessionPerRequestLauncher.java:67)
	at com.intellij.junit6.JUnit6IdeaTestRunner.startRunnerWithArgs(JUnit6IdeaTestRunner.java:67)
	at com.intellij.rt.junit.IdeaTestRunner$Repeater$1.execute(IdeaTestRunner.java:38)
	at com.intellij.rt.execution.junit.TestsRepeater.repeat(TestsRepeater.java:11)
	at com.intellij.rt.junit.IdeaTestRunner$Repeater.startRunnerWithArgs(IdeaTestRunner.java:35)
	at com.intellij.rt.junit.JUnitStarter.prepareStreamsAndStart(JUnitStarter.java:237)
	at com.intellij.rt.junit.JUnitStarter.main(JUnitStarter.java:58)
Caused by: org.springframework.beans.factory.NoSuchBeanDefinitionException: No qualifying bean of type 'org.springframework.cache.CacheManager' available: no CacheResolver specified - register a CacheManager bean or remove the @EnableCaching annotation from your configuration.
	at org.springframework.cache.interceptor.CacheAspectSupport.afterSingletonsInstantiated(CacheAspectSupport.java:287)
	at org.springframework.beans.factory.support.DefaultListableBeanFactory.preInstantiateSingletons(DefaultListableBeanFactory.java:1147)
	at org.springframework.context.support.AbstractApplicationContext.finishBeanFactoryInitialization(AbstractApplicationContext.java:994)
	at org.springframework.context.support.AbstractApplicationContext.refresh(AbstractApplicationContext.java:621)
	at org.springframework.boot.SpringApplication.refresh(SpringApplication.java:756)
	at org.springframework.boot.SpringApplication.refreshContext(SpringApplication.java:445)
	at org.springframework.boot.SpringApplication.run(SpringApplication.java:321)
	at org.springframework.boot.test.context.SpringBootContextLoader.lambda$loadContext$2(SpringBootContextLoader.java:155)
	at org.springframework.util.function.ThrowingSupplier.get(ThrowingSupplier.java:58)
	at org.springframework.util.function.ThrowingSupplier.get(ThrowingSupplier.java:46)
	at org.springframework.boot.SpringApplication.withHook(SpringApplication.java:1465)
	at org.springframework.boot.test.context.SpringBootContextLoader$ContextLoaderHook.run(SpringBootContextLoader.java:600)
	at org.springframework.boot.test.context.SpringBootContextLoader.loadContext(SpringBootContextLoader.java:155)
	at org.springframework.boot.test.context.SpringBootContextLoader.loadContext(SpringBootContextLoader.java:114)
	at org.springframework.test.context.cache.DefaultCacheAwareContextLoaderDelegate.loadContextInternal(DefaultCacheAwareContextLoaderDelegate.java:247)
	at org.springframework.test.context.cache.DefaultCacheAwareContextLoaderDelegate.lambda$loadContext$0(DefaultCacheAwareContextLoaderDelegate.java:167)
	... 82 common frames omitted
2026-07-19 21:45:51.340 [restartedMain] INFO  c.e.hospital.HospitalApplication - Starting HospitalApplication using Java 25.0.1 with PID 6935 (/Users/ermapsh/Devlopement/project/backend/hospital/target/classes started by ermapsh in /Users/ermapsh/Devlopement/project/backend/hospital)
2026-07-19 21:45:51.341 [restartedMain] INFO  c.e.hospital.HospitalApplication - No active profile set, falling back to 1 default profile: "default"
2026-07-19 21:45:51.357 [restartedMain] INFO  o.s.b.d.e.DevToolsPropertyDefaultsPostProcessor - Devtools property defaults active! Set 'spring.devtools.add-properties' to 'false' to disable
2026-07-19 21:45:51.357 [restartedMain] INFO  o.s.b.d.e.DevToolsPropertyDefaultsPostProcessor - For additional web related logging consider setting the 'logging.level.web' property to 'DEBUG'
2026-07-19 21:45:51.415 [background-preinit] INFO  o.h.validator.internal.util.Version - HV000001: Hibernate Validator 9.0.1.Final
2026-07-19 21:45:51.723 [restartedMain] INFO  o.s.d.r.c.RepositoryConfigurationDelegate - Bootstrapping Spring Data JPA repositories in DEFAULT mode.
2026-07-19 21:45:51.773 [restartedMain] INFO  o.s.d.r.c.RepositoryConfigurationDelegate - Finished Spring Data repository scanning in 46 ms. Found 8 JPA repository interfaces.
2026-07-19 21:45:52.058 [restartedMain] INFO  o.s.boot.tomcat.TomcatWebServer - Tomcat initialized with port 8080 (http)
2026-07-19 21:45:52.062 [restartedMain] INFO  o.a.coyote.http11.Http11NioProtocol - Initializing ProtocolHandler ["http-nio-8080"]
2026-07-19 21:45:52.063 [restartedMain] INFO  o.a.catalina.core.StandardService - Starting service [Tomcat]
2026-07-19 21:45:52.063 [restartedMain] INFO  o.a.catalina.core.StandardEngine - Starting Servlet engine: [Apache Tomcat/11.0.18]
2026-07-19 21:45:52.080 [restartedMain] INFO  o.s.b.w.c.s.WebApplicationContextInitializer - Root WebApplicationContext: initialization completed in 722 ms
2026-07-19 21:45:52.138 [restartedMain] INFO  com.zaxxer.hikari.HikariDataSource - HikariPool-1 - Starting...
2026-07-19 21:45:52.172 [restartedMain] INFO  com.zaxxer.hikari.pool.HikariPool - HikariPool-1 - Added connection org.postgresql.jdbc.PgConnection@42d5a904
2026-07-19 21:45:52.172 [restartedMain] INFO  com.zaxxer.hikari.HikariDataSource - HikariPool-1 - Start completed.
2026-07-19 21:45:52.204 [restartedMain] INFO  org.hibernate.orm.jpa - HHH008540: Processing PersistenceUnitInfo [name: default]
2026-07-19 21:45:52.221 [restartedMain] INFO  org.hibernate.orm.core - HHH000001: Hibernate ORM core version 7.2.7.Final
2026-07-19 21:45:52.306 [restartedMain] INFO  o.h.e.b.internal.EnversServiceImpl - Envers integration enabled? : true
2026-07-19 21:45:52.364 [restartedMain] INFO  o.s.o.j.p.SpringPersistenceUnitInfo - No LoadTimeWeaver setup: ignoring JPA class transformer
2026-07-19 21:45:52.401 [restartedMain] INFO  o.hibernate.orm.connections.pooling - HHH10001005: Database info:
	Database JDBC URL [jdbc:postgresql://localhost:5432/hospital]
	Database driver: PostgreSQL JDBC Driver
	Database dialect: PostgreSQLDialect
	Database version: 18.4
	Default catalog/schema: hospital/public
	Autocommit mode: undefined/unknown
	Isolation level: READ_COMMITTED [default READ_COMMITTED]
	JDBC fetch size: none
	Pool: DataSourceConnectionProvider
	Minimum pool size: undefined/unknown
	Maximum pool size: undefined/unknown
2026-07-19 21:45:52.495 [restartedMain] INFO  o.h.e.c.i.m.AuditMetadataGenerator - Adding properties for entity: com.ermapsh.hospital.entity.PostEntity
2026-07-19 21:45:52.910 [restartedMain] INFO  org.hibernate.orm.core - HHH000489: No JTA platform available (set 'hibernate.transaction.jta.platform' to enable JTA platform integration)
2026-07-19 21:45:53.007 [restartedMain] INFO  o.s.o.j.LocalContainerEntityManagerFactoryBean - Initialized JPA EntityManagerFactory for persistence unit 'default'
2026-07-19 21:45:53.039 [restartedMain] INFO  o.s.d.j.r.q.QueryEnhancerFactories - Hibernate is in classpath; If applicable, HQL parser will be used.
2026-07-19 21:45:53.299 [restartedMain] ERROR i.n.r.d.DnsServerAddressStreamProviders - Unable to load io.netty.resolver.dns.macos.MacOSDnsServerAddressStreamProvider, fallback to system defaults. This may result in incorrect DNS resolutions on MacOS. Check whether you have a dependency on 'io.netty:netty-resolver-dns-native-macos'. Use DEBUG level to see the full stack: java.lang.UnsatisfiedLinkError: failed to load the required native library
2026-07-19 21:45:53.388 [restartedMain] INFO  o.s.s.c.a.a.c.InitializeUserDetailsBeanManagerConfigurer$InitializeUserDetailsManagerConfigurer - Global AuthenticationManager configured with UserDetailsService bean with name userService
2026-07-19 21:45:53.744 [restartedMain] WARN  o.s.b.j.a.JpaBaseConfiguration$JpaWebConfiguration - spring.jpa.open-in-view is enabled by default. Therefore, database queries may be performed during view rendering. Explicitly configure spring.jpa.open-in-view to disable this warning
2026-07-19 21:45:53.983 [restartedMain] INFO  o.s.b.a.e.web.EndpointLinksResolver - Exposing 13 endpoints beneath base path '/actuator'
2026-07-19 21:45:53.994 [restartedMain] WARN  o.s.b.w.s.s.c.AnnotationConfigServletWebServerApplicationContext - Exception encountered during context initialization - cancelling refresh attempt: org.springframework.beans.factory.NoSuchBeanDefinitionException: No qualifying bean of type 'org.springframework.cache.CacheManager' available: no CacheResolver specified - register a CacheManager bean or remove the @EnableCaching annotation from your configuration.
2026-07-19 21:45:53.998 [restartedMain] INFO  o.s.o.j.LocalContainerEntityManagerFactoryBean - Closing JPA EntityManagerFactory for persistence unit 'default'
2026-07-19 21:45:53.999 [restartedMain] INFO  com.zaxxer.hikari.HikariDataSource - HikariPool-1 - Shutdown initiated...
2026-07-19 21:45:54.001 [restartedMain] INFO  com.zaxxer.hikari.HikariDataSource - HikariPool-1 - Shutdown completed.
2026-07-19 21:45:54.002 [restartedMain] INFO  o.a.catalina.core.StandardService - Stopping service [Tomcat]
2026-07-19 21:45:54.009 [restartedMain] INFO  o.s.b.a.l.ConditionEvaluationReportLogger - 

Error starting ApplicationContext. To display the condition evaluation report re-run your application with 'debug' enabled.
2026-07-19 21:45:54.015 [restartedMain] ERROR o.s.b.d.LoggingFailureAnalysisReporter - 

***************************
APPLICATION FAILED TO START
***************************

Description:

A component required a bean of type 'org.springframework.cache.CacheManager' that could not be found.


Action:

Consider defining a bean of type 'org.springframework.cache.CacheManager' in your configuration.

2026-07-19 21:51:35.747 [restartedMain] INFO  c.e.hospital.HospitalApplication - Starting HospitalApplication using Java 25.0.1 with PID 7095 (/Users/ermapsh/Devlopement/project/backend/hospital/target/classes started by ermapsh in /Users/ermapsh/Devlopement/project/backend/hospital)
2026-07-19 21:51:35.749 [restartedMain] INFO  c.e.hospital.HospitalApplication - No active profile set, falling back to 1 default profile: "default"
2026-07-19 21:51:35.791 [restartedMain] INFO  o.s.b.d.e.DevToolsPropertyDefaultsPostProcessor - Devtools property defaults active! Set 'spring.devtools.add-properties' to 'false' to disable
2026-07-19 21:51:35.791 [restartedMain] INFO  o.s.b.d.e.DevToolsPropertyDefaultsPostProcessor - For additional web related logging consider setting the 'logging.level.web' property to 'DEBUG'
2026-07-19 21:51:35.910 [background-preinit] INFO  o.h.validator.internal.util.Version - HV000001: Hibernate Validator 9.0.1.Final
2026-07-19 21:51:36.679 [restartedMain] INFO  o.s.d.r.c.RepositoryConfigurationDelegate - Bootstrapping Spring Data JPA repositories in DEFAULT mode.
2026-07-19 21:51:36.755 [restartedMain] INFO  o.s.d.r.c.RepositoryConfigurationDelegate - Finished Spring Data repository scanning in 71 ms. Found 8 JPA repository interfaces.
2026-07-19 21:51:37.113 [restartedMain] INFO  o.s.boot.tomcat.TomcatWebServer - Tomcat initialized with port 8080 (http)
2026-07-19 21:51:37.118 [restartedMain] INFO  o.a.coyote.http11.Http11NioProtocol - Initializing ProtocolHandler ["http-nio-8080"]
2026-07-19 21:51:37.119 [restartedMain] INFO  o.a.catalina.core.StandardService - Starting service [Tomcat]
2026-07-19 21:51:37.120 [restartedMain] INFO  o.a.catalina.core.StandardEngine - Starting Servlet engine: [Apache Tomcat/11.0.18]
2026-07-19 21:51:37.137 [restartedMain] INFO  o.s.b.w.c.s.WebApplicationContextInitializer - Root WebApplicationContext: initialization completed in 1345 ms
2026-07-19 21:51:37.218 [restartedMain] INFO  com.zaxxer.hikari.HikariDataSource - HikariPool-1 - Starting...
2026-07-19 21:51:37.255 [restartedMain] INFO  com.zaxxer.hikari.pool.HikariPool - HikariPool-1 - Added connection org.postgresql.jdbc.PgConnection@788d201d
2026-07-19 21:51:37.256 [restartedMain] INFO  com.zaxxer.hikari.HikariDataSource - HikariPool-1 - Start completed.
2026-07-19 21:51:37.298 [restartedMain] INFO  org.hibernate.orm.jpa - HHH008540: Processing PersistenceUnitInfo [name: default]
2026-07-19 21:51:37.331 [restartedMain] INFO  org.hibernate.orm.core - HHH000001: Hibernate ORM core version 7.2.7.Final
2026-07-19 21:51:37.457 [restartedMain] INFO  o.h.e.b.internal.EnversServiceImpl - Envers integration enabled? : true
2026-07-19 21:51:37.546 [restartedMain] INFO  o.s.o.j.p.SpringPersistenceUnitInfo - No LoadTimeWeaver setup: ignoring JPA class transformer
2026-07-19 21:51:37.586 [restartedMain] INFO  o.hibernate.orm.connections.pooling - HHH10001005: Database info:
	Database JDBC URL [jdbc:postgresql://localhost:5432/hospital]
	Database driver: PostgreSQL JDBC Driver
	Database dialect: PostgreSQLDialect
	Database version: 18.4
	Default catalog/schema: hospital/public
	Autocommit mode: undefined/unknown
	Isolation level: READ_COMMITTED [default READ_COMMITTED]
	JDBC fetch size: none
	Pool: DataSourceConnectionProvider
	Minimum pool size: undefined/unknown
	Maximum pool size: undefined/unknown
2026-07-19 21:51:37.710 [restartedMain] INFO  o.h.e.c.i.m.AuditMetadataGenerator - Adding properties for entity: com.ermapsh.hospital.entity.PostEntity
2026-07-19 21:51:38.180 [restartedMain] INFO  org.hibernate.orm.core - HHH000489: No JTA platform available (set 'hibernate.transaction.jta.platform' to enable JTA platform integration)
2026-07-19 21:51:38.253 [restartedMain] INFO  o.s.o.j.LocalContainerEntityManagerFactoryBean - Initialized JPA EntityManagerFactory for persistence unit 'default'
2026-07-19 21:51:38.292 [restartedMain] INFO  o.s.d.j.r.q.QueryEnhancerFactories - Hibernate is in classpath; If applicable, HQL parser will be used.
2026-07-19 21:51:38.587 [restartedMain] ERROR i.n.r.d.DnsServerAddressStreamProviders - Unable to load io.netty.resolver.dns.macos.MacOSDnsServerAddressStreamProvider, fallback to system defaults. This may result in incorrect DNS resolutions on MacOS. Check whether you have a dependency on 'io.netty:netty-resolver-dns-native-macos'. Use DEBUG level to see the full stack: java.lang.UnsatisfiedLinkError: failed to load the required native library
2026-07-19 21:51:38.679 [restartedMain] INFO  o.s.s.c.a.a.c.InitializeUserDetailsBeanManagerConfigurer$InitializeUserDetailsManagerConfigurer - Global AuthenticationManager configured with UserDetailsService bean with name userService
2026-07-19 21:51:39.103 [restartedMain] WARN  o.s.b.j.a.JpaBaseConfiguration$JpaWebConfiguration - spring.jpa.open-in-view is enabled by default. Therefore, database queries may be performed during view rendering. Explicitly configure spring.jpa.open-in-view to disable this warning
2026-07-19 21:51:39.397 [restartedMain] INFO  o.s.b.a.e.web.EndpointLinksResolver - Exposing 14 endpoints beneath base path '/actuator'
2026-07-19 21:51:39.425 [restartedMain] INFO  o.a.coyote.http11.Http11NioProtocol - Starting ProtocolHandler ["http-nio-8080"]
2026-07-19 21:51:39.430 [restartedMain] INFO  o.s.boot.tomcat.TomcatWebServer - Tomcat started on port 8080 (http) with context path '/'
2026-07-19 21:51:39.436 [restartedMain] INFO  c.e.hospital.HospitalApplication - Started HospitalApplication in 4.085 seconds (process running for 4.513)
2026-07-19 21:52:58.215 [http-nio-8080-exec-2] INFO  o.a.c.c.C.[Tomcat].[localhost].[/] - Initializing Spring DispatcherServlet 'dispatcherServlet'
2026-07-19 21:52:58.216 [http-nio-8080-exec-2] INFO  o.s.web.servlet.DispatcherServlet - Initializing Servlet 'dispatcherServlet'
2026-07-19 21:52:58.216 [http-nio-8080-exec-2] INFO  o.s.web.servlet.DispatcherServlet - Completed initialization in 0 ms
2026-07-19 21:53:02.942 [http-nio-8080-exec-3] WARN  o.s.w.s.m.m.a.ExceptionHandlerExceptionResolver - Resolved [org.springframework.security.authentication.BadCredentialsException: Bad credentials]
2026-07-19 21:53:13.515 [http-nio-8080-exec-4] WARN  c.e.hospital.service.AuthService - UsernamePasswordAuthenticationToken [Principal=User(id=1, email=maheshmestri12@gmail.com, password=$2a$10$yvkEi2VhE6uSs6UADmzfkOdafZMtYKcmj227.TNNMshtOtWE1J5jG, name=mahesh, roles=[USER, ADMIN], permissions=[]), Credentials=[PROTECTED], Authenticated=true, Details=null, Granted Authorities=[USER_VIEW, USER_DELETE, ROLE_USER, POST_CREATE, POST_DELETE, USER_CREATE, POST_VIEW, ROLE_ADMIN, POST_UPDATE, FactorGrantedAuthority [authority=FACTOR_PASSWORD, issuedAt=2026-07-19T16:23:13.515384Z]]]
2026-07-19 21:53:13.515 [http-nio-8080-exec-4] WARN  c.e.hospital.service.AuthService - User(id=1, email=maheshmestri12@gmail.com, password=$2a$10$yvkEi2VhE6uSs6UADmzfkOdafZMtYKcmj227.TNNMshtOtWE1J5jG, name=mahesh, roles=[USER, ADMIN], permissions=[])
2026-07-19 21:54:55.773 [http-nio-8080-exec-8] WARN  c.e.hospital.service.AuthService - UsernamePasswordAuthenticationToken [Principal=User(id=2, email=maheshmestri73@gmail.com, password=$2a$10$pel7HfLutSYKzL3HSiFHmuBTmUXavKNnpc3spTMo98ZYEYxv7.UrK, name=mahesh, roles=[USER, ADMIN], permissions=[]), Credentials=[PROTECTED], Authenticated=true, Details=null, Granted Authorities=[USER_VIEW, USER_DELETE, ROLE_USER, POST_CREATE, POST_DELETE, USER_CREATE, POST_VIEW, ROLE_ADMIN, POST_UPDATE, FactorGrantedAuthority [authority=FACTOR_PASSWORD, issuedAt=2026-07-19T16:24:55.773555Z]]]
2026-07-19 21:54:55.774 [http-nio-8080-exec-8] WARN  c.e.hospital.service.AuthService - User(id=2, email=maheshmestri73@gmail.com, password=$2a$10$pel7HfLutSYKzL3HSiFHmuBTmUXavKNnpc3spTMo98ZYEYxv7.UrK, name=mahesh, roles=[USER, ADMIN], permissions=[])
2026-07-19 21:55:37.847 [SpringApplicationShutdownHook] INFO  o.s.boot.tomcat.GracefulShutdown - Commencing graceful shutdown. Waiting for active requests to complete
2026-07-19 21:55:37.849 [tomcat-shutdown] INFO  o.s.boot.tomcat.GracefulShutdown - Graceful shutdown complete
2026-07-19 21:55:37.865 [SpringApplicationShutdownHook] INFO  o.s.o.j.LocalContainerEntityManagerFactoryBean - Closing JPA EntityManagerFactory for persistence unit 'default'
2026-07-19 21:55:37.867 [SpringApplicationShutdownHook] INFO  com.zaxxer.hikari.HikariDataSource - HikariPool-1 - Shutdown initiated...
2026-07-19 21:55:37.868 [SpringApplicationShutdownHook] INFO  com.zaxxer.hikari.HikariDataSource - HikariPool-1 - Shutdown completed.
2026-07-19 22:00:42.929 [main] INFO  c.e.h.service.UserServiceCacheTest - Starting UserServiceCacheTest using Java 25.0.1 with PID 7311 (started by ermapsh in /Users/ermapsh/Devlopement/project/backend/hospital)
2026-07-19 22:00:42.930 [main] INFO  c.e.h.service.UserServiceCacheTest - No active profile set, falling back to 1 default profile: "default"
2026-07-19 22:00:43.023 [background-preinit] INFO  o.h.validator.internal.util.Version - HV000001: Hibernate Validator 9.0.1.Final
2026-07-19 22:00:43.285 [main] INFO  o.s.d.r.c.RepositoryConfigurationDelegate - Bootstrapping Spring Data JPA repositories in DEFAULT mode.
2026-07-19 22:00:43.339 [main] INFO  o.s.d.r.c.RepositoryConfigurationDelegate - Finished Spring Data repository scanning in 51 ms. Found 8 JPA repository interfaces.
2026-07-19 22:00:43.559 [main] INFO  com.zaxxer.hikari.HikariDataSource - HikariPool-1 - Starting...
2026-07-19 22:00:43.595 [main] INFO  com.zaxxer.hikari.pool.HikariPool - HikariPool-1 - Added connection org.postgresql.jdbc.PgConnection@4866a755
2026-07-19 22:00:43.595 [main] INFO  com.zaxxer.hikari.HikariDataSource - HikariPool-1 - Start completed.
2026-07-19 22:00:43.630 [main] INFO  org.hibernate.orm.jpa - HHH008540: Processing PersistenceUnitInfo [name: default]
2026-07-19 22:00:43.658 [main] INFO  org.hibernate.orm.core - HHH000001: Hibernate ORM core version 7.2.7.Final
2026-07-19 22:00:43.751 [main] INFO  o.h.e.b.internal.EnversServiceImpl - Envers integration enabled? : true
2026-07-19 22:00:43.830 [main] INFO  o.s.o.j.p.SpringPersistenceUnitInfo - No LoadTimeWeaver setup: ignoring JPA class transformer
2026-07-19 22:00:43.867 [main] INFO  o.hibernate.orm.connections.pooling - HHH10001005: Database info:
	Database JDBC URL [jdbc:postgresql://localhost:5432/hospital]
	Database driver: PostgreSQL JDBC Driver
	Database dialect: PostgreSQLDialect
	Database version: 18.4
	Default catalog/schema: hospital/public
	Autocommit mode: undefined/unknown
	Isolation level: READ_COMMITTED [default READ_COMMITTED]
	JDBC fetch size: none
	Pool: DataSourceConnectionProvider
	Minimum pool size: undefined/unknown
	Maximum pool size: undefined/unknown
2026-07-19 22:00:43.963 [main] INFO  o.h.e.c.i.m.AuditMetadataGenerator - Adding properties for entity: com.ermapsh.hospital.entity.PostEntity
2026-07-19 22:00:44.350 [main] INFO  org.hibernate.orm.core - HHH000489: No JTA platform available (set 'hibernate.transaction.jta.platform' to enable JTA platform integration)
2026-07-19 22:00:44.449 [main] INFO  o.s.o.j.LocalContainerEntityManagerFactoryBean - Initialized JPA EntityManagerFactory for persistence unit 'default'
2026-07-19 22:00:44.868 [main] ERROR i.n.r.d.DnsServerAddressStreamProviders - Unable to load io.netty.resolver.dns.macos.MacOSDnsServerAddressStreamProvider, fallback to system defaults. This may result in incorrect DNS resolutions on MacOS. Check whether you have a dependency on 'io.netty:netty-resolver-dns-native-macos'. Use DEBUG level to see the full stack: java.lang.UnsatisfiedLinkError: failed to load the required native library
2026-07-19 22:00:44.974 [main] INFO  o.s.d.j.r.q.QueryEnhancerFactories - Hibernate is in classpath; If applicable, HQL parser will be used.
2026-07-19 22:00:45.076 [main] INFO  o.s.s.c.a.a.c.InitializeUserDetailsBeanManagerConfigurer$InitializeUserDetailsManagerConfigurer - Global AuthenticationManager configured with UserDetailsService bean with name userService
2026-07-19 22:00:45.492 [main] WARN  o.s.b.j.a.JpaBaseConfiguration$JpaWebConfiguration - spring.jpa.open-in-view is enabled by default. Therefore, database queries may be performed during view rendering. Explicitly configure spring.jpa.open-in-view to disable this warning
2026-07-19 22:00:45.762 [main] INFO  o.s.b.a.e.web.EndpointLinksResolver - Exposing 14 endpoints beneath base path '/actuator'
2026-07-19 22:00:45.788 [main] INFO  c.e.h.service.UserServiceCacheTest - Started UserServiceCacheTest in 2.995 seconds (process running for 3.453)
2026-07-19 22:00:48.200 [SpringApplicationShutdownHook] INFO  o.s.o.j.LocalContainerEntityManagerFactoryBean - Closing JPA EntityManagerFactory for persistence unit 'default'
2026-07-19 22:00:48.204 [SpringApplicationShutdownHook] INFO  com.zaxxer.hikari.HikariDataSource - HikariPool-1 - Shutdown initiated...
2026-07-19 22:00:48.208 [SpringApplicationShutdownHook] INFO  com.zaxxer.hikari.HikariDataSource - HikariPool-1 - Shutdown completed.
2026-07-19 22:00:57.038 [main] INFO  c.e.h.service.UserServiceCacheTest - Starting UserServiceCacheTest using Java 25.0.1 with PID 7331 (started by ermapsh in /Users/ermapsh/Devlopement/project/backend/hospital)
2026-07-19 22:00:57.038 [main] INFO  c.e.h.service.UserServiceCacheTest - No active profile set, falling back to 1 default profile: "default"
2026-07-19 22:00:57.137 [background-preinit] INFO  o.h.validator.internal.util.Version - HV000001: Hibernate Validator 9.0.1.Final
2026-07-19 22:00:57.419 [main] INFO  o.s.d.r.c.RepositoryConfigurationDelegate - Bootstrapping Spring Data JPA repositories in DEFAULT mode.
2026-07-19 22:00:57.475 [main] INFO  o.s.d.r.c.RepositoryConfigurationDelegate - Finished Spring Data repository scanning in 53 ms. Found 8 JPA repository interfaces.
2026-07-19 22:00:57.719 [main] INFO  com.zaxxer.hikari.HikariDataSource - HikariPool-1 - Starting...
2026-07-19 22:00:57.756 [main] INFO  com.zaxxer.hikari.pool.HikariPool - HikariPool-1 - Added connection org.postgresql.jdbc.PgConnection@4866a755
2026-07-19 22:00:57.756 [main] INFO  com.zaxxer.hikari.HikariDataSource - HikariPool-1 - Start completed.
2026-07-19 22:00:57.794 [main] INFO  org.hibernate.orm.jpa - HHH008540: Processing PersistenceUnitInfo [name: default]
2026-07-19 22:00:57.815 [main] INFO  org.hibernate.orm.core - HHH000001: Hibernate ORM core version 7.2.7.Final
2026-07-19 22:00:57.902 [main] INFO  o.h.e.b.internal.EnversServiceImpl - Envers integration enabled? : true
2026-07-19 22:00:57.975 [main] INFO  o.s.o.j.p.SpringPersistenceUnitInfo - No LoadTimeWeaver setup: ignoring JPA class transformer
2026-07-19 22:00:58.004 [main] INFO  o.hibernate.orm.connections.pooling - HHH10001005: Database info:
	Database JDBC URL [jdbc:postgresql://localhost:5432/hospital]
	Database driver: PostgreSQL JDBC Driver
	Database dialect: PostgreSQLDialect
	Database version: 18.4
	Default catalog/schema: hospital/public
	Autocommit mode: undefined/unknown
	Isolation level: READ_COMMITTED [default READ_COMMITTED]
	JDBC fetch size: none
	Pool: DataSourceConnectionProvider
	Minimum pool size: undefined/unknown
	Maximum pool size: undefined/unknown
2026-07-19 22:00:58.091 [main] INFO  o.h.e.c.i.m.AuditMetadataGenerator - Adding properties for entity: com.ermapsh.hospital.entity.PostEntity
2026-07-19 22:00:58.444 [main] INFO  org.hibernate.orm.core - HHH000489: No JTA platform available (set 'hibernate.transaction.jta.platform' to enable JTA platform integration)
2026-07-19 22:00:58.507 [main] INFO  o.s.o.j.LocalContainerEntityManagerFactoryBean - Initialized JPA EntityManagerFactory for persistence unit 'default'
2026-07-19 22:00:58.653 [main] ERROR i.n.r.d.DnsServerAddressStreamProviders - Unable to load io.netty.resolver.dns.macos.MacOSDnsServerAddressStreamProvider, fallback to system defaults. This may result in incorrect DNS resolutions on MacOS. Check whether you have a dependency on 'io.netty:netty-resolver-dns-native-macos'. Use DEBUG level to see the full stack: java.lang.UnsatisfiedLinkError: failed to load the required native library
2026-07-19 22:00:58.748 [main] INFO  o.s.d.j.r.q.QueryEnhancerFactories - Hibernate is in classpath; If applicable, HQL parser will be used.
2026-07-19 22:00:58.837 [main] INFO  o.s.s.c.a.a.c.InitializeUserDetailsBeanManagerConfigurer$InitializeUserDetailsManagerConfigurer - Global AuthenticationManager configured with UserDetailsService bean with name userService
2026-07-19 22:00:59.187 [main] WARN  o.s.b.j.a.JpaBaseConfiguration$JpaWebConfiguration - spring.jpa.open-in-view is enabled by default. Therefore, database queries may be performed during view rendering. Explicitly configure spring.jpa.open-in-view to disable this warning
2026-07-19 22:00:59.477 [main] INFO  o.s.b.a.e.web.EndpointLinksResolver - Exposing 14 endpoints beneath base path '/actuator'
2026-07-19 22:00:59.505 [main] INFO  c.e.h.service.UserServiceCacheTest - Started UserServiceCacheTest in 2.605 seconds (process running for 3.05)
2026-07-19 22:01:01.914 [SpringApplicationShutdownHook] INFO  o.s.o.j.LocalContainerEntityManagerFactoryBean - Closing JPA EntityManagerFactory for persistence unit 'default'
2026-07-19 22:01:01.918 [SpringApplicationShutdownHook] INFO  com.zaxxer.hikari.HikariDataSource - HikariPool-1 - Shutdown initiated...
2026-07-19 22:01:01.922 [SpringApplicationShutdownHook] INFO  com.zaxxer.hikari.HikariDataSource - HikariPool-1 - Shutdown completed.
2026-07-19 22:01:39.787 [main] INFO  c.e.h.service.UserServiceCacheTest - Starting UserServiceCacheTest using Java 25.0.1 with PID 7367 (started by ermapsh in /Users/ermapsh/Devlopement/project/backend/hospital)
2026-07-19 22:01:39.788 [main] INFO  c.e.h.service.UserServiceCacheTest - No active profile set, falling back to 1 default profile: "default"
2026-07-19 22:01:39.880 [background-preinit] INFO  o.h.validator.internal.util.Version - HV000001: Hibernate Validator 9.0.1.Final
2026-07-19 22:01:40.139 [main] INFO  o.s.d.r.c.RepositoryConfigurationDelegate - Bootstrapping Spring Data JPA repositories in DEFAULT mode.
2026-07-19 22:01:40.197 [main] INFO  o.s.d.r.c.RepositoryConfigurationDelegate - Finished Spring Data repository scanning in 55 ms. Found 8 JPA repository interfaces.
2026-07-19 22:01:40.420 [main] INFO  com.zaxxer.hikari.HikariDataSource - HikariPool-1 - Starting...
2026-07-19 22:01:40.470 [main] INFO  com.zaxxer.hikari.pool.HikariPool - HikariPool-1 - Added connection org.postgresql.jdbc.PgConnection@4866a755
2026-07-19 22:01:40.470 [main] INFO  com.zaxxer.hikari.HikariDataSource - HikariPool-1 - Start completed.
2026-07-19 22:01:40.506 [main] INFO  org.hibernate.orm.jpa - HHH008540: Processing PersistenceUnitInfo [name: default]
2026-07-19 22:01:40.528 [main] INFO  org.hibernate.orm.core - HHH000001: Hibernate ORM core version 7.2.7.Final
2026-07-19 22:01:40.616 [main] INFO  o.h.e.b.internal.EnversServiceImpl - Envers integration enabled? : true
2026-07-19 22:01:40.697 [main] INFO  o.s.o.j.p.SpringPersistenceUnitInfo - No LoadTimeWeaver setup: ignoring JPA class transformer
2026-07-19 22:01:40.729 [main] INFO  o.hibernate.orm.connections.pooling - HHH10001005: Database info:
	Database JDBC URL [jdbc:postgresql://localhost:5432/hospital]
	Database driver: PostgreSQL JDBC Driver
	Database dialect: PostgreSQLDialect
	Database version: 18.4
	Default catalog/schema: hospital/public
	Autocommit mode: undefined/unknown
	Isolation level: READ_COMMITTED [default READ_COMMITTED]
	JDBC fetch size: none
	Pool: DataSourceConnectionProvider
	Minimum pool size: undefined/unknown
	Maximum pool size: undefined/unknown
2026-07-19 22:01:40.823 [main] INFO  o.h.e.c.i.m.AuditMetadataGenerator - Adding properties for entity: com.ermapsh.hospital.entity.PostEntity
2026-07-19 22:01:41.200 [main] INFO  org.hibernate.orm.core - HHH000489: No JTA platform available (set 'hibernate.transaction.jta.platform' to enable JTA platform integration)
2026-07-19 22:01:41.281 [main] INFO  o.s.o.j.LocalContainerEntityManagerFactoryBean - Initialized JPA EntityManagerFactory for persistence unit 'default'
2026-07-19 22:01:41.434 [main] ERROR i.n.r.d.DnsServerAddressStreamProviders - Unable to load io.netty.resolver.dns.macos.MacOSDnsServerAddressStreamProvider, fallback to system defaults. This may result in incorrect DNS resolutions on MacOS. Check whether you have a dependency on 'io.netty:netty-resolver-dns-native-macos'. Use DEBUG level to see the full stack: java.lang.UnsatisfiedLinkError: failed to load the required native library
2026-07-19 22:01:41.529 [main] INFO  o.s.d.j.r.q.QueryEnhancerFactories - Hibernate is in classpath; If applicable, HQL parser will be used.
2026-07-19 22:01:41.615 [main] INFO  o.s.s.c.a.a.c.InitializeUserDetailsBeanManagerConfigurer$InitializeUserDetailsManagerConfigurer - Global AuthenticationManager configured with UserDetailsService bean with name userService
2026-07-19 22:01:41.970 [main] WARN  o.s.b.j.a.JpaBaseConfiguration$JpaWebConfiguration - spring.jpa.open-in-view is enabled by default. Therefore, database queries may be performed during view rendering. Explicitly configure spring.jpa.open-in-view to disable this warning
2026-07-19 22:01:42.305 [main] INFO  o.s.b.a.e.web.EndpointLinksResolver - Exposing 14 endpoints beneath base path '/actuator'
2026-07-19 22:01:42.338 [main] INFO  c.e.h.service.UserServiceCacheTest - Started UserServiceCacheTest in 2.687 seconds (process running for 3.137)
2026-07-19 22:01:44.757 [SpringApplicationShutdownHook] INFO  o.s.o.j.LocalContainerEntityManagerFactoryBean - Closing JPA EntityManagerFactory for persistence unit 'default'
2026-07-19 22:01:44.762 [SpringApplicationShutdownHook] INFO  com.zaxxer.hikari.HikariDataSource - HikariPool-1 - Shutdown initiated...
2026-07-19 22:01:44.768 [SpringApplicationShutdownHook] INFO  com.zaxxer.hikari.HikariDataSource - HikariPool-1 - Shutdown completed.
2026-07-19 22:02:41.125 [main] INFO  c.e.h.service.UserServiceCacheTest - Starting UserServiceCacheTest using Java 25.0.1 with PID 7411 (started by ermapsh in /Users/ermapsh/Devlopement/project/backend/hospital)
2026-07-19 22:02:41.125 [main] INFO  c.e.h.service.UserServiceCacheTest - No active profile set, falling back to 1 default profile: "default"
2026-07-19 22:02:41.212 [background-preinit] INFO  o.h.validator.internal.util.Version - HV000001: Hibernate Validator 9.0.1.Final
2026-07-19 22:02:41.493 [main] INFO  o.s.d.r.c.RepositoryConfigurationDelegate - Bootstrapping Spring Data JPA repositories in DEFAULT mode.
2026-07-19 22:02:41.550 [main] INFO  o.s.d.r.c.RepositoryConfigurationDelegate - Finished Spring Data repository scanning in 53 ms. Found 8 JPA repository interfaces.
2026-07-19 22:02:41.789 [main] INFO  com.zaxxer.hikari.HikariDataSource - HikariPool-1 - Starting...
2026-07-19 22:02:41.830 [main] INFO  com.zaxxer.hikari.pool.HikariPool - HikariPool-1 - Added connection org.postgresql.jdbc.PgConnection@368d51ca
2026-07-19 22:02:41.831 [main] INFO  com.zaxxer.hikari.HikariDataSource - HikariPool-1 - Start completed.
2026-07-19 22:02:41.868 [main] INFO  org.hibernate.orm.jpa - HHH008540: Processing PersistenceUnitInfo [name: default]
2026-07-19 22:02:41.889 [main] INFO  org.hibernate.orm.core - HHH000001: Hibernate ORM core version 7.2.7.Final
2026-07-19 22:02:41.982 [main] INFO  o.h.e.b.internal.EnversServiceImpl - Envers integration enabled? : true
2026-07-19 22:02:42.059 [main] INFO  o.s.o.j.p.SpringPersistenceUnitInfo - No LoadTimeWeaver setup: ignoring JPA class transformer
2026-07-19 22:02:42.093 [main] INFO  o.hibernate.orm.connections.pooling - HHH10001005: Database info:
	Database JDBC URL [jdbc:postgresql://localhost:5432/hospital]
	Database driver: PostgreSQL JDBC Driver
	Database dialect: PostgreSQLDialect
	Database version: 18.4
	Default catalog/schema: hospital/public
	Autocommit mode: undefined/unknown
	Isolation level: READ_COMMITTED [default READ_COMMITTED]
	JDBC fetch size: none
	Pool: DataSourceConnectionProvider
	Minimum pool size: undefined/unknown
	Maximum pool size: undefined/unknown
2026-07-19 22:02:42.180 [main] INFO  o.h.e.c.i.m.AuditMetadataGenerator - Adding properties for entity: com.ermapsh.hospital.entity.PostEntity
2026-07-19 22:02:42.541 [main] INFO  org.hibernate.orm.core - HHH000489: No JTA platform available (set 'hibernate.transaction.jta.platform' to enable JTA platform integration)
2026-07-19 22:02:42.603 [main] INFO  o.s.o.j.LocalContainerEntityManagerFactoryBean - Initialized JPA EntityManagerFactory for persistence unit 'default'
2026-07-19 22:02:42.761 [main] ERROR i.n.r.d.DnsServerAddressStreamProviders - Unable to load io.netty.resolver.dns.macos.MacOSDnsServerAddressStreamProvider, fallback to system defaults. This may result in incorrect DNS resolutions on MacOS. Check whether you have a dependency on 'io.netty:netty-resolver-dns-native-macos'. Use DEBUG level to see the full stack: java.lang.UnsatisfiedLinkError: failed to load the required native library
2026-07-19 22:02:42.857 [main] INFO  o.s.d.j.r.q.QueryEnhancerFactories - Hibernate is in classpath; If applicable, HQL parser will be used.
2026-07-19 22:02:42.953 [main] INFO  o.s.s.c.a.a.c.InitializeUserDetailsBeanManagerConfigurer$InitializeUserDetailsManagerConfigurer - Global AuthenticationManager configured with UserDetailsService bean with name userService
2026-07-19 22:02:43.362 [main] WARN  o.s.b.j.a.JpaBaseConfiguration$JpaWebConfiguration - spring.jpa.open-in-view is enabled by default. Therefore, database queries may be performed during view rendering. Explicitly configure spring.jpa.open-in-view to disable this warning
2026-07-19 22:02:43.661 [main] INFO  o.s.b.a.e.web.EndpointLinksResolver - Exposing 14 endpoints beneath base path '/actuator'
2026-07-19 22:02:43.695 [main] INFO  c.e.h.service.UserServiceCacheTest - Started UserServiceCacheTest in 2.705 seconds (process running for 3.151)
2026-07-19 22:02:46.073 [SpringApplicationShutdownHook] INFO  o.s.o.j.LocalContainerEntityManagerFactoryBean - Closing JPA EntityManagerFactory for persistence unit 'default'
2026-07-19 22:02:46.076 [SpringApplicationShutdownHook] INFO  com.zaxxer.hikari.HikariDataSource - HikariPool-1 - Shutdown initiated...
2026-07-19 22:02:46.080 [SpringApplicationShutdownHook] INFO  com.zaxxer.hikari.HikariDataSource - HikariPool-1 - Shutdown completed.
2026-07-19 22:02:56.072 [main] INFO  c.e.h.service.UserServiceCacheTest - Starting UserServiceCacheTest using Java 25.0.1 with PID 7430 (started by ermapsh in /Users/ermapsh/Devlopement/project/backend/hospital)
2026-07-19 22:02:56.073 [main] INFO  c.e.h.service.UserServiceCacheTest - No active profile set, falling back to 1 default profile: "default"
2026-07-19 22:02:56.171 [background-preinit] INFO  o.h.validator.internal.util.Version - HV000001: Hibernate Validator 9.0.1.Final
2026-07-19 22:02:56.439 [main] INFO  o.s.d.r.c.RepositoryConfigurationDelegate - Bootstrapping Spring Data JPA repositories in DEFAULT mode.
2026-07-19 22:02:56.497 [main] INFO  o.s.d.r.c.RepositoryConfigurationDelegate - Finished Spring Data repository scanning in 54 ms. Found 8 JPA repository interfaces.
2026-07-19 22:02:56.715 [main] INFO  com.zaxxer.hikari.HikariDataSource - HikariPool-1 - Starting...
2026-07-19 22:02:56.752 [main] INFO  com.zaxxer.hikari.pool.HikariPool - HikariPool-1 - Added connection org.postgresql.jdbc.PgConnection@7fff419d
2026-07-19 22:02:56.752 [main] INFO  com.zaxxer.hikari.HikariDataSource - HikariPool-1 - Start completed.
2026-07-19 22:02:56.786 [main] INFO  org.hibernate.orm.jpa - HHH008540: Processing PersistenceUnitInfo [name: default]
2026-07-19 22:02:56.809 [main] INFO  org.hibernate.orm.core - HHH000001: Hibernate ORM core version 7.2.7.Final
2026-07-19 22:02:56.893 [main] INFO  o.h.e.b.internal.EnversServiceImpl - Envers integration enabled? : true
2026-07-19 22:02:56.971 [main] INFO  o.s.o.j.p.SpringPersistenceUnitInfo - No LoadTimeWeaver setup: ignoring JPA class transformer
2026-07-19 22:02:57.005 [main] INFO  o.hibernate.orm.connections.pooling - HHH10001005: Database info:
	Database JDBC URL [jdbc:postgresql://localhost:5432/hospital]
	Database driver: PostgreSQL JDBC Driver
	Database dialect: PostgreSQLDialect
	Database version: 18.4
	Default catalog/schema: hospital/public
	Autocommit mode: undefined/unknown
	Isolation level: READ_COMMITTED [default READ_COMMITTED]
	JDBC fetch size: none
	Pool: DataSourceConnectionProvider
	Minimum pool size: undefined/unknown
	Maximum pool size: undefined/unknown
2026-07-19 22:02:57.090 [main] INFO  o.h.e.c.i.m.AuditMetadataGenerator - Adding properties for entity: com.ermapsh.hospital.entity.PostEntity
2026-07-19 22:02:57.465 [main] INFO  org.hibernate.orm.core - HHH000489: No JTA platform available (set 'hibernate.transaction.jta.platform' to enable JTA platform integration)
2026-07-19 22:02:57.530 [main] INFO  o.s.o.j.LocalContainerEntityManagerFactoryBean - Initialized JPA EntityManagerFactory for persistence unit 'default'
2026-07-19 22:02:57.683 [main] ERROR i.n.r.d.DnsServerAddressStreamProviders - Unable to load io.netty.resolver.dns.macos.MacOSDnsServerAddressStreamProvider, fallback to system defaults. This may result in incorrect DNS resolutions on MacOS. Check whether you have a dependency on 'io.netty:netty-resolver-dns-native-macos'. Use DEBUG level to see the full stack: java.lang.UnsatisfiedLinkError: failed to load the required native library
2026-07-19 22:02:57.782 [main] INFO  o.s.d.j.r.q.QueryEnhancerFactories - Hibernate is in classpath; If applicable, HQL parser will be used.
2026-07-19 22:02:57.867 [main] INFO  o.s.s.c.a.a.c.InitializeUserDetailsBeanManagerConfigurer$InitializeUserDetailsManagerConfigurer - Global AuthenticationManager configured with UserDetailsService bean with name userService
2026-07-19 22:02:58.219 [main] WARN  o.s.b.j.a.JpaBaseConfiguration$JpaWebConfiguration - spring.jpa.open-in-view is enabled by default. Therefore, database queries may be performed during view rendering. Explicitly configure spring.jpa.open-in-view to disable this warning
2026-07-19 22:02:58.481 [main] INFO  o.s.b.a.e.web.EndpointLinksResolver - Exposing 14 endpoints beneath base path '/actuator'
2026-07-19 22:02:58.509 [main] INFO  c.e.h.service.UserServiceCacheTest - Started UserServiceCacheTest in 2.569 seconds (process running for 3.019)
2026-07-19 22:03:00.939 [SpringApplicationShutdownHook] INFO  o.s.o.j.LocalContainerEntityManagerFactoryBean - Closing JPA EntityManagerFactory for persistence unit 'default'
2026-07-19 22:03:00.944 [SpringApplicationShutdownHook] INFO  com.zaxxer.hikari.HikariDataSource - HikariPool-1 - Shutdown initiated...
2026-07-19 22:03:00.948 [SpringApplicationShutdownHook] INFO  com.zaxxer.hikari.HikariDataSource - HikariPool-1 - Shutdown completed.
2026-07-19 22:06:41.920 [main] INFO  c.e.h.service.UserServiceCacheTest - Starting UserServiceCacheTest using Java 25.0.1 with PID 7487 (started by ermapsh in /Users/ermapsh/Devlopement/project/backend/hospital)
2026-07-19 22:06:41.921 [main] INFO  c.e.h.service.UserServiceCacheTest - No active profile set, falling back to 1 default profile: "default"
2026-07-19 22:06:42.016 [background-preinit] INFO  o.h.validator.internal.util.Version - HV000001: Hibernate Validator 9.0.1.Final
2026-07-19 22:06:42.286 [main] INFO  o.s.d.r.c.RepositoryConfigurationDelegate - Bootstrapping Spring Data JPA repositories in DEFAULT mode.
2026-07-19 22:06:42.342 [main] INFO  o.s.d.r.c.RepositoryConfigurationDelegate - Finished Spring Data repository scanning in 53 ms. Found 8 JPA repository interfaces.
2026-07-19 22:06:42.565 [main] INFO  com.zaxxer.hikari.HikariDataSource - HikariPool-1 - Starting...
2026-07-19 22:06:42.604 [main] INFO  com.zaxxer.hikari.pool.HikariPool - HikariPool-1 - Added connection org.postgresql.jdbc.PgConnection@2190508d
2026-07-19 22:06:42.605 [main] INFO  com.zaxxer.hikari.HikariDataSource - HikariPool-1 - Start completed.
2026-07-19 22:06:42.643 [main] INFO  org.hibernate.orm.jpa - HHH008540: Processing PersistenceUnitInfo [name: default]
2026-07-19 22:06:42.671 [main] INFO  org.hibernate.orm.core - HHH000001: Hibernate ORM core version 7.2.7.Final
2026-07-19 22:06:42.766 [main] INFO  o.h.e.b.internal.EnversServiceImpl - Envers integration enabled? : true
2026-07-19 22:06:42.860 [main] INFO  o.s.o.j.p.SpringPersistenceUnitInfo - No LoadTimeWeaver setup: ignoring JPA class transformer
2026-07-19 22:06:42.897 [main] INFO  o.hibernate.orm.connections.pooling - HHH10001005: Database info:
	Database JDBC URL [jdbc:postgresql://localhost:5432/hospital]
	Database driver: PostgreSQL JDBC Driver
	Database dialect: PostgreSQLDialect
	Database version: 18.4
	Default catalog/schema: hospital/public
	Autocommit mode: undefined/unknown
	Isolation level: READ_COMMITTED [default READ_COMMITTED]
	JDBC fetch size: none
	Pool: DataSourceConnectionProvider
	Minimum pool size: undefined/unknown
	Maximum pool size: undefined/unknown
2026-07-19 22:06:43.001 [main] INFO  o.h.e.c.i.m.AuditMetadataGenerator - Adding properties for entity: com.ermapsh.hospital.entity.PostEntity
2026-07-19 22:06:43.400 [main] INFO  org.hibernate.orm.core - HHH000489: No JTA platform available (set 'hibernate.transaction.jta.platform' to enable JTA platform integration)
2026-07-19 22:06:43.470 [main] INFO  o.s.o.j.LocalContainerEntityManagerFactoryBean - Initialized JPA EntityManagerFactory for persistence unit 'default'
2026-07-19 22:06:43.636 [main] ERROR i.n.r.d.DnsServerAddressStreamProviders - Unable to load io.netty.resolver.dns.macos.MacOSDnsServerAddressStreamProvider, fallback to system defaults. This may result in incorrect DNS resolutions on MacOS. Check whether you have a dependency on 'io.netty:netty-resolver-dns-native-macos'. Use DEBUG level to see the full stack: java.lang.UnsatisfiedLinkError: failed to load the required native library
2026-07-19 22:06:43.727 [main] INFO  o.s.d.j.r.q.QueryEnhancerFactories - Hibernate is in classpath; If applicable, HQL parser will be used.
2026-07-19 22:06:43.812 [main] INFO  o.s.s.c.a.a.c.InitializeUserDetailsBeanManagerConfigurer$InitializeUserDetailsManagerConfigurer - Global AuthenticationManager configured with UserDetailsService bean with name userService
2026-07-19 22:06:44.217 [main] WARN  o.s.b.j.a.JpaBaseConfiguration$JpaWebConfiguration - spring.jpa.open-in-view is enabled by default. Therefore, database queries may be performed during view rendering. Explicitly configure spring.jpa.open-in-view to disable this warning
2026-07-19 22:06:44.511 [main] INFO  o.s.b.a.e.web.EndpointLinksResolver - Exposing 14 endpoints beneath base path '/actuator'
2026-07-19 22:06:44.538 [main] INFO  c.e.h.service.UserServiceCacheTest - Started UserServiceCacheTest in 2.755 seconds (process running for 3.271)
2026-07-19 22:06:46.951 [SpringApplicationShutdownHook] INFO  o.s.o.j.LocalContainerEntityManagerFactoryBean - Closing JPA EntityManagerFactory for persistence unit 'default'
2026-07-19 22:06:46.956 [SpringApplicationShutdownHook] INFO  com.zaxxer.hikari.HikariDataSource - HikariPool-1 - Shutdown initiated...
2026-07-19 22:06:46.962 [SpringApplicationShutdownHook] INFO  com.zaxxer.hikari.HikariDataSource - HikariPool-1 - Shutdown completed.
2026-07-19 22:07:31.887 [main] INFO  c.e.h.service.UserServiceCacheTest - Starting UserServiceCacheTest using Java 25.0.1 with PID 7519 (started by ermapsh in /Users/ermapsh/Devlopement/project/backend/hospital)
2026-07-19 22:07:31.888 [main] INFO  c.e.h.service.UserServiceCacheTest - No active profile set, falling back to 1 default profile: "default"
2026-07-19 22:07:31.989 [background-preinit] INFO  o.h.validator.internal.util.Version - HV000001: Hibernate Validator 9.0.1.Final
2026-07-19 22:07:32.272 [main] INFO  o.s.d.r.c.RepositoryConfigurationDelegate - Bootstrapping Spring Data JPA repositories in DEFAULT mode.
2026-07-19 22:07:32.334 [main] INFO  o.s.d.r.c.RepositoryConfigurationDelegate - Finished Spring Data repository scanning in 58 ms. Found 8 JPA repository interfaces.
2026-07-19 22:07:32.557 [main] INFO  com.zaxxer.hikari.HikariDataSource - HikariPool-1 - Starting...
2026-07-19 22:07:32.597 [main] INFO  com.zaxxer.hikari.pool.HikariPool - HikariPool-1 - Added connection org.postgresql.jdbc.PgConnection@6127ef86
2026-07-19 22:07:32.597 [main] INFO  com.zaxxer.hikari.HikariDataSource - HikariPool-1 - Start completed.
2026-07-19 22:07:32.636 [main] INFO  org.hibernate.orm.jpa - HHH008540: Processing PersistenceUnitInfo [name: default]
2026-07-19 22:07:32.666 [main] INFO  org.hibernate.orm.core - HHH000001: Hibernate ORM core version 7.2.7.Final
2026-07-19 22:07:32.755 [main] INFO  o.h.e.b.internal.EnversServiceImpl - Envers integration enabled? : true
2026-07-19 22:07:32.846 [main] INFO  o.s.o.j.p.SpringPersistenceUnitInfo - No LoadTimeWeaver setup: ignoring JPA class transformer
2026-07-19 22:07:32.884 [main] INFO  o.hibernate.orm.connections.pooling - HHH10001005: Database info:
	Database JDBC URL [jdbc:postgresql://localhost:5432/hospital]
	Database driver: PostgreSQL JDBC Driver
	Database dialect: PostgreSQLDialect
	Database version: 18.4
	Default catalog/schema: hospital/public
	Autocommit mode: undefined/unknown
	Isolation level: READ_COMMITTED [default READ_COMMITTED]
	JDBC fetch size: none
	Pool: DataSourceConnectionProvider
	Minimum pool size: undefined/unknown
	Maximum pool size: undefined/unknown
2026-07-19 22:07:32.983 [main] INFO  o.h.e.c.i.m.AuditMetadataGenerator - Adding properties for entity: com.ermapsh.hospital.entity.PostEntity
2026-07-19 22:07:33.382 [main] INFO  org.hibernate.orm.core - HHH000489: No JTA platform available (set 'hibernate.transaction.jta.platform' to enable JTA platform integration)
2026-07-19 22:07:33.471 [main] INFO  o.s.o.j.LocalContainerEntityManagerFactoryBean - Initialized JPA EntityManagerFactory for persistence unit 'default'
2026-07-19 22:07:33.635 [main] ERROR i.n.r.d.DnsServerAddressStreamProviders - Unable to load io.netty.resolver.dns.macos.MacOSDnsServerAddressStreamProvider, fallback to system defaults. This may result in incorrect DNS resolutions on MacOS. Check whether you have a dependency on 'io.netty:netty-resolver-dns-native-macos'. Use DEBUG level to see the full stack: java.lang.UnsatisfiedLinkError: failed to load the required native library
2026-07-19 22:07:33.726 [main] INFO  o.s.d.j.r.q.QueryEnhancerFactories - Hibernate is in classpath; If applicable, HQL parser will be used.
2026-07-19 22:07:33.816 [main] INFO  o.s.s.c.a.a.c.InitializeUserDetailsBeanManagerConfigurer$InitializeUserDetailsManagerConfigurer - Global AuthenticationManager configured with UserDetailsService bean with name userService
2026-07-19 22:07:34.164 [main] WARN  o.s.b.j.a.JpaBaseConfiguration$JpaWebConfiguration - spring.jpa.open-in-view is enabled by default. Therefore, database queries may be performed during view rendering. Explicitly configure spring.jpa.open-in-view to disable this warning
2026-07-19 22:07:34.439 [main] INFO  o.s.b.a.e.web.EndpointLinksResolver - Exposing 14 endpoints beneath base path '/actuator'
2026-07-19 22:07:34.482 [main] INFO  c.e.h.service.UserServiceCacheTest - Started UserServiceCacheTest in 2.739 seconds (process running for 3.196)
2026-07-19 22:07:34.732 [main] INFO  c.e.h.service.UserServiceCacheTest - first time calling
2026-07-19 22:07:34.801 [main] INFO  c.e.h.service.UserServiceCacheTest - second time calling
2026-07-19 22:07:36.899 [SpringApplicationShutdownHook] INFO  o.s.o.j.LocalContainerEntityManagerFactoryBean - Closing JPA EntityManagerFactory for persistence unit 'default'
2026-07-19 22:07:36.902 [SpringApplicationShutdownHook] INFO  com.zaxxer.hikari.HikariDataSource - HikariPool-1 - Shutdown initiated...
2026-07-19 22:07:36.905 [SpringApplicationShutdownHook] INFO  com.zaxxer.hikari.HikariDataSource - HikariPool-1 - Shutdown completed.
2026-07-19 22:08:16.677 [main] INFO  c.e.h.service.UserServiceCacheTest - Starting UserServiceCacheTest using Java 25.0.1 with PID 7554 (started by ermapsh in /Users/ermapsh/Devlopement/project/backend/hospital)
2026-07-19 22:08:16.678 [main] INFO  c.e.h.service.UserServiceCacheTest - No active profile set, falling back to 1 default profile: "default"
2026-07-19 22:08:16.766 [background-preinit] INFO  o.h.validator.internal.util.Version - HV000001: Hibernate Validator 9.0.1.Final
2026-07-19 22:08:17.046 [main] INFO  o.s.d.r.c.RepositoryConfigurationDelegate - Bootstrapping Spring Data JPA repositories in DEFAULT mode.
2026-07-19 22:08:17.103 [main] INFO  o.s.d.r.c.RepositoryConfigurationDelegate - Finished Spring Data repository scanning in 53 ms. Found 8 JPA repository interfaces.
2026-07-19 22:08:17.347 [main] INFO  com.zaxxer.hikari.HikariDataSource - HikariPool-1 - Starting...
2026-07-19 22:08:17.391 [main] INFO  com.zaxxer.hikari.pool.HikariPool - HikariPool-1 - Added connection org.postgresql.jdbc.PgConnection@1e749235
2026-07-19 22:08:17.392 [main] INFO  com.zaxxer.hikari.HikariDataSource - HikariPool-1 - Start completed.
2026-07-19 22:08:17.428 [main] INFO  org.hibernate.orm.jpa - HHH008540: Processing PersistenceUnitInfo [name: default]
2026-07-19 22:08:17.450 [main] INFO  org.hibernate.orm.core - HHH000001: Hibernate ORM core version 7.2.7.Final
2026-07-19 22:08:17.539 [main] INFO  o.h.e.b.internal.EnversServiceImpl - Envers integration enabled? : true
2026-07-19 22:08:17.614 [main] INFO  o.s.o.j.p.SpringPersistenceUnitInfo - No LoadTimeWeaver setup: ignoring JPA class transformer
2026-07-19 22:08:17.643 [main] INFO  o.hibernate.orm.connections.pooling - HHH10001005: Database info:
	Database JDBC URL [jdbc:postgresql://localhost:5432/hospital]
	Database driver: PostgreSQL JDBC Driver
	Database dialect: PostgreSQLDialect
	Database version: 18.4
	Default catalog/schema: hospital/public
	Autocommit mode: undefined/unknown
	Isolation level: READ_COMMITTED [default READ_COMMITTED]
	JDBC fetch size: none
	Pool: DataSourceConnectionProvider
	Minimum pool size: undefined/unknown
	Maximum pool size: undefined/unknown
2026-07-19 22:08:17.727 [main] INFO  o.h.e.c.i.m.AuditMetadataGenerator - Adding properties for entity: com.ermapsh.hospital.entity.PostEntity
2026-07-19 22:08:18.084 [main] INFO  org.hibernate.orm.core - HHH000489: No JTA platform available (set 'hibernate.transaction.jta.platform' to enable JTA platform integration)
2026-07-19 22:08:18.170 [main] INFO  o.s.o.j.LocalContainerEntityManagerFactoryBean - Initialized JPA EntityManagerFactory for persistence unit 'default'
2026-07-19 22:08:18.324 [main] ERROR i.n.r.d.DnsServerAddressStreamProviders - Unable to load io.netty.resolver.dns.macos.MacOSDnsServerAddressStreamProvider, fallback to system defaults. This may result in incorrect DNS resolutions on MacOS. Check whether you have a dependency on 'io.netty:netty-resolver-dns-native-macos'. Use DEBUG level to see the full stack: java.lang.UnsatisfiedLinkError: failed to load the required native library
2026-07-19 22:08:18.425 [main] INFO  o.s.d.j.r.q.QueryEnhancerFactories - Hibernate is in classpath; If applicable, HQL parser will be used.
2026-07-19 22:08:18.513 [main] INFO  o.s.s.c.a.a.c.InitializeUserDetailsBeanManagerConfigurer$InitializeUserDetailsManagerConfigurer - Global AuthenticationManager configured with UserDetailsService bean with name userService
2026-07-19 22:08:18.896 [main] WARN  o.s.b.j.a.JpaBaseConfiguration$JpaWebConfiguration - spring.jpa.open-in-view is enabled by default. Therefore, database queries may be performed during view rendering. Explicitly configure spring.jpa.open-in-view to disable this warning
2026-07-19 22:08:19.214 [main] INFO  o.s.b.a.e.web.EndpointLinksResolver - Exposing 14 endpoints beneath base path '/actuator'
2026-07-19 22:08:19.243 [main] INFO  c.e.h.service.UserServiceCacheTest - Started UserServiceCacheTest in 2.701 seconds (process running for 3.151)
2026-07-19 22:08:19.495 [main] INFO  c.e.h.service.UserServiceCacheTest - first time calling
2026-07-19 22:08:19.552 [main] INFO  c.e.h.service.UserServiceCacheTest - second time calling
2026-07-19 22:08:21.653 [SpringApplicationShutdownHook] INFO  o.s.o.j.LocalContainerEntityManagerFactoryBean - Closing JPA EntityManagerFactory for persistence unit 'default'
2026-07-19 22:08:21.658 [SpringApplicationShutdownHook] INFO  com.zaxxer.hikari.HikariDataSource - HikariPool-1 - Shutdown initiated...
2026-07-19 22:08:21.662 [SpringApplicationShutdownHook] INFO  com.zaxxer.hikari.HikariDataSource - HikariPool-1 - Shutdown completed.
2026-07-19 22:09:12.497 [main] INFO  c.e.h.service.UserServiceCacheTest - Starting UserServiceCacheTest using Java 25.0.1 with PID 7581 (started by ermapsh in /Users/ermapsh/Devlopement/project/backend/hospital)
2026-07-19 22:09:12.497 [main] INFO  c.e.h.service.UserServiceCacheTest - No active profile set, falling back to 1 default profile: "default"
2026-07-19 22:09:12.584 [background-preinit] INFO  o.h.validator.internal.util.Version - HV000001: Hibernate Validator 9.0.1.Final
2026-07-19 22:09:12.832 [main] INFO  o.s.d.r.c.RepositoryConfigurationDelegate - Bootstrapping Spring Data JPA repositories in DEFAULT mode.
2026-07-19 22:09:12.885 [main] INFO  o.s.d.r.c.RepositoryConfigurationDelegate - Finished Spring Data repository scanning in 49 ms. Found 8 JPA repository interfaces.
2026-07-19 22:09:13.095 [main] INFO  com.zaxxer.hikari.HikariDataSource - HikariPool-1 - Starting...
2026-07-19 22:09:13.143 [main] INFO  com.zaxxer.hikari.pool.HikariPool - HikariPool-1 - Added connection org.postgresql.jdbc.PgConnection@39fb5ddf
2026-07-19 22:09:13.144 [main] INFO  com.zaxxer.hikari.HikariDataSource - HikariPool-1 - Start completed.
2026-07-19 22:09:13.178 [main] INFO  org.hibernate.orm.jpa - HHH008540: Processing PersistenceUnitInfo [name: default]
2026-07-19 22:09:13.201 [main] INFO  org.hibernate.orm.core - HHH000001: Hibernate ORM core version 7.2.7.Final
2026-07-19 22:09:13.284 [main] INFO  o.h.e.b.internal.EnversServiceImpl - Envers integration enabled? : true
2026-07-19 22:09:13.363 [main] INFO  o.s.o.j.p.SpringPersistenceUnitInfo - No LoadTimeWeaver setup: ignoring JPA class transformer
2026-07-19 22:09:13.394 [main] INFO  o.hibernate.orm.connections.pooling - HHH10001005: Database info:
	Database JDBC URL [jdbc:postgresql://localhost:5432/hospital]
	Database driver: PostgreSQL JDBC Driver
	Database dialect: PostgreSQLDialect
	Database version: 18.4
	Default catalog/schema: hospital/public
	Autocommit mode: undefined/unknown
	Isolation level: READ_COMMITTED [default READ_COMMITTED]
	JDBC fetch size: none
	Pool: DataSourceConnectionProvider
	Minimum pool size: undefined/unknown
	Maximum pool size: undefined/unknown
2026-07-19 22:09:13.483 [main] INFO  o.h.e.c.i.m.AuditMetadataGenerator - Adding properties for entity: com.ermapsh.hospital.entity.PostEntity
2026-07-19 22:09:13.848 [main] INFO  org.hibernate.orm.core - HHH000489: No JTA platform available (set 'hibernate.transaction.jta.platform' to enable JTA platform integration)
2026-07-19 22:09:13.921 [main] INFO  o.s.o.j.LocalContainerEntityManagerFactoryBean - Initialized JPA EntityManagerFactory for persistence unit 'default'
2026-07-19 22:09:14.073 [main] ERROR i.n.r.d.DnsServerAddressStreamProviders - Unable to load io.netty.resolver.dns.macos.MacOSDnsServerAddressStreamProvider, fallback to system defaults. This may result in incorrect DNS resolutions on MacOS. Check whether you have a dependency on 'io.netty:netty-resolver-dns-native-macos'. Use DEBUG level to see the full stack: java.lang.UnsatisfiedLinkError: failed to load the required native library
2026-07-19 22:09:14.167 [main] INFO  o.s.d.j.r.q.QueryEnhancerFactories - Hibernate is in classpath; If applicable, HQL parser will be used.
2026-07-19 22:09:14.252 [main] INFO  o.s.s.c.a.a.c.InitializeUserDetailsBeanManagerConfigurer$InitializeUserDetailsManagerConfigurer - Global AuthenticationManager configured with UserDetailsService bean with name userService
2026-07-19 22:09:14.628 [main] WARN  o.s.b.j.a.JpaBaseConfiguration$JpaWebConfiguration - spring.jpa.open-in-view is enabled by default. Therefore, database queries may be performed during view rendering. Explicitly configure spring.jpa.open-in-view to disable this warning
2026-07-19 22:09:14.917 [main] INFO  o.s.b.a.e.web.EndpointLinksResolver - Exposing 14 endpoints beneath base path '/actuator'
2026-07-19 22:09:14.945 [main] INFO  c.e.h.service.UserServiceCacheTest - Started UserServiceCacheTest in 2.58 seconds (process running for 3.032)
2026-07-19 22:09:15.193 [main] INFO  c.e.h.service.UserServiceCacheTest - first time calling
2026-07-19 22:09:15.265 [main] INFO  c.e.h.service.UserServiceCacheTest - second time calling
2026-07-19 22:09:15.272 [main] INFO  c.e.h.service.UserServiceCacheTest - first time calling
2026-07-19 22:09:15.273 [main] INFO  c.e.h.service.UserServiceCacheTest - second time calling
2026-07-19 22:09:17.361 [SpringApplicationShutdownHook] INFO  o.s.o.j.LocalContainerEntityManagerFactoryBean - Closing JPA EntityManagerFactory for persistence unit 'default'
2026-07-19 22:09:17.365 [SpringApplicationShutdownHook] INFO  com.zaxxer.hikari.HikariDataSource - HikariPool-1 - Shutdown initiated...
2026-07-19 22:09:17.369 [SpringApplicationShutdownHook] INFO  com.zaxxer.hikari.HikariDataSource - HikariPool-1 - Shutdown completed.
2026-07-19 22:20:41.537 [main] INFO  c.e.h.service.UserServiceCacheTest - Starting UserServiceCacheTest using Java 25.0.1 with PID 7744 (started by ermapsh in /Users/ermapsh/Devlopement/project/backend/hospital)
2026-07-19 22:20:41.538 [main] INFO  c.e.h.service.UserServiceCacheTest - No active profile set, falling back to 1 default profile: "default"
2026-07-19 22:20:41.641 [background-preinit] INFO  o.h.validator.internal.util.Version - HV000001: Hibernate Validator 9.0.1.Final
2026-07-19 22:20:41.956 [main] INFO  o.s.d.r.c.RepositoryConfigurationDelegate - Bootstrapping Spring Data JPA repositories in DEFAULT mode.
2026-07-19 22:20:42.023 [main] INFO  o.s.d.r.c.RepositoryConfigurationDelegate - Finished Spring Data repository scanning in 63 ms. Found 8 JPA repository interfaces.
2026-07-19 22:20:42.285 [main] INFO  com.zaxxer.hikari.HikariDataSource - HikariPool-1 - Starting...
2026-07-19 22:20:42.325 [main] INFO  com.zaxxer.hikari.pool.HikariPool - HikariPool-1 - Added connection org.postgresql.jdbc.PgConnection@3ea1729e
2026-07-19 22:20:42.326 [main] INFO  com.zaxxer.hikari.HikariDataSource - HikariPool-1 - Start completed.
2026-07-19 22:20:42.369 [main] INFO  org.hibernate.orm.jpa - HHH008540: Processing PersistenceUnitInfo [name: default]
2026-07-19 22:20:42.401 [main] INFO  org.hibernate.orm.core - HHH000001: Hibernate ORM core version 7.2.7.Final
2026-07-19 22:20:42.520 [main] INFO  o.h.e.b.internal.EnversServiceImpl - Envers integration enabled? : true
2026-07-19 22:20:42.601 [main] INFO  o.s.o.j.p.SpringPersistenceUnitInfo - No LoadTimeWeaver setup: ignoring JPA class transformer
2026-07-19 22:20:42.635 [main] INFO  o.hibernate.orm.connections.pooling - HHH10001005: Database info:
	Database JDBC URL [jdbc:postgresql://localhost:5432/hospital]
	Database driver: PostgreSQL JDBC Driver
	Database dialect: PostgreSQLDialect
	Database version: 18.4
	Default catalog/schema: hospital/public
	Autocommit mode: undefined/unknown
	Isolation level: READ_COMMITTED [default READ_COMMITTED]
	JDBC fetch size: none
	Pool: DataSourceConnectionProvider
	Minimum pool size: undefined/unknown
	Maximum pool size: undefined/unknown
2026-07-19 22:20:42.734 [main] INFO  o.h.e.c.i.m.AuditMetadataGenerator - Adding properties for entity: com.ermapsh.hospital.entity.PostEntity
2026-07-19 22:20:43.134 [main] INFO  org.hibernate.orm.core - HHH000489: No JTA platform available (set 'hibernate.transaction.jta.platform' to enable JTA platform integration)
2026-07-19 22:20:43.205 [main] INFO  o.s.o.j.LocalContainerEntityManagerFactoryBean - Initialized JPA EntityManagerFactory for persistence unit 'default'
2026-07-19 22:20:43.391 [main] ERROR i.n.r.d.DnsServerAddressStreamProviders - Unable to load io.netty.resolver.dns.macos.MacOSDnsServerAddressStreamProvider, fallback to system defaults. This may result in incorrect DNS resolutions on MacOS. Check whether you have a dependency on 'io.netty:netty-resolver-dns-native-macos'. Use DEBUG level to see the full stack: java.lang.UnsatisfiedLinkError: failed to load the required native library
2026-07-19 22:20:43.502 [main] INFO  o.s.d.j.r.q.QueryEnhancerFactories - Hibernate is in classpath; If applicable, HQL parser will be used.
2026-07-19 22:20:43.605 [main] INFO  o.s.s.c.a.a.c.InitializeUserDetailsBeanManagerConfigurer$InitializeUserDetailsManagerConfigurer - Global AuthenticationManager configured with UserDetailsService bean with name userService
2026-07-19 22:20:44.032 [main] WARN  o.s.b.j.a.JpaBaseConfiguration$JpaWebConfiguration - spring.jpa.open-in-view is enabled by default. Therefore, database queries may be performed during view rendering. Explicitly configure spring.jpa.open-in-view to disable this warning
2026-07-19 22:20:44.337 [main] INFO  o.s.b.a.e.web.EndpointLinksResolver - Exposing 14 endpoints beneath base path '/actuator'
2026-07-19 22:20:44.366 [main] INFO  c.e.h.service.UserServiceCacheTest - Started UserServiceCacheTest in 2.976 seconds (process running for 3.484)
2026-07-19 22:20:44.610 [main] INFO  c.e.h.service.UserServiceCacheTest - first time calling
2026-07-19 22:20:44.669 [main] INFO  c.e.h.service.UserServiceCacheTest - second time calling - from cache
2026-07-19 22:20:44.674 [main] INFO  c.e.h.service.UserServiceCacheTest - first time calling
2026-07-19 22:20:44.675 [main] INFO  c.e.h.service.UserServiceCacheTest - second time calling - from cache
2026-07-19 22:20:46.782 [SpringApplicationShutdownHook] INFO  o.s.o.j.LocalContainerEntityManagerFactoryBean - Closing JPA EntityManagerFactory for persistence unit 'default'
2026-07-19 22:20:46.785 [SpringApplicationShutdownHook] INFO  com.zaxxer.hikari.HikariDataSource - HikariPool-1 - Shutdown initiated...
2026-07-19 22:20:46.788 [SpringApplicationShutdownHook] INFO  com.zaxxer.hikari.HikariDataSource - HikariPool-1 - Shutdown completed.
2026-07-19 22:31:26.635 [main] INFO  c.e.h.service.UserServiceCacheTest - Starting UserServiceCacheTest using Java 25.0.1 with PID 7986 (started by ermapsh in /Users/ermapsh/Devlopement/project/backend/hospital)
2026-07-19 22:31:26.635 [main] INFO  c.e.h.service.UserServiceCacheTest - No active profile set, falling back to 1 default profile: "default"
2026-07-19 22:31:26.733 [background-preinit] INFO  o.h.validator.internal.util.Version - HV000001: Hibernate Validator 9.0.1.Final
2026-07-19 22:31:27.015 [main] INFO  o.s.d.r.c.RepositoryConfigurationDelegate - Bootstrapping Spring Data JPA repositories in DEFAULT mode.
2026-07-19 22:31:27.085 [main] INFO  o.s.d.r.c.RepositoryConfigurationDelegate - Finished Spring Data repository scanning in 65 ms. Found 8 JPA repository interfaces.
2026-07-19 22:31:27.317 [main] INFO  com.zaxxer.hikari.HikariDataSource - HikariPool-1 - Starting...
2026-07-19 22:31:27.355 [main] INFO  com.zaxxer.hikari.pool.HikariPool - HikariPool-1 - Added connection org.postgresql.jdbc.PgConnection@2f82e3cf
2026-07-19 22:31:27.355 [main] INFO  com.zaxxer.hikari.HikariDataSource - HikariPool-1 - Start completed.
2026-07-19 22:31:27.394 [main] INFO  org.hibernate.orm.jpa - HHH008540: Processing PersistenceUnitInfo [name: default]
2026-07-19 22:31:27.423 [main] INFO  org.hibernate.orm.core - HHH000001: Hibernate ORM core version 7.2.7.Final
2026-07-19 22:31:27.520 [main] INFO  o.h.e.b.internal.EnversServiceImpl - Envers integration enabled? : true
2026-07-19 22:31:27.605 [main] INFO  o.s.o.j.p.SpringPersistenceUnitInfo - No LoadTimeWeaver setup: ignoring JPA class transformer
2026-07-19 22:31:27.641 [main] INFO  o.hibernate.orm.connections.pooling - HHH10001005: Database info:
	Database JDBC URL [jdbc:postgresql://localhost:5432/hospital]
	Database driver: PostgreSQL JDBC Driver
	Database dialect: PostgreSQLDialect
	Database version: 18.4
	Default catalog/schema: hospital/public
	Autocommit mode: undefined/unknown
	Isolation level: READ_COMMITTED [default READ_COMMITTED]
	JDBC fetch size: none
	Pool: DataSourceConnectionProvider
	Minimum pool size: undefined/unknown
	Maximum pool size: undefined/unknown
2026-07-19 22:31:27.733 [main] INFO  o.h.e.c.i.m.AuditMetadataGenerator - Adding properties for entity: com.ermapsh.hospital.entity.PostEntity
2026-07-19 22:31:28.135 [main] INFO  org.hibernate.orm.core - HHH000489: No JTA platform available (set 'hibernate.transaction.jta.platform' to enable JTA platform integration)
2026-07-19 22:31:28.196 [main] INFO  o.s.o.j.LocalContainerEntityManagerFactoryBean - Initialized JPA EntityManagerFactory for persistence unit 'default'
2026-07-19 22:31:28.364 [main] ERROR i.n.r.d.DnsServerAddressStreamProviders - Unable to load io.netty.resolver.dns.macos.MacOSDnsServerAddressStreamProvider, fallback to system defaults. This may result in incorrect DNS resolutions on MacOS. Check whether you have a dependency on 'io.netty:netty-resolver-dns-native-macos'. Use DEBUG level to see the full stack: java.lang.UnsatisfiedLinkError: failed to load the required native library
2026-07-19 22:31:28.468 [main] INFO  o.s.d.j.r.q.QueryEnhancerFactories - Hibernate is in classpath; If applicable, HQL parser will be used.
2026-07-19 22:31:28.584 [main] INFO  o.s.s.c.a.a.c.InitializeUserDetailsBeanManagerConfigurer$InitializeUserDetailsManagerConfigurer - Global AuthenticationManager configured with UserDetailsService bean with name userService
2026-07-19 22:31:28.997 [main] WARN  o.s.b.j.a.JpaBaseConfiguration$JpaWebConfiguration - spring.jpa.open-in-view is enabled by default. Therefore, database queries may be performed during view rendering. Explicitly configure spring.jpa.open-in-view to disable this warning
2026-07-19 22:31:29.258 [main] INFO  o.s.b.a.e.web.EndpointLinksResolver - Exposing 14 endpoints beneath base path '/actuator'
2026-07-19 22:31:29.289 [main] INFO  c.e.h.service.UserServiceCacheTest - Started UserServiceCacheTest in 2.792 seconds (process running for 3.278)
2026-07-19 22:31:31.696 [SpringApplicationShutdownHook] INFO  o.s.o.j.LocalContainerEntityManagerFactoryBean - Closing JPA EntityManagerFactory for persistence unit 'default'
2026-07-19 22:31:31.699 [SpringApplicationShutdownHook] INFO  com.zaxxer.hikari.HikariDataSource - HikariPool-1 - Shutdown initiated...
2026-07-19 22:31:31.701 [SpringApplicationShutdownHook] INFO  com.zaxxer.hikari.HikariDataSource - HikariPool-1 - Shutdown completed.
2026-07-19 22:31:44.399 [main] INFO  c.e.h.service.UserServiceCacheTest - Starting UserServiceCacheTest using Java 25.0.1 with PID 8007 (started by ermapsh in /Users/ermapsh/Devlopement/project/backend/hospital)
2026-07-19 22:31:44.402 [main] INFO  c.e.h.service.UserServiceCacheTest - No active profile set, falling back to 1 default profile: "default"
2026-07-19 22:31:44.493 [background-preinit] INFO  o.h.validator.internal.util.Version - HV000001: Hibernate Validator 9.0.1.Final
2026-07-19 22:31:44.758 [main] INFO  o.s.d.r.c.RepositoryConfigurationDelegate - Bootstrapping Spring Data JPA repositories in DEFAULT mode.
2026-07-19 22:31:44.815 [main] INFO  o.s.d.r.c.RepositoryConfigurationDelegate - Finished Spring Data repository scanning in 54 ms. Found 8 JPA repository interfaces.
2026-07-19 22:31:45.050 [main] INFO  com.zaxxer.hikari.HikariDataSource - HikariPool-1 - Starting...
2026-07-19 22:31:45.086 [main] INFO  com.zaxxer.hikari.pool.HikariPool - HikariPool-1 - Added connection org.postgresql.jdbc.PgConnection@523f3c29
2026-07-19 22:31:45.086 [main] INFO  com.zaxxer.hikari.HikariDataSource - HikariPool-1 - Start completed.
2026-07-19 22:31:45.123 [main] INFO  org.hibernate.orm.jpa - HHH008540: Processing PersistenceUnitInfo [name: default]
2026-07-19 22:31:45.145 [main] INFO  org.hibernate.orm.core - HHH000001: Hibernate ORM core version 7.2.7.Final
2026-07-19 22:31:45.228 [main] INFO  o.h.e.b.internal.EnversServiceImpl - Envers integration enabled? : true
2026-07-19 22:31:45.305 [main] INFO  o.s.o.j.p.SpringPersistenceUnitInfo - No LoadTimeWeaver setup: ignoring JPA class transformer
2026-07-19 22:31:45.334 [main] INFO  o.hibernate.orm.connections.pooling - HHH10001005: Database info:
	Database JDBC URL [jdbc:postgresql://localhost:5432/hospital]
	Database driver: PostgreSQL JDBC Driver
	Database dialect: PostgreSQLDialect
	Database version: 18.4
	Default catalog/schema: hospital/public
	Autocommit mode: undefined/unknown
	Isolation level: READ_COMMITTED [default READ_COMMITTED]
	JDBC fetch size: none
	Pool: DataSourceConnectionProvider
	Minimum pool size: undefined/unknown
	Maximum pool size: undefined/unknown
2026-07-19 22:31:45.417 [main] INFO  o.h.e.c.i.m.AuditMetadataGenerator - Adding properties for entity: com.ermapsh.hospital.entity.PostEntity
2026-07-19 22:31:45.785 [main] INFO  org.hibernate.orm.core - HHH000489: No JTA platform available (set 'hibernate.transaction.jta.platform' to enable JTA platform integration)
2026-07-19 22:31:45.858 [main] INFO  o.s.o.j.LocalContainerEntityManagerFactoryBean - Initialized JPA EntityManagerFactory for persistence unit 'default'
2026-07-19 22:31:46.013 [main] ERROR i.n.r.d.DnsServerAddressStreamProviders - Unable to load io.netty.resolver.dns.macos.MacOSDnsServerAddressStreamProvider, fallback to system defaults. This may result in incorrect DNS resolutions on MacOS. Check whether you have a dependency on 'io.netty:netty-resolver-dns-native-macos'. Use DEBUG level to see the full stack: java.lang.UnsatisfiedLinkError: failed to load the required native library
2026-07-19 22:31:46.106 [main] INFO  o.s.d.j.r.q.QueryEnhancerFactories - Hibernate is in classpath; If applicable, HQL parser will be used.
2026-07-19 22:31:46.202 [main] INFO  o.s.s.c.a.a.c.InitializeUserDetailsBeanManagerConfigurer$InitializeUserDetailsManagerConfigurer - Global AuthenticationManager configured with UserDetailsService bean with name userService
2026-07-19 22:31:46.553 [main] WARN  o.s.b.j.a.JpaBaseConfiguration$JpaWebConfiguration - spring.jpa.open-in-view is enabled by default. Therefore, database queries may be performed during view rendering. Explicitly configure spring.jpa.open-in-view to disable this warning
2026-07-19 22:31:46.828 [main] INFO  o.s.b.a.e.web.EndpointLinksResolver - Exposing 14 endpoints beneath base path '/actuator'
2026-07-19 22:31:46.860 [main] INFO  c.e.h.service.UserServiceCacheTest - Started UserServiceCacheTest in 2.595 seconds (process running for 3.049)
2026-07-19 22:31:49.261 [SpringApplicationShutdownHook] INFO  o.s.o.j.LocalContainerEntityManagerFactoryBean - Closing JPA EntityManagerFactory for persistence unit 'default'
2026-07-19 22:31:49.264 [SpringApplicationShutdownHook] INFO  com.zaxxer.hikari.HikariDataSource - HikariPool-1 - Shutdown initiated...
2026-07-19 22:31:49.267 [SpringApplicationShutdownHook] INFO  com.zaxxer.hikari.HikariDataSource - HikariPool-1 - Shutdown completed.
2026-07-19 22:32:22.891 [main] INFO  c.e.h.service.UserServiceCacheTest - Starting UserServiceCacheTest using Java 25.0.1 with PID 8044 (started by ermapsh in /Users/ermapsh/Devlopement/project/backend/hospital)
2026-07-19 22:32:22.892 [main] INFO  c.e.h.service.UserServiceCacheTest - No active profile set, falling back to 1 default profile: "default"
2026-07-19 22:32:22.982 [background-preinit] INFO  o.h.validator.internal.util.Version - HV000001: Hibernate Validator 9.0.1.Final
2026-07-19 22:32:23.247 [main] INFO  o.s.d.r.c.RepositoryConfigurationDelegate - Bootstrapping Spring Data JPA repositories in DEFAULT mode.
2026-07-19 22:32:23.299 [main] INFO  o.s.d.r.c.RepositoryConfigurationDelegate - Finished Spring Data repository scanning in 49 ms. Found 8 JPA repository interfaces.
2026-07-19 22:32:23.500 [main] INFO  com.zaxxer.hikari.HikariDataSource - HikariPool-1 - Starting...
2026-07-19 22:32:23.547 [main] INFO  com.zaxxer.hikari.pool.HikariPool - HikariPool-1 - Added connection org.postgresql.jdbc.PgConnection@23cb8fcb
2026-07-19 22:32:23.548 [main] INFO  com.zaxxer.hikari.HikariDataSource - HikariPool-1 - Start completed.
2026-07-19 22:32:23.580 [main] INFO  org.hibernate.orm.jpa - HHH008540: Processing PersistenceUnitInfo [name: default]
2026-07-19 22:32:23.599 [main] INFO  org.hibernate.orm.core - HHH000001: Hibernate ORM core version 7.2.7.Final
2026-07-19 22:32:23.679 [main] INFO  o.h.e.b.internal.EnversServiceImpl - Envers integration enabled? : true
2026-07-19 22:32:23.758 [main] INFO  o.s.o.j.p.SpringPersistenceUnitInfo - No LoadTimeWeaver setup: ignoring JPA class transformer
2026-07-19 22:32:23.790 [main] INFO  o.hibernate.orm.connections.pooling - HHH10001005: Database info:
	Database JDBC URL [jdbc:postgresql://localhost:5432/hospital]
	Database driver: PostgreSQL JDBC Driver
	Database dialect: PostgreSQLDialect
	Database version: 18.4
	Default catalog/schema: hospital/public
	Autocommit mode: undefined/unknown
	Isolation level: READ_COMMITTED [default READ_COMMITTED]
	JDBC fetch size: none
	Pool: DataSourceConnectionProvider
	Minimum pool size: undefined/unknown
	Maximum pool size: undefined/unknown
2026-07-19 22:32:23.874 [main] INFO  o.h.e.c.i.m.AuditMetadataGenerator - Adding properties for entity: com.ermapsh.hospital.entity.PostEntity
2026-07-19 22:32:24.247 [main] INFO  org.hibernate.orm.core - HHH000489: No JTA platform available (set 'hibernate.transaction.jta.platform' to enable JTA platform integration)
2026-07-19 22:32:24.301 [main] INFO  o.s.o.j.LocalContainerEntityManagerFactoryBean - Initialized JPA EntityManagerFactory for persistence unit 'default'
2026-07-19 22:32:24.452 [main] ERROR i.n.r.d.DnsServerAddressStreamProviders - Unable to load io.netty.resolver.dns.macos.MacOSDnsServerAddressStreamProvider, fallback to system defaults. This may result in incorrect DNS resolutions on MacOS. Check whether you have a dependency on 'io.netty:netty-resolver-dns-native-macos'. Use DEBUG level to see the full stack: java.lang.UnsatisfiedLinkError: failed to load the required native library
2026-07-19 22:32:24.539 [main] INFO  o.s.d.j.r.q.QueryEnhancerFactories - Hibernate is in classpath; If applicable, HQL parser will be used.
2026-07-19 22:32:24.617 [main] INFO  o.s.s.c.a.a.c.InitializeUserDetailsBeanManagerConfigurer$InitializeUserDetailsManagerConfigurer - Global AuthenticationManager configured with UserDetailsService bean with name userService
2026-07-19 22:32:24.966 [main] WARN  o.s.b.j.a.JpaBaseConfiguration$JpaWebConfiguration - spring.jpa.open-in-view is enabled by default. Therefore, database queries may be performed during view rendering. Explicitly configure spring.jpa.open-in-view to disable this warning
2026-07-19 22:32:25.223 [main] INFO  o.s.b.a.e.web.EndpointLinksResolver - Exposing 14 endpoints beneath base path '/actuator'
2026-07-19 22:32:25.249 [main] INFO  c.e.h.service.UserServiceCacheTest - Started UserServiceCacheTest in 2.494 seconds (process running for 2.925)
2026-07-19 22:32:27.679 [SpringApplicationShutdownHook] INFO  o.s.o.j.LocalContainerEntityManagerFactoryBean - Closing JPA EntityManagerFactory for persistence unit 'default'
2026-07-19 22:32:27.683 [SpringApplicationShutdownHook] INFO  com.zaxxer.hikari.HikariDataSource - HikariPool-1 - Shutdown initiated...
2026-07-19 22:32:27.687 [SpringApplicationShutdownHook] INFO  com.zaxxer.hikari.HikariDataSource - HikariPool-1 - Shutdown completed.
2026-07-19 22:32:55.556 [restartedMain] INFO  c.e.hospital.HospitalApplication - Starting HospitalApplication using Java 25.0.1 with PID 8069 (/Users/ermapsh/Devlopement/project/backend/hospital/target/classes started by ermapsh in /Users/ermapsh/Devlopement/project/backend/hospital)
2026-07-19 22:32:55.557 [restartedMain] INFO  c.e.hospital.HospitalApplication - No active profile set, falling back to 1 default profile: "default"
2026-07-19 22:32:55.576 [restartedMain] INFO  o.s.b.d.e.DevToolsPropertyDefaultsPostProcessor - Devtools property defaults active! Set 'spring.devtools.add-properties' to 'false' to disable
2026-07-19 22:32:55.576 [restartedMain] INFO  o.s.b.d.e.DevToolsPropertyDefaultsPostProcessor - For additional web related logging consider setting the 'logging.level.web' property to 'DEBUG'
2026-07-19 22:32:55.645 [background-preinit] INFO  o.h.validator.internal.util.Version - HV000001: Hibernate Validator 9.0.1.Final
2026-07-19 22:32:55.951 [restartedMain] INFO  o.s.d.r.c.RepositoryConfigurationDelegate - Bootstrapping Spring Data JPA repositories in DEFAULT mode.
2026-07-19 22:32:56.004 [restartedMain] INFO  o.s.d.r.c.RepositoryConfigurationDelegate - Finished Spring Data repository scanning in 49 ms. Found 8 JPA repository interfaces.
2026-07-19 22:32:56.281 [restartedMain] INFO  o.s.boot.tomcat.TomcatWebServer - Tomcat initialized with port 8080 (http)
2026-07-19 22:32:56.285 [restartedMain] INFO  o.a.coyote.http11.Http11NioProtocol - Initializing ProtocolHandler ["http-nio-8080"]
2026-07-19 22:32:56.286 [restartedMain] INFO  o.a.catalina.core.StandardService - Starting service [Tomcat]
2026-07-19 22:32:56.286 [restartedMain] INFO  o.a.catalina.core.StandardEngine - Starting Servlet engine: [Apache Tomcat/11.0.18]
2026-07-19 22:32:56.300 [restartedMain] INFO  o.s.b.w.c.s.WebApplicationContextInitializer - Root WebApplicationContext: initialization completed in 724 ms
2026-07-19 22:32:56.361 [restartedMain] INFO  com.zaxxer.hikari.HikariDataSource - HikariPool-1 - Starting...
2026-07-19 22:32:56.392 [restartedMain] INFO  com.zaxxer.hikari.pool.HikariPool - HikariPool-1 - Added connection org.postgresql.jdbc.PgConnection@58f392f8
2026-07-19 22:32:56.393 [restartedMain] INFO  com.zaxxer.hikari.HikariDataSource - HikariPool-1 - Start completed.
2026-07-19 22:32:56.423 [restartedMain] INFO  org.hibernate.orm.jpa - HHH008540: Processing PersistenceUnitInfo [name: default]
2026-07-19 22:32:56.441 [restartedMain] INFO  org.hibernate.orm.core - HHH000001: Hibernate ORM core version 7.2.7.Final
2026-07-19 22:32:56.526 [restartedMain] INFO  o.h.e.b.internal.EnversServiceImpl - Envers integration enabled? : true
2026-07-19 22:32:56.593 [restartedMain] INFO  o.s.o.j.p.SpringPersistenceUnitInfo - No LoadTimeWeaver setup: ignoring JPA class transformer
2026-07-19 22:32:56.625 [restartedMain] INFO  o.hibernate.orm.connections.pooling - HHH10001005: Database info:
	Database JDBC URL [jdbc:postgresql://localhost:5432/hospital]
	Database driver: PostgreSQL JDBC Driver
	Database dialect: PostgreSQLDialect
	Database version: 18.4
	Default catalog/schema: hospital/public
	Autocommit mode: undefined/unknown
	Isolation level: READ_COMMITTED [default READ_COMMITTED]
	JDBC fetch size: none
	Pool: DataSourceConnectionProvider
	Minimum pool size: undefined/unknown
	Maximum pool size: undefined/unknown
2026-07-19 22:32:56.717 [restartedMain] INFO  o.h.e.c.i.m.AuditMetadataGenerator - Adding properties for entity: com.ermapsh.hospital.entity.PostEntity
2026-07-19 22:32:57.094 [restartedMain] INFO  org.hibernate.orm.core - HHH000489: No JTA platform available (set 'hibernate.transaction.jta.platform' to enable JTA platform integration)
2026-07-19 22:32:57.142 [restartedMain] INFO  o.s.o.j.LocalContainerEntityManagerFactoryBean - Initialized JPA EntityManagerFactory for persistence unit 'default'
2026-07-19 22:32:57.166 [restartedMain] INFO  o.s.d.j.r.q.QueryEnhancerFactories - Hibernate is in classpath; If applicable, HQL parser will be used.
2026-07-19 22:32:57.401 [restartedMain] ERROR i.n.r.d.DnsServerAddressStreamProviders - Unable to load io.netty.resolver.dns.macos.MacOSDnsServerAddressStreamProvider, fallback to system defaults. This may result in incorrect DNS resolutions on MacOS. Check whether you have a dependency on 'io.netty:netty-resolver-dns-native-macos'. Use DEBUG level to see the full stack: java.lang.UnsatisfiedLinkError: failed to load the required native library
2026-07-19 22:32:57.460 [restartedMain] INFO  o.s.s.c.a.a.c.InitializeUserDetailsBeanManagerConfigurer$InitializeUserDetailsManagerConfigurer - Global AuthenticationManager configured with UserDetailsService bean with name userService
2026-07-19 22:32:57.775 [restartedMain] WARN  o.s.b.j.a.JpaBaseConfiguration$JpaWebConfiguration - spring.jpa.open-in-view is enabled by default. Therefore, database queries may be performed during view rendering. Explicitly configure spring.jpa.open-in-view to disable this warning
2026-07-19 22:32:58.001 [restartedMain] INFO  o.s.b.a.e.web.EndpointLinksResolver - Exposing 14 endpoints beneath base path '/actuator'
2026-07-19 22:32:58.024 [restartedMain] INFO  o.a.coyote.http11.Http11NioProtocol - Starting ProtocolHandler ["http-nio-8080"]
2026-07-19 22:32:58.028 [restartedMain] INFO  o.s.boot.tomcat.TomcatWebServer - Tomcat started on port 8080 (http) with context path '/'
2026-07-19 22:32:58.033 [restartedMain] INFO  c.e.hospital.HospitalApplication - Started HospitalApplication in 2.66 seconds (process running for 2.894)
2026-07-19 22:33:03.571 [http-nio-8080-exec-1] INFO  o.a.c.c.C.[Tomcat].[localhost].[/] - Initializing Spring DispatcherServlet 'dispatcherServlet'
2026-07-19 22:33:03.572 [http-nio-8080-exec-1] INFO  o.s.web.servlet.DispatcherServlet - Initializing Servlet 'dispatcherServlet'
2026-07-19 22:33:03.573 [http-nio-8080-exec-1] INFO  o.s.web.servlet.DispatcherServlet - Completed initialization in 1 ms
2026-07-19 22:33:43.500 [main] INFO  c.e.h.service.UserServiceCacheTest - Starting UserServiceCacheTest using Java 25.0.1 with PID 8112 (started by ermapsh in /Users/ermapsh/Devlopement/project/backend/hospital)
2026-07-19 22:33:43.501 [main] INFO  c.e.h.service.UserServiceCacheTest - No active profile set, falling back to 1 default profile: "default"
2026-07-19 22:33:43.596 [background-preinit] INFO  o.h.validator.internal.util.Version - HV000001: Hibernate Validator 9.0.1.Final
2026-07-19 22:33:43.879 [main] INFO  o.s.d.r.c.RepositoryConfigurationDelegate - Bootstrapping Spring Data JPA repositories in DEFAULT mode.
2026-07-19 22:33:43.942 [main] INFO  o.s.d.r.c.RepositoryConfigurationDelegate - Finished Spring Data repository scanning in 58 ms. Found 8 JPA repository interfaces.
2026-07-19 22:33:44.163 [main] INFO  com.zaxxer.hikari.HikariDataSource - HikariPool-1 - Starting...
2026-07-19 22:33:44.198 [main] INFO  com.zaxxer.hikari.pool.HikariPool - HikariPool-1 - Added connection org.postgresql.jdbc.PgConnection@542754be
2026-07-19 22:33:44.199 [main] INFO  com.zaxxer.hikari.HikariDataSource - HikariPool-1 - Start completed.
2026-07-19 22:33:44.235 [main] INFO  org.hibernate.orm.jpa - HHH008540: Processing PersistenceUnitInfo [name: default]
2026-07-19 22:33:44.256 [main] INFO  org.hibernate.orm.core - HHH000001: Hibernate ORM core version 7.2.7.Final
2026-07-19 22:33:44.350 [main] INFO  o.h.e.b.internal.EnversServiceImpl - Envers integration enabled? : true
2026-07-19 22:33:44.428 [main] INFO  o.s.o.j.p.SpringPersistenceUnitInfo - No LoadTimeWeaver setup: ignoring JPA class transformer
2026-07-19 22:33:44.461 [main] INFO  o.hibernate.orm.connections.pooling - HHH10001005: Database info:
	Database JDBC URL [jdbc:postgresql://localhost:5432/hospital]
	Database driver: PostgreSQL JDBC Driver
	Database dialect: PostgreSQLDialect
	Database version: 18.4
	Default catalog/schema: hospital/public
	Autocommit mode: undefined/unknown
	Isolation level: READ_COMMITTED [default READ_COMMITTED]
	JDBC fetch size: none
	Pool: DataSourceConnectionProvider
	Minimum pool size: undefined/unknown
	Maximum pool size: undefined/unknown
2026-07-19 22:33:44.550 [main] INFO  o.h.e.c.i.m.AuditMetadataGenerator - Adding properties for entity: com.ermapsh.hospital.entity.PostEntity
2026-07-19 22:33:44.935 [main] INFO  org.hibernate.orm.core - HHH000489: No JTA platform available (set 'hibernate.transaction.jta.platform' to enable JTA platform integration)
2026-07-19 22:33:44.979 [main] INFO  o.s.o.j.LocalContainerEntityManagerFactoryBean - Initialized JPA EntityManagerFactory for persistence unit 'default'
2026-07-19 22:33:45.136 [main] ERROR i.n.r.d.DnsServerAddressStreamProviders - Unable to load io.netty.resolver.dns.macos.MacOSDnsServerAddressStreamProvider, fallback to system defaults. This may result in incorrect DNS resolutions on MacOS. Check whether you have a dependency on 'io.netty:netty-resolver-dns-native-macos'. Use DEBUG level to see the full stack: java.lang.UnsatisfiedLinkError: failed to load the required native library
2026-07-19 22:33:45.227 [main] INFO  o.s.d.j.r.q.QueryEnhancerFactories - Hibernate is in classpath; If applicable, HQL parser will be used.
2026-07-19 22:33:45.315 [main] INFO  o.s.s.c.a.a.c.InitializeUserDetailsBeanManagerConfigurer$InitializeUserDetailsManagerConfigurer - Global AuthenticationManager configured with UserDetailsService bean with name userService
2026-07-19 22:33:45.660 [main] WARN  o.s.b.j.a.JpaBaseConfiguration$JpaWebConfiguration - spring.jpa.open-in-view is enabled by default. Therefore, database queries may be performed during view rendering. Explicitly configure spring.jpa.open-in-view to disable this warning
2026-07-19 22:33:45.938 [main] INFO  o.s.b.a.e.web.EndpointLinksResolver - Exposing 14 endpoints beneath base path '/actuator'
2026-07-19 22:33:45.964 [main] INFO  c.e.h.service.UserServiceCacheTest - Started UserServiceCacheTest in 2.597 seconds (process running for 3.063)
2026-07-19 22:33:48.413 [SpringApplicationShutdownHook] INFO  o.s.o.j.LocalContainerEntityManagerFactoryBean - Closing JPA EntityManagerFactory for persistence unit 'default'
2026-07-19 22:33:48.418 [SpringApplicationShutdownHook] INFO  com.zaxxer.hikari.HikariDataSource - HikariPool-1 - Shutdown initiated...
2026-07-19 22:33:48.422 [SpringApplicationShutdownHook] INFO  com.zaxxer.hikari.HikariDataSource - HikariPool-1 - Shutdown completed.
2026-07-19 22:34:28.828 [File Watcher] INFO  o.s.b.d.a.LocalDevToolsAutoConfiguration$RestartingClassPathChangeChangedEventListener - Restarting due to 1 class path change (0 additions, 0 deletions, 1 modification)
2026-07-19 22:34:28.835 [Thread-1] INFO  o.s.boot.tomcat.GracefulShutdown - Commencing graceful shutdown. Waiting for active requests to complete
2026-07-19 22:34:28.836 [tomcat-shutdown] INFO  o.a.coyote.http11.Http11NioProtocol - Pausing ProtocolHandler ["http-nio-8080"]
2026-07-19 22:34:28.841 [tomcat-shutdown] INFO  o.s.boot.tomcat.GracefulShutdown - Graceful shutdown complete
2026-07-19 22:34:28.842 [Thread-1] INFO  o.a.coyote.http11.Http11NioProtocol - Stopping ProtocolHandler ["http-nio-8080"]
2026-07-19 22:34:28.859 [Thread-1] INFO  o.s.o.j.LocalContainerEntityManagerFactoryBean - Closing JPA EntityManagerFactory for persistence unit 'default'
2026-07-19 22:34:28.861 [Thread-1] INFO  com.zaxxer.hikari.HikariDataSource - HikariPool-1 - Shutdown initiated...
2026-07-19 22:34:28.862 [Thread-1] INFO  com.zaxxer.hikari.HikariDataSource - HikariPool-1 - Shutdown completed.
2026-07-19 22:34:28.910 [restartedMain] INFO  c.e.hospital.HospitalApplication - Starting HospitalApplication using Java 25.0.1 with PID 8069 (/Users/ermapsh/Devlopement/project/backend/hospital/target/classes started by ermapsh in /Users/ermapsh/Devlopement/project/backend/hospital)
2026-07-19 22:34:28.910 [restartedMain] INFO  c.e.hospital.HospitalApplication - No active profile set, falling back to 1 default profile: "default"
2026-07-19 22:34:28.998 [restartedMain] INFO  o.s.d.r.c.RepositoryConfigurationDelegate - Bootstrapping Spring Data JPA repositories in DEFAULT mode.
2026-07-19 22:34:29.005 [restartedMain] INFO  o.s.d.r.c.RepositoryConfigurationDelegate - Finished Spring Data repository scanning in 6 ms. Found 8 JPA repository interfaces.
2026-07-19 22:34:29.055 [restartedMain] INFO  o.s.boot.tomcat.TomcatWebServer - Tomcat initialized with port 8080 (http)
2026-07-19 22:34:29.055 [restartedMain] INFO  o.a.coyote.http11.Http11NioProtocol - Initializing ProtocolHandler ["http-nio-8080"]
2026-07-19 22:34:29.055 [restartedMain] INFO  o.a.catalina.core.StandardService - Starting service [Tomcat]
2026-07-19 22:34:29.055 [restartedMain] INFO  o.a.catalina.core.StandardEngine - Starting Servlet engine: [Apache Tomcat/11.0.18]
2026-07-19 22:34:29.061 [restartedMain] INFO  o.s.b.w.c.s.WebApplicationContextInitializer - Root WebApplicationContext: initialization completed in 150 ms
2026-07-19 22:34:29.081 [restartedMain] INFO  com.zaxxer.hikari.HikariDataSource - HikariPool-2 - Starting...
2026-07-19 22:34:29.085 [restartedMain] INFO  com.zaxxer.hikari.pool.HikariPool - HikariPool-2 - Added connection org.postgresql.jdbc.PgConnection@306e01ea
2026-07-19 22:34:29.085 [restartedMain] INFO  com.zaxxer.hikari.HikariDataSource - HikariPool-2 - Start completed.
2026-07-19 22:34:29.091 [restartedMain] INFO  org.hibernate.orm.jpa - HHH008540: Processing PersistenceUnitInfo [name: default]
2026-07-19 22:34:29.098 [restartedMain] INFO  o.h.e.b.internal.EnversServiceImpl - Envers integration enabled? : true
2026-07-19 22:34:29.105 [restartedMain] INFO  o.s.o.j.p.SpringPersistenceUnitInfo - No LoadTimeWeaver setup: ignoring JPA class transformer
2026-07-19 22:34:29.110 [restartedMain] INFO  o.hibernate.orm.connections.pooling - HHH10001005: Database info:
	Database JDBC URL [jdbc:postgresql://localhost:5432/hospital]
	Database driver: PostgreSQL JDBC Driver
	Database dialect: PostgreSQLDialect
	Database version: 18.4
	Default catalog/schema: hospital/public
	Autocommit mode: undefined/unknown
	Isolation level: READ_COMMITTED [default READ_COMMITTED]
	JDBC fetch size: none
	Pool: DataSourceConnectionProvider
	Minimum pool size: undefined/unknown
	Maximum pool size: undefined/unknown
2026-07-19 22:34:29.123 [restartedMain] INFO  o.h.e.c.i.m.AuditMetadataGenerator - Adding properties for entity: com.ermapsh.hospital.entity.PostEntity
2026-07-19 22:34:29.180 [restartedMain] INFO  org.hibernate.orm.core - HHH000489: No JTA platform available (set 'hibernate.transaction.jta.platform' to enable JTA platform integration)
2026-07-19 22:34:29.207 [restartedMain] INFO  o.s.o.j.LocalContainerEntityManagerFactoryBean - Initialized JPA EntityManagerFactory for persistence unit 'default'
2026-07-19 22:34:29.244 [restartedMain] INFO  o.s.s.c.a.a.c.InitializeUserDetailsBeanManagerConfigurer$InitializeUserDetailsManagerConfigurer - Global AuthenticationManager configured with UserDetailsService bean with name userService
2026-07-19 22:34:29.284 [restartedMain] WARN  o.s.b.j.a.JpaBaseConfiguration$JpaWebConfiguration - spring.jpa.open-in-view is enabled by default. Therefore, database queries may be performed during view rendering. Explicitly configure spring.jpa.open-in-view to disable this warning
2026-07-19 22:34:29.341 [restartedMain] INFO  o.s.b.a.e.web.EndpointLinksResolver - Exposing 14 endpoints beneath base path '/actuator'
2026-07-19 22:34:29.347 [restartedMain] INFO  o.a.coyote.http11.Http11NioProtocol - Starting ProtocolHandler ["http-nio-8080"]
2026-07-19 22:34:29.348 [restartedMain] INFO  o.s.boot.tomcat.TomcatWebServer - Tomcat started on port 8080 (http) with context path '/'
2026-07-19 22:34:29.349 [restartedMain] INFO  c.e.hospital.HospitalApplication - Started HospitalApplication in 0.45 seconds (process running for 94.21)
2026-07-19 22:34:29.350 [restartedMain] INFO  o.s.b.d.a.ConditionEvaluationDeltaLoggingListener - Condition evaluation unchanged
2026-07-19 22:34:31.193 [main] INFO  c.e.h.service.UserServiceCacheTest - Starting UserServiceCacheTest using Java 25.0.1 with PID 8156 (started by ermapsh in /Users/ermapsh/Devlopement/project/backend/hospital)
2026-07-19 22:34:31.194 [main] INFO  c.e.h.service.UserServiceCacheTest - No active profile set, falling back to 1 default profile: "default"
2026-07-19 22:34:31.288 [background-preinit] INFO  o.h.validator.internal.util.Version - HV000001: Hibernate Validator 9.0.1.Final
2026-07-19 22:34:31.538 [main] INFO  o.s.d.r.c.RepositoryConfigurationDelegate - Bootstrapping Spring Data JPA repositories in DEFAULT mode.
2026-07-19 22:34:31.591 [main] INFO  o.s.d.r.c.RepositoryConfigurationDelegate - Finished Spring Data repository scanning in 50 ms. Found 8 JPA repository interfaces.
2026-07-19 22:34:31.809 [main] INFO  com.zaxxer.hikari.HikariDataSource - HikariPool-1 - Starting...
2026-07-19 22:34:31.845 [main] INFO  com.zaxxer.hikari.pool.HikariPool - HikariPool-1 - Added connection org.postgresql.jdbc.PgConnection@53016c98
2026-07-19 22:34:31.845 [main] INFO  com.zaxxer.hikari.HikariDataSource - HikariPool-1 - Start completed.
2026-07-19 22:34:31.878 [main] INFO  org.hibernate.orm.jpa - HHH008540: Processing PersistenceUnitInfo [name: default]
2026-07-19 22:34:31.897 [main] INFO  org.hibernate.orm.core - HHH000001: Hibernate ORM core version 7.2.7.Final
2026-07-19 22:34:31.980 [main] INFO  o.h.e.b.internal.EnversServiceImpl - Envers integration enabled? : true
2026-07-19 22:34:32.046 [main] INFO  o.s.o.j.p.SpringPersistenceUnitInfo - No LoadTimeWeaver setup: ignoring JPA class transformer
2026-07-19 22:34:32.080 [main] INFO  o.hibernate.orm.connections.pooling - HHH10001005: Database info:
	Database JDBC URL [jdbc:postgresql://localhost:5432/hospital]
	Database driver: PostgreSQL JDBC Driver
	Database dialect: PostgreSQLDialect
	Database version: 18.4
	Default catalog/schema: hospital/public
	Autocommit mode: undefined/unknown
	Isolation level: READ_COMMITTED [default READ_COMMITTED]
	JDBC fetch size: none
	Pool: DataSourceConnectionProvider
	Minimum pool size: undefined/unknown
	Maximum pool size: undefined/unknown
2026-07-19 22:34:32.169 [main] INFO  o.h.e.c.i.m.AuditMetadataGenerator - Adding properties for entity: com.ermapsh.hospital.entity.PostEntity
2026-07-19 22:34:32.566 [main] INFO  org.hibernate.orm.core - HHH000489: No JTA platform available (set 'hibernate.transaction.jta.platform' to enable JTA platform integration)
2026-07-19 22:34:32.611 [main] INFO  o.s.o.j.LocalContainerEntityManagerFactoryBean - Initialized JPA EntityManagerFactory for persistence unit 'default'
2026-07-19 22:34:32.769 [main] ERROR i.n.r.d.DnsServerAddressStreamProviders - Unable to load io.netty.resolver.dns.macos.MacOSDnsServerAddressStreamProvider, fallback to system defaults. This may result in incorrect DNS resolutions on MacOS. Check whether you have a dependency on 'io.netty:netty-resolver-dns-native-macos'. Use DEBUG level to see the full stack: java.lang.UnsatisfiedLinkError: failed to load the required native library
2026-07-19 22:34:32.865 [main] INFO  o.s.d.j.r.q.QueryEnhancerFactories - Hibernate is in classpath; If applicable, HQL parser will be used.
2026-07-19 22:34:32.954 [main] INFO  o.s.s.c.a.a.c.InitializeUserDetailsBeanManagerConfigurer$InitializeUserDetailsManagerConfigurer - Global AuthenticationManager configured with UserDetailsService bean with name userService
2026-07-19 22:34:33.311 [main] WARN  o.s.b.j.a.JpaBaseConfiguration$JpaWebConfiguration - spring.jpa.open-in-view is enabled by default. Therefore, database queries may be performed during view rendering. Explicitly configure spring.jpa.open-in-view to disable this warning
2026-07-19 22:34:33.579 [main] INFO  o.s.b.a.e.web.EndpointLinksResolver - Exposing 14 endpoints beneath base path '/actuator'
2026-07-19 22:34:33.605 [main] INFO  c.e.h.service.UserServiceCacheTest - Started UserServiceCacheTest in 2.542 seconds (process running for 2.974)
2026-07-19 22:34:36.034 [SpringApplicationShutdownHook] INFO  o.s.o.j.LocalContainerEntityManagerFactoryBean - Closing JPA EntityManagerFactory for persistence unit 'default'
2026-07-19 22:34:36.038 [SpringApplicationShutdownHook] INFO  com.zaxxer.hikari.HikariDataSource - HikariPool-1 - Shutdown initiated...
2026-07-19 22:34:36.042 [SpringApplicationShutdownHook] INFO  com.zaxxer.hikari.HikariDataSource - HikariPool-1 - Shutdown completed.
2026-07-19 22:37:11.722 [File Watcher] INFO  o.s.b.d.a.LocalDevToolsAutoConfiguration$RestartingClassPathChangeChangedEventListener - Restarting due to 1 class path change (0 additions, 1 deletion, 0 modifications)
2026-07-19 22:37:11.727 [Thread-15] INFO  o.s.boot.tomcat.GracefulShutdown - Commencing graceful shutdown. Waiting for active requests to complete
2026-07-19 22:37:11.727 [tomcat-shutdown] INFO  o.a.coyote.http11.Http11NioProtocol - Pausing ProtocolHandler ["http-nio-8080"]
2026-07-19 22:37:11.729 [tomcat-shutdown] INFO  o.s.boot.tomcat.GracefulShutdown - Graceful shutdown complete
2026-07-19 22:37:11.730 [Thread-15] INFO  o.a.coyote.http11.Http11NioProtocol - Stopping ProtocolHandler ["http-nio-8080"]
2026-07-19 22:37:11.736 [Thread-15] INFO  o.s.o.j.LocalContainerEntityManagerFactoryBean - Closing JPA EntityManagerFactory for persistence unit 'default'
2026-07-19 22:37:11.736 [Thread-15] INFO  com.zaxxer.hikari.HikariDataSource - HikariPool-2 - Shutdown initiated...
2026-07-19 22:37:11.737 [Thread-15] INFO  com.zaxxer.hikari.HikariDataSource - HikariPool-2 - Shutdown completed.
2026-07-19 22:37:11.808 [restartedMain] INFO  c.e.hospital.HospitalApplication - Starting HospitalApplication using Java 25.0.1 with PID 8069 (/Users/ermapsh/Devlopement/project/backend/hospital/target/classes started by ermapsh in /Users/ermapsh/Devlopement/project/backend/hospital)
2026-07-19 22:37:11.808 [restartedMain] INFO  c.e.hospital.HospitalApplication - No active profile set, falling back to 1 default profile: "default"
2026-07-19 22:37:11.900 [restartedMain] INFO  o.s.d.r.c.RepositoryConfigurationDelegate - Bootstrapping Spring Data JPA repositories in DEFAULT mode.
2026-07-19 22:37:11.909 [restartedMain] INFO  o.s.d.r.c.RepositoryConfigurationDelegate - Finished Spring Data repository scanning in 7 ms. Found 8 JPA repository interfaces.
2026-07-19 22:37:11.953 [restartedMain] INFO  o.s.boot.tomcat.TomcatWebServer - Tomcat initialized with port 8080 (http)
2026-07-19 22:37:11.953 [restartedMain] INFO  o.a.coyote.http11.Http11NioProtocol - Initializing ProtocolHandler ["http-nio-8080"]
2026-07-19 22:37:11.954 [restartedMain] INFO  o.a.catalina.core.StandardService - Starting service [Tomcat]
2026-07-19 22:37:11.954 [restartedMain] INFO  o.a.catalina.core.StandardEngine - Starting Servlet engine: [Apache Tomcat/11.0.18]
2026-07-19 22:37:11.960 [restartedMain] INFO  o.s.b.w.c.s.WebApplicationContextInitializer - Root WebApplicationContext: initialization completed in 152 ms
2026-07-19 22:37:11.969 [restartedMain] ERROR o.s.b.t.s.DeferredServletContainerInitializers - Error starting Tomcat context. Exception: org.springframework.beans.factory.BeanCreationException. Message: Error creating bean with name 'jwtAuthFilter': Resolution of declared constructors on bean Class [com.ermapsh.hospital.filter.JwtAuthFilter] from ClassLoader [org.springframework.boot.devtools.restart.classloader.RestartClassLoader@5e97a0e4] failed
2026-07-19 22:37:11.970 [restartedMain] INFO  o.a.catalina.core.StandardService - Stopping service [Tomcat]
2026-07-19 22:37:11.970 [restartedMain] WARN  o.s.b.w.s.s.c.AnnotationConfigServletWebServerApplicationContext - Exception encountered during context initialization - cancelling refresh attempt: org.springframework.context.ApplicationContextException: Unable to start web server
2026-07-19 22:37:11.972 [restartedMain] INFO  o.s.b.a.l.ConditionEvaluationReportLogger - 

Error starting ApplicationContext. To display the condition evaluation report re-run your application with 'debug' enabled.
2026-07-19 22:37:11.979 [restartedMain] ERROR o.s.boot.SpringApplication - Application run failed
org.springframework.context.ApplicationContextException: Unable to start web server
	at org.springframework.boot.web.server.servlet.context.ServletWebServerApplicationContext.onRefresh(ServletWebServerApplicationContext.java:167)
	at org.springframework.context.support.AbstractApplicationContext.refresh(AbstractApplicationContext.java:615)
	at org.springframework.boot.web.server.servlet.context.ServletWebServerApplicationContext.refresh(ServletWebServerApplicationContext.java:143)
	at org.springframework.boot.SpringApplication.refresh(SpringApplication.java:756)
	at org.springframework.boot.SpringApplication.refreshContext(SpringApplication.java:445)
	at org.springframework.boot.SpringApplication.run(SpringApplication.java:321)
	at org.springframework.boot.SpringApplication.run(SpringApplication.java:1365)
	at org.springframework.boot.SpringApplication.run(SpringApplication.java:1354)
	at com.ermapsh.hospital.HospitalApplication.main(HospitalApplication.java:11)
	at java.base/jdk.internal.reflect.DirectMethodHandleAccessor.invoke(DirectMethodHandleAccessor.java:104)
	at java.base/java.lang.reflect.Method.invoke(Method.java:565)
	at org.springframework.boot.devtools.restart.RestartLauncher.run(RestartLauncher.java:52)
Caused by: org.springframework.boot.web.server.WebServerException: Unable to start embedded Tomcat
	at org.springframework.boot.tomcat.TomcatWebServer.initialize(TomcatWebServer.java:150)
	at org.springframework.boot.tomcat.TomcatWebServer.<init>(TomcatWebServer.java:110)
	at org.springframework.boot.tomcat.servlet.TomcatServletWebServerFactory.getTomcatWebServer(TomcatServletWebServerFactory.java:408)
	at org.springframework.boot.tomcat.servlet.TomcatServletWebServerFactory.getWebServer(TomcatServletWebServerFactory.java:166)
	at org.springframework.boot.web.server.servlet.context.ServletWebServerApplicationContext.createWebServer(ServletWebServerApplicationContext.java:190)
	at org.springframework.boot.web.server.servlet.context.ServletWebServerApplicationContext.onRefresh(ServletWebServerApplicationContext.java:164)
	... 11 common frames omitted
Caused by: org.springframework.beans.factory.BeanCreationException: Error creating bean with name 'jwtAuthFilter': Resolution of declared constructors on bean Class [com.ermapsh.hospital.filter.JwtAuthFilter] from ClassLoader [org.springframework.boot.devtools.restart.classloader.RestartClassLoader@5e97a0e4] failed
	at org.springframework.beans.factory.annotation.AutowiredAnnotationBeanPostProcessor.determineCandidateConstructors(AutowiredAnnotationBeanPostProcessor.java:368)
	at org.springframework.beans.factory.support.AbstractAutowireCapableBeanFactory.determineConstructorsFromBeanPostProcessors(AbstractAutowireCapableBeanFactory.java:1321)
	at org.springframework.beans.factory.support.AbstractAutowireCapableBeanFactory.createBeanInstance(AbstractAutowireCapableBeanFactory.java:1218)
	at org.springframework.beans.factory.support.AbstractAutowireCapableBeanFactory.doCreateBean(AbstractAutowireCapableBeanFactory.java:565)
	at org.springframework.beans.factory.support.AbstractAutowireCapableBeanFactory.createBean(AbstractAutowireCapableBeanFactory.java:525)
	at org.springframework.beans.factory.support.AbstractBeanFactory.lambda$doGetBean$0(AbstractBeanFactory.java:333)
	at org.springframework.beans.factory.support.DefaultSingletonBeanRegistry.getSingleton(DefaultSingletonBeanRegistry.java:371)
	at org.springframework.beans.factory.support.AbstractBeanFactory.doGetBean(AbstractBeanFactory.java:331)
	at org.springframework.beans.factory.support.AbstractBeanFactory.getBean(AbstractBeanFactory.java:201)
	at org.springframework.boot.web.servlet.ServletContextInitializerBeans.getOrderedBeansOfType(ServletContextInitializerBeans.java:231)
	at org.springframework.boot.web.servlet.ServletContextInitializerBeans.addAsRegistrationBean(ServletContextInitializerBeans.java:185)
	at org.springframework.boot.web.servlet.ServletContextInitializerBeans.addAsRegistrationBean(ServletContextInitializerBeans.java:180)
	at org.springframework.boot.web.servlet.ServletContextInitializerBeans.addAdaptableBeans(ServletContextInitializerBeans.java:165)
	at org.springframework.boot.web.servlet.ServletContextInitializerBeans.<init>(ServletContextInitializerBeans.java:97)
	at org.springframework.boot.web.context.servlet.WebApplicationContextInitializer.initialize(WebApplicationContextInitializer.java:53)
	at org.springframework.boot.tomcat.servlet.DeferredServletContainerInitializers.onStartup(DeferredServletContainerInitializers.java:55)
	at org.apache.catalina.core.StandardContext.startInternal(StandardContext.java:4416)
	at org.apache.catalina.util.LifecycleBase.start(LifecycleBase.java:164)
	at org.apache.catalina.core.ContainerBase$StartChild.call(ContainerBase.java:1162)
	at org.apache.catalina.core.ContainerBase$StartChild.call(ContainerBase.java:1158)
	at java.base/java.util.concurrent.FutureTask.run(FutureTask.java:328)
	at org.apache.tomcat.util.threads.InlineExecutorService.execute(InlineExecutorService.java:81)
	at java.base/java.util.concurrent.AbstractExecutorService.submit(AbstractExecutorService.java:149)
	at org.apache.catalina.core.ContainerBase.startInternal(ContainerBase.java:714)
	at org.apache.catalina.core.StandardHost.startInternal(StandardHost.java:780)
	at org.apache.catalina.util.LifecycleBase.start(LifecycleBase.java:164)
	at org.apache.catalina.core.ContainerBase$StartChild.call(ContainerBase.java:1162)
	at org.apache.catalina.core.ContainerBase$StartChild.call(ContainerBase.java:1158)
	at java.base/java.util.concurrent.FutureTask.run(FutureTask.java:328)
	at org.apache.tomcat.util.threads.InlineExecutorService.execute(InlineExecutorService.java:81)
	at java.base/java.util.concurrent.AbstractExecutorService.submit(AbstractExecutorService.java:149)
	at org.apache.catalina.core.ContainerBase.startInternal(ContainerBase.java:714)
	at org.apache.catalina.core.StandardEngine.startInternal(StandardEngine.java:201)
	at org.apache.catalina.util.LifecycleBase.start(LifecycleBase.java:164)
	at org.apache.catalina.core.StandardService.startInternal(StandardService.java:410)
	at org.apache.catalina.util.LifecycleBase.start(LifecycleBase.java:164)
	at org.apache.catalina.core.StandardServer.startInternal(StandardServer.java:864)
	at org.apache.catalina.util.LifecycleBase.start(LifecycleBase.java:164)
	at org.apache.catalina.startup.Tomcat.start(Tomcat.java:435)
	at org.springframework.boot.tomcat.TomcatWebServer.initialize(TomcatWebServer.java:131)
	... 16 common frames omitted
Caused by: java.lang.NoClassDefFoundError: com/ermapsh/hospital/service/UserService
	at java.base/java.lang.Class.getDeclaredConstructors0(Native Method)
	at java.base/java.lang.Class.privateGetDeclaredConstructors(Class.java:2985)
	at java.base/java.lang.Class.getDeclaredConstructors(Class.java:2354)
	at org.springframework.beans.factory.annotation.AutowiredAnnotationBeanPostProcessor.determineCandidateConstructors(AutowiredAnnotationBeanPostProcessor.java:363)
	... 55 common frames omitted
Caused by: java.lang.ClassNotFoundException: com.ermapsh.hospital.service.UserService
	at java.base/jdk.internal.loader.BuiltinClassLoader.loadClass(BuiltinClassLoader.java:580)
	at java.base/java.lang.ClassLoader.loadClass(ClassLoader.java:490)
	at java.base/java.lang.Class.forName0(Native Method)
	at java.base/java.lang.Class.forName(Class.java:547)
	at org.springframework.boot.devtools.restart.classloader.RestartClassLoader.loadClass(RestartClassLoader.java:123)
	at java.base/java.lang.ClassLoader.loadClass(ClassLoader.java:490)
	... 59 common frames omitted
2026-07-19 22:37:29.616 [restartedMain] INFO  c.e.hospital.HospitalApplication - Starting HospitalApplication using Java 25.0.1 with PID 8069 (/Users/ermapsh/Devlopement/project/backend/hospital/target/classes started by ermapsh in /Users/ermapsh/Devlopement/project/backend/hospital)
2026-07-19 22:37:29.616 [restartedMain] INFO  c.e.hospital.HospitalApplication - No active profile set, falling back to 1 default profile: "default"
2026-07-19 22:37:29.694 [restartedMain] INFO  o.s.d.r.c.RepositoryConfigurationDelegate - Bootstrapping Spring Data JPA repositories in DEFAULT mode.
2026-07-19 22:37:29.700 [restartedMain] INFO  o.s.d.r.c.RepositoryConfigurationDelegate - Finished Spring Data repository scanning in 5 ms. Found 8 JPA repository interfaces.
2026-07-19 22:37:29.736 [restartedMain] INFO  o.s.boot.tomcat.TomcatWebServer - Tomcat initialized with port 8080 (http)
2026-07-19 22:37:29.736 [restartedMain] INFO  o.a.coyote.http11.Http11NioProtocol - Initializing ProtocolHandler ["http-nio-8080"]
2026-07-19 22:37:29.736 [restartedMain] INFO  o.a.catalina.core.StandardService - Starting service [Tomcat]
2026-07-19 22:37:29.737 [restartedMain] INFO  o.a.catalina.core.StandardEngine - Starting Servlet engine: [Apache Tomcat/11.0.18]
2026-07-19 22:37:29.742 [restartedMain] INFO  o.s.b.w.c.s.WebApplicationContextInitializer - Root WebApplicationContext: initialization completed in 124 ms
2026-07-19 22:37:29.752 [restartedMain] INFO  com.zaxxer.hikari.HikariDataSource - HikariPool-3 - Starting...
2026-07-19 22:37:29.760 [restartedMain] INFO  com.zaxxer.hikari.pool.HikariPool - HikariPool-3 - Added connection org.postgresql.jdbc.PgConnection@256dd33f
2026-07-19 22:37:29.760 [restartedMain] INFO  com.zaxxer.hikari.HikariDataSource - HikariPool-3 - Start completed.
2026-07-19 22:37:29.763 [restartedMain] INFO  org.hibernate.orm.jpa - HHH008540: Processing PersistenceUnitInfo [name: default]
2026-07-19 22:37:29.770 [restartedMain] INFO  o.h.e.b.internal.EnversServiceImpl - Envers integration enabled? : true
2026-07-19 22:37:29.772 [restartedMain] INFO  o.s.o.j.p.SpringPersistenceUnitInfo - No LoadTimeWeaver setup: ignoring JPA class transformer
2026-07-19 22:37:29.780 [restartedMain] INFO  o.hibernate.orm.connections.pooling - HHH10001005: Database info:
	Database JDBC URL [jdbc:postgresql://localhost:5432/hospital]
	Database driver: PostgreSQL JDBC Driver
	Database dialect: PostgreSQLDialect
	Database version: 18.4
	Default catalog/schema: hospital/public
	Autocommit mode: undefined/unknown
	Isolation level: READ_COMMITTED [default READ_COMMITTED]
	JDBC fetch size: none
	Pool: DataSourceConnectionProvider
	Minimum pool size: undefined/unknown
	Maximum pool size: undefined/unknown
2026-07-19 22:37:29.790 [restartedMain] INFO  o.h.e.c.i.m.AuditMetadataGenerator - Adding properties for entity: com.ermapsh.hospital.entity.PostEntity
2026-07-19 22:37:29.830 [restartedMain] INFO  org.hibernate.orm.core - HHH000489: No JTA platform available (set 'hibernate.transaction.jta.platform' to enable JTA platform integration)
2026-07-19 22:37:29.860 [restartedMain] INFO  o.s.o.j.LocalContainerEntityManagerFactoryBean - Initialized JPA EntityManagerFactory for persistence unit 'default'
2026-07-19 22:37:29.891 [restartedMain] INFO  o.s.s.c.a.a.c.InitializeUserDetailsBeanManagerConfigurer$InitializeUserDetailsManagerConfigurer - Global AuthenticationManager configured with UserDetailsService bean with name userService
2026-07-19 22:37:29.926 [restartedMain] WARN  o.s.b.j.a.JpaBaseConfiguration$JpaWebConfiguration - spring.jpa.open-in-view is enabled by default. Therefore, database queries may be performed during view rendering. Explicitly configure spring.jpa.open-in-view to disable this warning
2026-07-19 22:37:29.968 [restartedMain] INFO  o.s.b.a.e.web.EndpointLinksResolver - Exposing 14 endpoints beneath base path '/actuator'
2026-07-19 22:37:29.973 [restartedMain] INFO  o.a.coyote.http11.Http11NioProtocol - Starting ProtocolHandler ["http-nio-8080"]
2026-07-19 22:37:29.973 [restartedMain] INFO  o.s.boot.tomcat.TomcatWebServer - Tomcat started on port 8080 (http) with context path '/'
2026-07-19 22:37:29.975 [restartedMain] INFO  c.e.hospital.HospitalApplication - Started HospitalApplication in 0.385 seconds (process running for 274.834)
2026-07-19 22:37:29.975 [restartedMain] INFO  o.s.b.d.a.ConditionEvaluationDeltaLoggingListener - Condition evaluation unchanged
2026-07-19 22:37:38.445 [File Watcher] INFO  o.s.b.d.a.LocalDevToolsAutoConfiguration$RestartingClassPathChangeChangedEventListener - Restarting due to 1 class path change (0 additions, 0 deletions, 1 modification)
2026-07-19 22:37:38.446 [Thread-29] INFO  o.s.boot.tomcat.GracefulShutdown - Commencing graceful shutdown. Waiting for active requests to complete
2026-07-19 22:37:38.446 [tomcat-shutdown] INFO  o.a.coyote.http11.Http11NioProtocol - Pausing ProtocolHandler ["http-nio-8080"]
2026-07-19 22:37:38.447 [tomcat-shutdown] INFO  o.s.boot.tomcat.GracefulShutdown - Graceful shutdown complete
2026-07-19 22:37:38.447 [Thread-29] INFO  o.a.coyote.http11.Http11NioProtocol - Stopping ProtocolHandler ["http-nio-8080"]
2026-07-19 22:37:38.450 [Thread-29] INFO  o.s.o.j.LocalContainerEntityManagerFactoryBean - Closing JPA EntityManagerFactory for persistence unit 'default'
2026-07-19 22:37:38.450 [Thread-29] INFO  com.zaxxer.hikari.HikariDataSource - HikariPool-3 - Shutdown initiated...
2026-07-19 22:37:38.451 [Thread-29] INFO  com.zaxxer.hikari.HikariDataSource - HikariPool-3 - Shutdown completed.
2026-07-19 22:37:38.502 [restartedMain] INFO  c.e.hospital.HospitalApplication - Starting HospitalApplication using Java 25.0.1 with PID 8069 (/Users/ermapsh/Devlopement/project/backend/hospital/target/classes started by ermapsh in /Users/ermapsh/Devlopement/project/backend/hospital)
2026-07-19 22:37:38.503 [restartedMain] INFO  c.e.hospital.HospitalApplication - No active profile set, falling back to 1 default profile: "default"
2026-07-19 22:37:38.588 [restartedMain] INFO  o.s.d.r.c.RepositoryConfigurationDelegate - Bootstrapping Spring Data JPA repositories in DEFAULT mode.
2026-07-19 22:37:38.595 [restartedMain] INFO  o.s.d.r.c.RepositoryConfigurationDelegate - Finished Spring Data repository scanning in 6 ms. Found 8 JPA repository interfaces.
2026-07-19 22:37:38.648 [restartedMain] INFO  o.s.boot.tomcat.TomcatWebServer - Tomcat initialized with port 8080 (http)
2026-07-19 22:37:38.649 [restartedMain] INFO  o.a.coyote.http11.Http11NioProtocol - Initializing ProtocolHandler ["http-nio-8080"]
2026-07-19 22:37:38.649 [restartedMain] INFO  o.a.catalina.core.StandardService - Starting service [Tomcat]
2026-07-19 22:37:38.649 [restartedMain] INFO  o.a.catalina.core.StandardEngine - Starting Servlet engine: [Apache Tomcat/11.0.18]
2026-07-19 22:37:38.660 [restartedMain] INFO  o.s.b.w.c.s.WebApplicationContextInitializer - Root WebApplicationContext: initialization completed in 155 ms
2026-07-19 22:37:38.674 [restartedMain] INFO  com.zaxxer.hikari.HikariDataSource - HikariPool-4 - Starting...
2026-07-19 22:37:38.693 [restartedMain] INFO  com.zaxxer.hikari.pool.HikariPool - HikariPool-4 - Added connection org.postgresql.jdbc.PgConnection@58de751e
2026-07-19 22:37:38.693 [restartedMain] INFO  com.zaxxer.hikari.HikariDataSource - HikariPool-4 - Start completed.
2026-07-19 22:37:38.707 [restartedMain] INFO  org.hibernate.orm.jpa - HHH008540: Processing PersistenceUnitInfo [name: default]
2026-07-19 22:37:38.720 [restartedMain] INFO  o.h.e.b.internal.EnversServiceImpl - Envers integration enabled? : true
2026-07-19 22:37:38.722 [restartedMain] INFO  o.s.o.j.p.SpringPersistenceUnitInfo - No LoadTimeWeaver setup: ignoring JPA class transformer
2026-07-19 22:37:38.727 [restartedMain] INFO  o.hibernate.orm.connections.pooling - HHH10001005: Database info:
	Database JDBC URL [jdbc:postgresql://localhost:5432/hospital]
	Database driver: PostgreSQL JDBC Driver
	Database dialect: PostgreSQLDialect
	Database version: 18.4
	Default catalog/schema: hospital/public
	Autocommit mode: undefined/unknown
	Isolation level: READ_COMMITTED [default READ_COMMITTED]
	JDBC fetch size: none
	Pool: DataSourceConnectionProvider
	Minimum pool size: undefined/unknown
	Maximum pool size: undefined/unknown
2026-07-19 22:37:38.746 [restartedMain] INFO  o.h.e.c.i.m.AuditMetadataGenerator - Adding properties for entity: com.ermapsh.hospital.entity.PostEntity
2026-07-19 22:37:38.803 [restartedMain] INFO  org.hibernate.orm.core - HHH000489: No JTA platform available (set 'hibernate.transaction.jta.platform' to enable JTA platform integration)
2026-07-19 22:37:38.831 [restartedMain] INFO  o.s.o.j.LocalContainerEntityManagerFactoryBean - Initialized JPA EntityManagerFactory for persistence unit 'default'
2026-07-19 22:37:38.879 [restartedMain] INFO  o.s.s.c.a.a.c.InitializeUserDetailsBeanManagerConfigurer$InitializeUserDetailsManagerConfigurer - Global AuthenticationManager configured with UserDetailsService bean with name userService
2026-07-19 22:37:38.930 [restartedMain] WARN  o.s.b.j.a.JpaBaseConfiguration$JpaWebConfiguration - spring.jpa.open-in-view is enabled by default. Therefore, database queries may be performed during view rendering. Explicitly configure spring.jpa.open-in-view to disable this warning
2026-07-19 22:37:39.006 [restartedMain] INFO  o.s.b.a.e.web.EndpointLinksResolver - Exposing 14 endpoints beneath base path '/actuator'
2026-07-19 22:37:39.014 [restartedMain] INFO  o.a.coyote.http11.Http11NioProtocol - Starting ProtocolHandler ["http-nio-8080"]
2026-07-19 22:37:39.014 [restartedMain] INFO  o.s.boot.tomcat.TomcatWebServer - Tomcat started on port 8080 (http) with context path '/'
2026-07-19 22:37:39.016 [restartedMain] INFO  c.e.hospital.HospitalApplication - Started HospitalApplication in 0.528 seconds (process running for 283.875)
2026-07-19 22:37:39.016 [restartedMain] INFO  o.s.b.d.a.ConditionEvaluationDeltaLoggingListener - Condition evaluation unchanged
2026-07-19 22:37:39.182 [main] INFO  c.e.h.service.UserServiceCacheTest - Starting UserServiceCacheTest using Java 25.0.1 with PID 8253 (started by ermapsh in /Users/ermapsh/Devlopement/project/backend/hospital)
2026-07-19 22:37:39.182 [main] INFO  c.e.h.service.UserServiceCacheTest - No active profile set, falling back to 1 default profile: "default"
2026-07-19 22:37:39.277 [background-preinit] INFO  o.h.validator.internal.util.Version - HV000001: Hibernate Validator 9.0.1.Final
2026-07-19 22:37:39.544 [main] INFO  o.s.d.r.c.RepositoryConfigurationDelegate - Bootstrapping Spring Data JPA repositories in DEFAULT mode.
2026-07-19 22:37:39.603 [main] INFO  o.s.d.r.c.RepositoryConfigurationDelegate - Finished Spring Data repository scanning in 55 ms. Found 8 JPA repository interfaces.
2026-07-19 22:37:39.820 [main] INFO  com.zaxxer.hikari.HikariDataSource - HikariPool-1 - Starting...
2026-07-19 22:37:39.860 [main] INFO  com.zaxxer.hikari.pool.HikariPool - HikariPool-1 - Added connection org.postgresql.jdbc.PgConnection@6c2e7591
2026-07-19 22:37:39.860 [main] INFO  com.zaxxer.hikari.HikariDataSource - HikariPool-1 - Start completed.
2026-07-19 22:37:39.900 [main] INFO  org.hibernate.orm.jpa - HHH008540: Processing PersistenceUnitInfo [name: default]
2026-07-19 22:37:39.926 [main] INFO  org.hibernate.orm.core - HHH000001: Hibernate ORM core version 7.2.7.Final
2026-07-19 22:37:40.021 [main] INFO  o.h.e.b.internal.EnversServiceImpl - Envers integration enabled? : true
2026-07-19 22:37:40.099 [main] INFO  o.s.o.j.p.SpringPersistenceUnitInfo - No LoadTimeWeaver setup: ignoring JPA class transformer
2026-07-19 22:37:40.133 [main] INFO  o.hibernate.orm.connections.pooling - HHH10001005: Database info:
	Database JDBC URL [jdbc:postgresql://localhost:5432/hospital]
	Database driver: PostgreSQL JDBC Driver
	Database dialect: PostgreSQLDialect
	Database version: 18.4
	Default catalog/schema: hospital/public
	Autocommit mode: undefined/unknown
	Isolation level: READ_COMMITTED [default READ_COMMITTED]
	JDBC fetch size: none
	Pool: DataSourceConnectionProvider
	Minimum pool size: undefined/unknown
	Maximum pool size: undefined/unknown
2026-07-19 22:37:40.228 [main] INFO  o.h.e.c.i.m.AuditMetadataGenerator - Adding properties for entity: com.ermapsh.hospital.entity.PostEntity
2026-07-19 22:37:40.624 [main] INFO  org.hibernate.orm.core - HHH000489: No JTA platform available (set 'hibernate.transaction.jta.platform' to enable JTA platform integration)
2026-07-19 22:37:40.665 [main] INFO  o.s.o.j.LocalContainerEntityManagerFactoryBean - Initialized JPA EntityManagerFactory for persistence unit 'default'
2026-07-19 22:37:40.824 [main] ERROR i.n.r.d.DnsServerAddressStreamProviders - Unable to load io.netty.resolver.dns.macos.MacOSDnsServerAddressStreamProvider, fallback to system defaults. This may result in incorrect DNS resolutions on MacOS. Check whether you have a dependency on 'io.netty:netty-resolver-dns-native-macos'. Use DEBUG level to see the full stack: java.lang.UnsatisfiedLinkError: failed to load the required native library
2026-07-19 22:37:40.918 [main] INFO  o.s.d.j.r.q.QueryEnhancerFactories - Hibernate is in classpath; If applicable, HQL parser will be used.
2026-07-19 22:37:41.008 [main] INFO  o.s.s.c.a.a.c.InitializeUserDetailsBeanManagerConfigurer$InitializeUserDetailsManagerConfigurer - Global AuthenticationManager configured with UserDetailsService bean with name userService
2026-07-19 22:37:41.363 [main] WARN  o.s.b.j.a.JpaBaseConfiguration$JpaWebConfiguration - spring.jpa.open-in-view is enabled by default. Therefore, database queries may be performed during view rendering. Explicitly configure spring.jpa.open-in-view to disable this warning
2026-07-19 22:37:41.650 [main] INFO  o.s.b.a.e.web.EndpointLinksResolver - Exposing 14 endpoints beneath base path '/actuator'
2026-07-19 22:37:41.677 [main] INFO  c.e.h.service.UserServiceCacheTest - Started UserServiceCacheTest in 2.632 seconds (process running for 3.261)
2026-07-19 22:37:44.096 [SpringApplicationShutdownHook] INFO  o.s.o.j.LocalContainerEntityManagerFactoryBean - Closing JPA EntityManagerFactory for persistence unit 'default'
2026-07-19 22:37:44.100 [SpringApplicationShutdownHook] INFO  com.zaxxer.hikari.HikariDataSource - HikariPool-1 - Shutdown initiated...
2026-07-19 22:37:44.105 [SpringApplicationShutdownHook] INFO  com.zaxxer.hikari.HikariDataSource - HikariPool-1 - Shutdown completed.
2026-07-19 22:38:04.704 [main] INFO  c.e.h.service.UserServiceCacheTest - Starting UserServiceCacheTest using Java 25.0.1 with PID 8283 (started by ermapsh in /Users/ermapsh/Devlopement/project/backend/hospital)
2026-07-19 22:38:04.705 [main] INFO  c.e.h.service.UserServiceCacheTest - No active profile set, falling back to 1 default profile: "default"
2026-07-19 22:38:04.799 [background-preinit] INFO  o.h.validator.internal.util.Version - HV000001: Hibernate Validator 9.0.1.Final
2026-07-19 22:38:05.054 [main] INFO  o.s.d.r.c.RepositoryConfigurationDelegate - Bootstrapping Spring Data JPA repositories in DEFAULT mode.
2026-07-19 22:38:05.108 [main] INFO  o.s.d.r.c.RepositoryConfigurationDelegate - Finished Spring Data repository scanning in 51 ms. Found 8 JPA repository interfaces.
2026-07-19 22:38:05.309 [main] INFO  com.zaxxer.hikari.HikariDataSource - HikariPool-1 - Starting...
2026-07-19 22:38:05.345 [main] INFO  com.zaxxer.hikari.pool.HikariPool - HikariPool-1 - Added connection org.postgresql.jdbc.PgConnection@7bf94e91
2026-07-19 22:38:05.346 [main] INFO  com.zaxxer.hikari.HikariDataSource - HikariPool-1 - Start completed.
2026-07-19 22:38:05.378 [main] INFO  org.hibernate.orm.jpa - HHH008540: Processing PersistenceUnitInfo [name: default]
2026-07-19 22:38:05.399 [main] INFO  org.hibernate.orm.core - HHH000001: Hibernate ORM core version 7.2.7.Final
2026-07-19 22:38:05.485 [main] INFO  o.h.e.b.internal.EnversServiceImpl - Envers integration enabled? : true
2026-07-19 22:38:05.556 [main] INFO  o.s.o.j.p.SpringPersistenceUnitInfo - No LoadTimeWeaver setup: ignoring JPA class transformer
2026-07-19 22:38:05.589 [main] INFO  o.hibernate.orm.connections.pooling - HHH10001005: Database info:
	Database JDBC URL [jdbc:postgresql://localhost:5432/hospital]
	Database driver: PostgreSQL JDBC Driver
	Database dialect: PostgreSQLDialect
	Database version: 18.4
	Default catalog/schema: hospital/public
	Autocommit mode: undefined/unknown
	Isolation level: READ_COMMITTED [default READ_COMMITTED]
	JDBC fetch size: none
	Pool: DataSourceConnectionProvider
	Minimum pool size: undefined/unknown
	Maximum pool size: undefined/unknown
2026-07-19 22:38:05.668 [main] INFO  o.h.e.c.i.m.AuditMetadataGenerator - Adding properties for entity: com.ermapsh.hospital.entity.PostEntity
2026-07-19 22:38:06.043 [main] INFO  org.hibernate.orm.core - HHH000489: No JTA platform available (set 'hibernate.transaction.jta.platform' to enable JTA platform integration)
2026-07-19 22:38:06.088 [main] INFO  o.s.o.j.LocalContainerEntityManagerFactoryBean - Initialized JPA EntityManagerFactory for persistence unit 'default'
2026-07-19 22:38:06.239 [main] ERROR i.n.r.d.DnsServerAddressStreamProviders - Unable to load io.netty.resolver.dns.macos.MacOSDnsServerAddressStreamProvider, fallback to system defaults. This may result in incorrect DNS resolutions on MacOS. Check whether you have a dependency on 'io.netty:netty-resolver-dns-native-macos'. Use DEBUG level to see the full stack: java.lang.UnsatisfiedLinkError: failed to load the required native library
2026-07-19 22:38:06.339 [main] INFO  o.s.d.j.r.q.QueryEnhancerFactories - Hibernate is in classpath; If applicable, HQL parser will be used.
2026-07-19 22:38:06.426 [main] INFO  o.s.s.c.a.a.c.InitializeUserDetailsBeanManagerConfigurer$InitializeUserDetailsManagerConfigurer - Global AuthenticationManager configured with UserDetailsService bean with name userService
2026-07-19 22:38:06.759 [main] WARN  o.s.b.j.a.JpaBaseConfiguration$JpaWebConfiguration - spring.jpa.open-in-view is enabled by default. Therefore, database queries may be performed during view rendering. Explicitly configure spring.jpa.open-in-view to disable this warning
2026-07-19 22:38:07.033 [main] INFO  o.s.b.a.e.web.EndpointLinksResolver - Exposing 14 endpoints beneath base path '/actuator'
2026-07-19 22:38:07.058 [main] INFO  c.e.h.service.UserServiceCacheTest - Started UserServiceCacheTest in 2.493 seconds (process running for 2.952)
2026-07-19 22:38:09.483 [SpringApplicationShutdownHook] INFO  o.s.o.j.LocalContainerEntityManagerFactoryBean - Closing JPA EntityManagerFactory for persistence unit 'default'
2026-07-19 22:38:09.488 [SpringApplicationShutdownHook] INFO  com.zaxxer.hikari.HikariDataSource - HikariPool-1 - Shutdown initiated...
2026-07-19 22:38:09.491 [SpringApplicationShutdownHook] INFO  com.zaxxer.hikari.HikariDataSource - HikariPool-1 - Shutdown completed.
2026-07-19 22:38:38.346 [main] INFO  c.e.h.service.UserServiceCacheTest - Starting UserServiceCacheTest using Java 25.0.1 with PID 8311 (started by ermapsh in /Users/ermapsh/Devlopement/project/backend/hospital)
2026-07-19 22:38:38.347 [main] INFO  c.e.h.service.UserServiceCacheTest - No active profile set, falling back to 1 default profile: "default"
2026-07-19 22:38:38.441 [background-preinit] INFO  o.h.validator.internal.util.Version - HV000001: Hibernate Validator 9.0.1.Final
2026-07-19 22:38:38.709 [main] INFO  o.s.d.r.c.RepositoryConfigurationDelegate - Bootstrapping Spring Data JPA repositories in DEFAULT mode.
2026-07-19 22:38:38.763 [main] INFO  o.s.d.r.c.RepositoryConfigurationDelegate - Finished Spring Data repository scanning in 51 ms. Found 8 JPA repository interfaces.
2026-07-19 22:38:38.988 [main] INFO  com.zaxxer.hikari.HikariDataSource - HikariPool-1 - Starting...
2026-07-19 22:38:39.025 [main] INFO  com.zaxxer.hikari.pool.HikariPool - HikariPool-1 - Added connection org.postgresql.jdbc.PgConnection@5e83298e
2026-07-19 22:38:39.025 [main] INFO  com.zaxxer.hikari.HikariDataSource - HikariPool-1 - Start completed.
2026-07-19 22:38:39.058 [main] INFO  org.hibernate.orm.jpa - HHH008540: Processing PersistenceUnitInfo [name: default]
2026-07-19 22:38:39.080 [main] INFO  org.hibernate.orm.core - HHH000001: Hibernate ORM core version 7.2.7.Final
2026-07-19 22:38:39.167 [main] INFO  o.h.e.b.internal.EnversServiceImpl - Envers integration enabled? : true
2026-07-19 22:38:39.247 [main] INFO  o.s.o.j.p.SpringPersistenceUnitInfo - No LoadTimeWeaver setup: ignoring JPA class transformer
2026-07-19 22:38:39.285 [main] INFO  o.hibernate.orm.connections.pooling - HHH10001005: Database info:
	Database JDBC URL [jdbc:postgresql://localhost:5432/hospital]
	Database driver: PostgreSQL JDBC Driver
	Database dialect: PostgreSQLDialect
	Database version: 18.4
	Default catalog/schema: hospital/public
	Autocommit mode: undefined/unknown
	Isolation level: READ_COMMITTED [default READ_COMMITTED]
	JDBC fetch size: none
	Pool: DataSourceConnectionProvider
	Minimum pool size: undefined/unknown
	Maximum pool size: undefined/unknown
2026-07-19 22:38:39.402 [main] INFO  o.h.e.c.i.m.AuditMetadataGenerator - Adding properties for entity: com.ermapsh.hospital.entity.PostEntity
2026-07-19 22:38:39.804 [main] INFO  org.hibernate.orm.core - HHH000489: No JTA platform available (set 'hibernate.transaction.jta.platform' to enable JTA platform integration)
2026-07-19 22:38:39.854 [main] INFO  o.s.o.j.LocalContainerEntityManagerFactoryBean - Initialized JPA EntityManagerFactory for persistence unit 'default'
2026-07-19 22:38:39.998 [main] ERROR i.n.r.d.DnsServerAddressStreamProviders - Unable to load io.netty.resolver.dns.macos.MacOSDnsServerAddressStreamProvider, fallback to system defaults. This may result in incorrect DNS resolutions on MacOS. Check whether you have a dependency on 'io.netty:netty-resolver-dns-native-macos'. Use DEBUG level to see the full stack: java.lang.UnsatisfiedLinkError: failed to load the required native library
2026-07-19 22:38:40.087 [main] INFO  o.s.d.j.r.q.QueryEnhancerFactories - Hibernate is in classpath; If applicable, HQL parser will be used.
2026-07-19 22:38:40.182 [main] INFO  o.s.s.c.a.a.c.InitializeUserDetailsBeanManagerConfigurer$InitializeUserDetailsManagerConfigurer - Global AuthenticationManager configured with UserDetailsService bean with name userService
2026-07-19 22:38:40.595 [main] WARN  o.s.b.j.a.JpaBaseConfiguration$JpaWebConfiguration - spring.jpa.open-in-view is enabled by default. Therefore, database queries may be performed during view rendering. Explicitly configure spring.jpa.open-in-view to disable this warning
2026-07-19 22:38:40.931 [main] INFO  o.s.b.a.e.web.EndpointLinksResolver - Exposing 14 endpoints beneath base path '/actuator'
2026-07-19 22:38:40.965 [main] INFO  c.e.h.service.UserServiceCacheTest - Started UserServiceCacheTest in 2.75 seconds (process running for 3.189)
2026-07-19 22:38:41.286 [main] INFO  o.j.p.l.core.DiscoveryIssueNotifier - TestEngine with ID 'junit-jupiter' encountered 3 non-critical issues during test discovery:

(1) [INFO] Ineffective @Order annotation on method 'public void com.ermapsh.hospital.service.UserServiceCacheTest.updateByEmail()'. It will not be applied because MethodOrderer.OrderAnnotation is not in use. Note that the annotation may be either directly present or meta-present on the method.
    Source: MethodSource [className = 'com.ermapsh.hospital.service.UserServiceCacheTest', methodName = 'updateByEmail', methodParameterTypes = '']
            at com.ermapsh.hospital.service.UserServiceCacheTest.updateByEmail(SourceFile:0)

(2) [INFO] Ineffective @Order annotation on method 'public void com.ermapsh.hospital.service.UserServiceCacheTest.getUsrByEmail()'. It will not be applied because MethodOrderer.OrderAnnotation is not in use. Note that the annotation may be either directly present or meta-present on the method.
    Source: MethodSource [className = 'com.ermapsh.hospital.service.UserServiceCacheTest', methodName = 'getUsrByEmail', methodParameterTypes = '']
            at com.ermapsh.hospital.service.UserServiceCacheTest.getUsrByEmail(SourceFile:0)

(3) [INFO] Ineffective @Order annotation on method 'public void com.ermapsh.hospital.service.UserServiceCacheTest.getUsrByEmail2()'. It will not be applied because MethodOrderer.OrderAnnotation is not in use. Note that the annotation may be either directly present or meta-present on the method.
    Source: MethodSource [className = 'com.ermapsh.hospital.service.UserServiceCacheTest', methodName = 'getUsrByEmail2', methodParameterTypes = '']
            at com.ermapsh.hospital.service.UserServiceCacheTest.getUsrByEmail2(SourceFile:0)
2026-07-19 22:38:43.374 [SpringApplicationShutdownHook] INFO  o.s.o.j.LocalContainerEntityManagerFactoryBean - Closing JPA EntityManagerFactory for persistence unit 'default'
2026-07-19 22:38:43.375 [SpringApplicationShutdownHook] INFO  com.zaxxer.hikari.HikariDataSource - HikariPool-1 - Shutdown initiated...
2026-07-19 22:38:43.378 [SpringApplicationShutdownHook] INFO  com.zaxxer.hikari.HikariDataSource - HikariPool-1 - Shutdown completed.
2026-07-19 22:39:40.986 [main] INFO  c.e.h.service.UserServiceCacheTest - Starting UserServiceCacheTest using Java 25.0.1 with PID 8350 (started by ermapsh in /Users/ermapsh/Devlopement/project/backend/hospital)
2026-07-19 22:39:40.986 [main] INFO  c.e.h.service.UserServiceCacheTest - No active profile set, falling back to 1 default profile: "default"
2026-07-19 22:39:41.068 [background-preinit] INFO  o.h.validator.internal.util.Version - HV000001: Hibernate Validator 9.0.1.Final
2026-07-19 22:39:41.317 [main] INFO  o.s.d.r.c.RepositoryConfigurationDelegate - Bootstrapping Spring Data JPA repositories in DEFAULT mode.
2026-07-19 22:39:41.372 [main] INFO  o.s.d.r.c.RepositoryConfigurationDelegate - Finished Spring Data repository scanning in 51 ms. Found 8 JPA repository interfaces.
2026-07-19 22:39:41.587 [main] INFO  com.zaxxer.hikari.HikariDataSource - HikariPool-1 - Starting...
2026-07-19 22:39:41.626 [main] INFO  com.zaxxer.hikari.pool.HikariPool - HikariPool-1 - Added connection org.postgresql.jdbc.PgConnection@3bbdf835
2026-07-19 22:39:41.626 [main] INFO  com.zaxxer.hikari.HikariDataSource - HikariPool-1 - Start completed.
2026-07-19 22:39:41.661 [main] INFO  org.hibernate.orm.jpa - HHH008540: Processing PersistenceUnitInfo [name: default]
2026-07-19 22:39:41.686 [main] INFO  org.hibernate.orm.core - HHH000001: Hibernate ORM core version 7.2.7.Final
2026-07-19 22:39:41.767 [main] INFO  o.h.e.b.internal.EnversServiceImpl - Envers integration enabled? : true
2026-07-19 22:39:41.841 [main] INFO  o.s.o.j.p.SpringPersistenceUnitInfo - No LoadTimeWeaver setup: ignoring JPA class transformer
2026-07-19 22:39:41.874 [main] INFO  o.hibernate.orm.connections.pooling - HHH10001005: Database info:
	Database JDBC URL [jdbc:postgresql://localhost:5432/hospital]
	Database driver: PostgreSQL JDBC Driver
	Database dialect: PostgreSQLDialect
	Database version: 18.4
	Default catalog/schema: hospital/public
	Autocommit mode: undefined/unknown
	Isolation level: READ_COMMITTED [default READ_COMMITTED]
	JDBC fetch size: none
	Pool: DataSourceConnectionProvider
	Minimum pool size: undefined/unknown
	Maximum pool size: undefined/unknown
2026-07-19 22:39:41.963 [main] INFO  o.h.e.c.i.m.AuditMetadataGenerator - Adding properties for entity: com.ermapsh.hospital.entity.PostEntity
2026-07-19 22:39:42.345 [main] INFO  org.hibernate.orm.core - HHH000489: No JTA platform available (set 'hibernate.transaction.jta.platform' to enable JTA platform integration)
2026-07-19 22:39:42.392 [main] INFO  o.s.o.j.LocalContainerEntityManagerFactoryBean - Initialized JPA EntityManagerFactory for persistence unit 'default'
2026-07-19 22:39:42.551 [main] ERROR i.n.r.d.DnsServerAddressStreamProviders - Unable to load io.netty.resolver.dns.macos.MacOSDnsServerAddressStreamProvider, fallback to system defaults. This may result in incorrect DNS resolutions on MacOS. Check whether you have a dependency on 'io.netty:netty-resolver-dns-native-macos'. Use DEBUG level to see the full stack: java.lang.UnsatisfiedLinkError: failed to load the required native library
2026-07-19 22:39:42.638 [main] INFO  o.s.d.j.r.q.QueryEnhancerFactories - Hibernate is in classpath; If applicable, HQL parser will be used.
2026-07-19 22:39:42.733 [main] INFO  o.s.s.c.a.a.c.InitializeUserDetailsBeanManagerConfigurer$InitializeUserDetailsManagerConfigurer - Global AuthenticationManager configured with UserDetailsService bean with name userService
2026-07-19 22:39:43.190 [main] WARN  o.s.b.j.a.JpaBaseConfiguration$JpaWebConfiguration - spring.jpa.open-in-view is enabled by default. Therefore, database queries may be performed during view rendering. Explicitly configure spring.jpa.open-in-view to disable this warning
2026-07-19 22:39:43.492 [main] INFO  o.s.b.a.e.web.EndpointLinksResolver - Exposing 14 endpoints beneath base path '/actuator'
2026-07-19 22:39:43.525 [main] INFO  c.e.h.service.UserServiceCacheTest - Started UserServiceCacheTest in 2.676 seconds (process running for 3.125)
2026-07-19 22:39:43.828 [main] INFO  c.e.h.service.UserServiceCacheTest - first time calling: ErMapsh is great
2026-07-19 22:39:43.828 [main] INFO  c.e.h.service.UserServiceCacheTest - second time calling - from cache: ErMapsh is great
2026-07-19 22:39:45.942 [SpringApplicationShutdownHook] INFO  o.s.o.j.LocalContainerEntityManagerFactoryBean - Closing JPA EntityManagerFactory for persistence unit 'default'
2026-07-19 22:39:45.946 [SpringApplicationShutdownHook] INFO  com.zaxxer.hikari.HikariDataSource - HikariPool-1 - Shutdown initiated...
2026-07-19 22:39:45.950 [SpringApplicationShutdownHook] INFO  com.zaxxer.hikari.HikariDataSource - HikariPool-1 - Shutdown completed.
2026-07-19 22:41:16.910 [File Watcher] INFO  o.s.b.d.a.LocalDevToolsAutoConfiguration$RestartingClassPathChangeChangedEventListener - Restarting due to 1 class path change (0 additions, 1 deletion, 0 modifications)
2026-07-19 22:41:16.914 [Thread-46] INFO  o.s.boot.tomcat.GracefulShutdown - Commencing graceful shutdown. Waiting for active requests to complete
2026-07-19 22:41:16.914 [tomcat-shutdown] INFO  o.a.coyote.http11.Http11NioProtocol - Pausing ProtocolHandler ["http-nio-8080"]
2026-07-19 22:41:16.916 [tomcat-shutdown] INFO  o.s.boot.tomcat.GracefulShutdown - Graceful shutdown complete
2026-07-19 22:41:16.917 [Thread-46] INFO  o.a.coyote.http11.Http11NioProtocol - Stopping ProtocolHandler ["http-nio-8080"]
2026-07-19 22:41:16.921 [Thread-46] INFO  o.s.o.j.LocalContainerEntityManagerFactoryBean - Closing JPA EntityManagerFactory for persistence unit 'default'
2026-07-19 22:41:16.923 [Thread-46] INFO  com.zaxxer.hikari.HikariDataSource - HikariPool-4 - Shutdown initiated...
2026-07-19 22:41:16.924 [Thread-46] INFO  com.zaxxer.hikari.HikariDataSource - HikariPool-4 - Shutdown completed.
2026-07-19 22:41:16.969 [restartedMain] INFO  c.e.hospital.HospitalApplication - Starting HospitalApplication using Java 25.0.1 with PID 8069 (/Users/ermapsh/Devlopement/project/backend/hospital/target/classes started by ermapsh in /Users/ermapsh/Devlopement/project/backend/hospital)
2026-07-19 22:41:16.969 [restartedMain] INFO  c.e.hospital.HospitalApplication - No active profile set, falling back to 1 default profile: "default"
2026-07-19 22:41:17.033 [restartedMain] INFO  o.s.d.r.c.RepositoryConfigurationDelegate - Bootstrapping Spring Data JPA repositories in DEFAULT mode.
2026-07-19 22:41:17.039 [restartedMain] INFO  o.s.d.r.c.RepositoryConfigurationDelegate - Finished Spring Data repository scanning in 5 ms. Found 8 JPA repository interfaces.
2026-07-19 22:41:17.076 [restartedMain] INFO  o.s.boot.tomcat.TomcatWebServer - Tomcat initialized with port 8080 (http)
2026-07-19 22:41:17.076 [restartedMain] INFO  o.a.coyote.http11.Http11NioProtocol - Initializing ProtocolHandler ["http-nio-8080"]
2026-07-19 22:41:17.076 [restartedMain] INFO  o.a.catalina.core.StandardService - Starting service [Tomcat]
2026-07-19 22:41:17.076 [restartedMain] INFO  o.a.catalina.core.StandardEngine - Starting Servlet engine: [Apache Tomcat/11.0.18]
2026-07-19 22:41:17.081 [restartedMain] INFO  o.s.b.w.c.s.WebApplicationContextInitializer - Root WebApplicationContext: initialization completed in 111 ms
2026-07-19 22:41:17.090 [restartedMain] ERROR o.s.b.t.s.DeferredServletContainerInitializers - Error starting Tomcat context. Exception: org.springframework.beans.factory.BeanCreationException. Message: Error creating bean with name 'jwtAuthFilter': Resolution of declared constructors on bean Class [com.ermapsh.hospital.filter.JwtAuthFilter] from ClassLoader [org.springframework.boot.devtools.restart.classloader.RestartClassLoader@340e3491] failed
2026-07-19 22:41:17.091 [restartedMain] INFO  o.a.catalina.core.StandardService - Stopping service [Tomcat]
2026-07-19 22:41:17.092 [restartedMain] WARN  o.s.b.w.s.s.c.AnnotationConfigServletWebServerApplicationContext - Exception encountered during context initialization - cancelling refresh attempt: org.springframework.context.ApplicationContextException: Unable to start web server
2026-07-19 22:41:17.092 [restartedMain] INFO  o.s.b.a.l.ConditionEvaluationReportLogger - 

Error starting ApplicationContext. To display the condition evaluation report re-run your application with 'debug' enabled.
2026-07-19 22:41:17.093 [restartedMain] ERROR o.s.boot.SpringApplication - Application run failed
org.springframework.context.ApplicationContextException: Unable to start web server
	at org.springframework.boot.web.server.servlet.context.ServletWebServerApplicationContext.onRefresh(ServletWebServerApplicationContext.java:167)
	at org.springframework.context.support.AbstractApplicationContext.refresh(AbstractApplicationContext.java:615)
	at org.springframework.boot.web.server.servlet.context.ServletWebServerApplicationContext.refresh(ServletWebServerApplicationContext.java:143)
	at org.springframework.boot.SpringApplication.refresh(SpringApplication.java:756)
	at org.springframework.boot.SpringApplication.refreshContext(SpringApplication.java:445)
	at org.springframework.boot.SpringApplication.run(SpringApplication.java:321)
	at org.springframework.boot.SpringApplication.run(SpringApplication.java:1365)
	at org.springframework.boot.SpringApplication.run(SpringApplication.java:1354)
	at com.ermapsh.hospital.HospitalApplication.main(HospitalApplication.java:11)
	at java.base/jdk.internal.reflect.DirectMethodHandleAccessor.invoke(DirectMethodHandleAccessor.java:104)
	at java.base/java.lang.reflect.Method.invoke(Method.java:565)
	at org.springframework.boot.devtools.restart.RestartLauncher.run(RestartLauncher.java:52)
Caused by: org.springframework.boot.web.server.WebServerException: Unable to start embedded Tomcat
	at org.springframework.boot.tomcat.TomcatWebServer.initialize(TomcatWebServer.java:150)
	at org.springframework.boot.tomcat.TomcatWebServer.<init>(TomcatWebServer.java:110)
	at org.springframework.boot.tomcat.servlet.TomcatServletWebServerFactory.getTomcatWebServer(TomcatServletWebServerFactory.java:408)
	at org.springframework.boot.tomcat.servlet.TomcatServletWebServerFactory.getWebServer(TomcatServletWebServerFactory.java:166)
	at org.springframework.boot.web.server.servlet.context.ServletWebServerApplicationContext.createWebServer(ServletWebServerApplicationContext.java:190)
	at org.springframework.boot.web.server.servlet.context.ServletWebServerApplicationContext.onRefresh(ServletWebServerApplicationContext.java:164)
	... 11 common frames omitted
Caused by: org.springframework.beans.factory.BeanCreationException: Error creating bean with name 'jwtAuthFilter': Resolution of declared constructors on bean Class [com.ermapsh.hospital.filter.JwtAuthFilter] from ClassLoader [org.springframework.boot.devtools.restart.classloader.RestartClassLoader@340e3491] failed
	at org.springframework.beans.factory.annotation.AutowiredAnnotationBeanPostProcessor.determineCandidateConstructors(AutowiredAnnotationBeanPostProcessor.java:368)
	at org.springframework.beans.factory.support.AbstractAutowireCapableBeanFactory.determineConstructorsFromBeanPostProcessors(AbstractAutowireCapableBeanFactory.java:1321)
	at org.springframework.beans.factory.support.AbstractAutowireCapableBeanFactory.createBeanInstance(AbstractAutowireCapableBeanFactory.java:1218)
	at org.springframework.beans.factory.support.AbstractAutowireCapableBeanFactory.doCreateBean(AbstractAutowireCapableBeanFactory.java:565)
	at org.springframework.beans.factory.support.AbstractAutowireCapableBeanFactory.createBean(AbstractAutowireCapableBeanFactory.java:525)
	at org.springframework.beans.factory.support.AbstractBeanFactory.lambda$doGetBean$0(AbstractBeanFactory.java:333)
	at org.springframework.beans.factory.support.DefaultSingletonBeanRegistry.getSingleton(DefaultSingletonBeanRegistry.java:371)
	at org.springframework.beans.factory.support.AbstractBeanFactory.doGetBean(AbstractBeanFactory.java:331)
	at org.springframework.beans.factory.support.AbstractBeanFactory.getBean(AbstractBeanFactory.java:201)
	at org.springframework.boot.web.servlet.ServletContextInitializerBeans.getOrderedBeansOfType(ServletContextInitializerBeans.java:231)
	at org.springframework.boot.web.servlet.ServletContextInitializerBeans.addAsRegistrationBean(ServletContextInitializerBeans.java:185)
	at org.springframework.boot.web.servlet.ServletContextInitializerBeans.addAsRegistrationBean(ServletContextInitializerBeans.java:180)
	at org.springframework.boot.web.servlet.ServletContextInitializerBeans.addAdaptableBeans(ServletContextInitializerBeans.java:165)
	at org.springframework.boot.web.servlet.ServletContextInitializerBeans.<init>(ServletContextInitializerBeans.java:97)
	at org.springframework.boot.web.context.servlet.WebApplicationContextInitializer.initialize(WebApplicationContextInitializer.java:53)
	at org.springframework.boot.tomcat.servlet.DeferredServletContainerInitializers.onStartup(DeferredServletContainerInitializers.java:55)
	at org.apache.catalina.core.StandardContext.startInternal(StandardContext.java:4416)
	at org.apache.catalina.util.LifecycleBase.start(LifecycleBase.java:164)
	at org.apache.catalina.core.ContainerBase$StartChild.call(ContainerBase.java:1162)
	at org.apache.catalina.core.ContainerBase$StartChild.call(ContainerBase.java:1158)
	at java.base/java.util.concurrent.FutureTask.run(FutureTask.java:328)
	at org.apache.tomcat.util.threads.InlineExecutorService.execute(InlineExecutorService.java:81)
	at java.base/java.util.concurrent.AbstractExecutorService.submit(AbstractExecutorService.java:149)
	at org.apache.catalina.core.ContainerBase.startInternal(ContainerBase.java:714)
	at org.apache.catalina.core.StandardHost.startInternal(StandardHost.java:780)
	at org.apache.catalina.util.LifecycleBase.start(LifecycleBase.java:164)
	at org.apache.catalina.core.ContainerBase$StartChild.call(ContainerBase.java:1162)
	at org.apache.catalina.core.ContainerBase$StartChild.call(ContainerBase.java:1158)
	at java.base/java.util.concurrent.FutureTask.run(FutureTask.java:328)
	at org.apache.tomcat.util.threads.InlineExecutorService.execute(InlineExecutorService.java:81)
	at java.base/java.util.concurrent.AbstractExecutorService.submit(AbstractExecutorService.java:149)
	at org.apache.catalina.core.ContainerBase.startInternal(ContainerBase.java:714)
	at org.apache.catalina.core.StandardEngine.startInternal(StandardEngine.java:201)
	at org.apache.catalina.util.LifecycleBase.start(LifecycleBase.java:164)
	at org.apache.catalina.core.StandardService.startInternal(StandardService.java:410)
	at org.apache.catalina.util.LifecycleBase.start(LifecycleBase.java:164)
	at org.apache.catalina.core.StandardServer.startInternal(StandardServer.java:864)
	at org.apache.catalina.util.LifecycleBase.start(LifecycleBase.java:164)
	at org.apache.catalina.startup.Tomcat.start(Tomcat.java:435)
	at org.springframework.boot.tomcat.TomcatWebServer.initialize(TomcatWebServer.java:131)
	... 16 common frames omitted
Caused by: java.lang.NoClassDefFoundError: com/ermapsh/hospital/service/UserService
	at java.base/java.lang.Class.getDeclaredConstructors0(Native Method)
	at java.base/java.lang.Class.privateGetDeclaredConstructors(Class.java:2985)
	at java.base/java.lang.Class.getDeclaredConstructors(Class.java:2354)
	at org.springframework.beans.factory.annotation.AutowiredAnnotationBeanPostProcessor.determineCandidateConstructors(AutowiredAnnotationBeanPostProcessor.java:363)
	... 55 common frames omitted
Caused by: java.lang.ClassNotFoundException: com.ermapsh.hospital.service.UserService
	at java.base/jdk.internal.loader.BuiltinClassLoader.loadClass(BuiltinClassLoader.java:580)
	at java.base/java.lang.ClassLoader.loadClass(ClassLoader.java:490)
	at java.base/java.lang.Class.forName0(Native Method)
	at java.base/java.lang.Class.forName(Class.java:547)
	at org.springframework.boot.devtools.restart.classloader.RestartClassLoader.loadClass(RestartClassLoader.java:123)
	at java.base/java.lang.ClassLoader.loadClass(ClassLoader.java:490)
	... 59 common frames omitted
2026-07-19 22:41:24.028 [main] INFO  c.e.h.service.UserServiceCacheTest - Starting UserServiceCacheTest using Java 25.0.1 with PID 8404 (started by ermapsh in /Users/ermapsh/Devlopement/project/backend/hospital)
2026-07-19 22:41:24.028 [main] INFO  c.e.h.service.UserServiceCacheTest - No active profile set, falling back to 1 default profile: "default"
2026-07-19 22:41:24.116 [background-preinit] INFO  o.h.validator.internal.util.Version - HV000001: Hibernate Validator 9.0.1.Final
2026-07-19 22:41:24.366 [main] INFO  o.s.d.r.c.RepositoryConfigurationDelegate - Bootstrapping Spring Data JPA repositories in DEFAULT mode.
2026-07-19 22:41:24.422 [main] INFO  o.s.d.r.c.RepositoryConfigurationDelegate - Finished Spring Data repository scanning in 52 ms. Found 8 JPA repository interfaces.
2026-07-19 22:41:24.586 [restartedMain] INFO  c.e.hospital.HospitalApplication - Starting HospitalApplication using Java 25.0.1 with PID 8069 (/Users/ermapsh/Devlopement/project/backend/hospital/target/classes started by ermapsh in /Users/ermapsh/Devlopement/project/backend/hospital)
2026-07-19 22:41:24.586 [restartedMain] INFO  c.e.hospital.HospitalApplication - No active profile set, falling back to 1 default profile: "default"
2026-07-19 22:41:24.638 [main] INFO  com.zaxxer.hikari.HikariDataSource - HikariPool-1 - Starting...
2026-07-19 22:41:24.642 [restartedMain] INFO  o.s.d.r.c.RepositoryConfigurationDelegate - Bootstrapping Spring Data JPA repositories in DEFAULT mode.
2026-07-19 22:41:24.648 [restartedMain] INFO  o.s.d.r.c.RepositoryConfigurationDelegate - Finished Spring Data repository scanning in 5 ms. Found 8 JPA repository interfaces.
2026-07-19 22:41:24.678 [main] INFO  com.zaxxer.hikari.pool.HikariPool - HikariPool-1 - Added connection org.postgresql.jdbc.PgConnection@2f3c7b24
2026-07-19 22:41:24.680 [main] INFO  com.zaxxer.hikari.HikariDataSource - HikariPool-1 - Start completed.
2026-07-19 22:41:24.685 [restartedMain] INFO  o.s.boot.tomcat.TomcatWebServer - Tomcat initialized with port 8080 (http)
2026-07-19 22:41:24.685 [restartedMain] INFO  o.a.coyote.http11.Http11NioProtocol - Initializing ProtocolHandler ["http-nio-8080"]
2026-07-19 22:41:24.685 [restartedMain] INFO  o.a.catalina.core.StandardService - Starting service [Tomcat]
2026-07-19 22:41:24.685 [restartedMain] INFO  o.a.catalina.core.StandardEngine - Starting Servlet engine: [Apache Tomcat/11.0.18]
2026-07-19 22:41:24.690 [restartedMain] INFO  o.s.b.w.c.s.WebApplicationContextInitializer - Root WebApplicationContext: initialization completed in 103 ms
2026-07-19 22:41:24.702 [restartedMain] INFO  com.zaxxer.hikari.HikariDataSource - HikariPool-5 - Starting...
2026-07-19 22:41:24.706 [restartedMain] INFO  com.zaxxer.hikari.pool.HikariPool - HikariPool-5 - Added connection org.postgresql.jdbc.PgConnection@fce0dc7
2026-07-19 22:41:24.706 [restartedMain] INFO  com.zaxxer.hikari.HikariDataSource - HikariPool-5 - Start completed.
2026-07-19 22:41:24.710 [restartedMain] INFO  org.hibernate.orm.jpa - HHH008540: Processing PersistenceUnitInfo [name: default]
2026-07-19 22:41:24.718 [restartedMain] INFO  o.h.e.b.internal.EnversServiceImpl - Envers integration enabled? : true
2026-07-19 22:41:24.721 [restartedMain] INFO  o.s.o.j.p.SpringPersistenceUnitInfo - No LoadTimeWeaver setup: ignoring JPA class transformer
2026-07-19 22:41:24.722 [main] INFO  org.hibernate.orm.jpa - HHH008540: Processing PersistenceUnitInfo [name: default]
2026-07-19 22:41:24.725 [restartedMain] INFO  o.hibernate.orm.connections.pooling - HHH10001005: Database info:
	Database JDBC URL [jdbc:postgresql://localhost:5432/hospital]
	Database driver: PostgreSQL JDBC Driver
	Database dialect: PostgreSQLDialect
	Database version: 18.4
	Default catalog/schema: hospital/public
	Autocommit mode: undefined/unknown
	Isolation level: READ_COMMITTED [default READ_COMMITTED]
	JDBC fetch size: none
	Pool: DataSourceConnectionProvider
	Minimum pool size: undefined/unknown
	Maximum pool size: undefined/unknown
2026-07-19 22:41:24.736 [restartedMain] INFO  o.h.e.c.i.m.AuditMetadataGenerator - Adding properties for entity: com.ermapsh.hospital.entity.PostEntity
2026-07-19 22:41:24.747 [main] INFO  org.hibernate.orm.core - HHH000001: Hibernate ORM core version 7.2.7.Final
2026-07-19 22:41:24.782 [restartedMain] INFO  org.hibernate.orm.core - HHH000489: No JTA platform available (set 'hibernate.transaction.jta.platform' to enable JTA platform integration)
2026-07-19 22:41:24.813 [restartedMain] INFO  o.s.o.j.LocalContainerEntityManagerFactoryBean - Initialized JPA EntityManagerFactory for persistence unit 'default'
2026-07-19 22:41:24.856 [main] INFO  o.h.e.b.internal.EnversServiceImpl - Envers integration enabled? : true
2026-07-19 22:41:24.859 [restartedMain] INFO  o.s.s.c.a.a.c.InitializeUserDetailsBeanManagerConfigurer$InitializeUserDetailsManagerConfigurer - Global AuthenticationManager configured with UserDetailsService bean with name userService
2026-07-19 22:41:24.901 [restartedMain] WARN  o.s.b.j.a.JpaBaseConfiguration$JpaWebConfiguration - spring.jpa.open-in-view is enabled by default. Therefore, database queries may be performed during view rendering. Explicitly configure spring.jpa.open-in-view to disable this warning
2026-07-19 22:41:24.960 [main] INFO  o.s.o.j.p.SpringPersistenceUnitInfo - No LoadTimeWeaver setup: ignoring JPA class transformer
2026-07-19 22:41:24.971 [restartedMain] INFO  o.s.b.a.e.web.EndpointLinksResolver - Exposing 14 endpoints beneath base path '/actuator'
2026-07-19 22:41:24.977 [restartedMain] INFO  o.a.coyote.http11.Http11NioProtocol - Starting ProtocolHandler ["http-nio-8080"]
2026-07-19 22:41:24.978 [restartedMain] INFO  o.s.boot.tomcat.TomcatWebServer - Tomcat started on port 8080 (http) with context path '/'
2026-07-19 22:41:24.979 [restartedMain] INFO  c.e.hospital.HospitalApplication - Started HospitalApplication in 0.401 seconds (process running for 509.85)
2026-07-19 22:41:24.980 [restartedMain] INFO  o.s.b.d.a.ConditionEvaluationDeltaLoggingListener - Condition evaluation unchanged
2026-07-19 22:41:25.000 [main] INFO  o.hibernate.orm.connections.pooling - HHH10001005: Database info:
	Database JDBC URL [jdbc:postgresql://localhost:5432/hospital]
	Database driver: PostgreSQL JDBC Driver
	Database dialect: PostgreSQLDialect
	Database version: 18.4
	Default catalog/schema: hospital/public
	Autocommit mode: undefined/unknown
	Isolation level: READ_COMMITTED [default READ_COMMITTED]
	JDBC fetch size: none
	Pool: DataSourceConnectionProvider
	Minimum pool size: undefined/unknown
	Maximum pool size: undefined/unknown
2026-07-19 22:41:25.099 [main] INFO  o.h.e.c.i.m.AuditMetadataGenerator - Adding properties for entity: com.ermapsh.hospital.entity.PostEntity
2026-07-19 22:41:25.478 [main] INFO  org.hibernate.orm.core - HHH000489: No JTA platform available (set 'hibernate.transaction.jta.platform' to enable JTA platform integration)
2026-07-19 22:41:25.522 [main] INFO  o.s.o.j.LocalContainerEntityManagerFactoryBean - Initialized JPA EntityManagerFactory for persistence unit 'default'
2026-07-19 22:41:25.672 [main] ERROR i.n.r.d.DnsServerAddressStreamProviders - Unable to load io.netty.resolver.dns.macos.MacOSDnsServerAddressStreamProvider, fallback to system defaults. This may result in incorrect DNS resolutions on MacOS. Check whether you have a dependency on 'io.netty:netty-resolver-dns-native-macos'. Use DEBUG level to see the full stack: java.lang.UnsatisfiedLinkError: failed to load the required native library
2026-07-19 22:41:25.761 [main] INFO  o.s.d.j.r.q.QueryEnhancerFactories - Hibernate is in classpath; If applicable, HQL parser will be used.
2026-07-19 22:41:25.848 [main] INFO  o.s.s.c.a.a.c.InitializeUserDetailsBeanManagerConfigurer$InitializeUserDetailsManagerConfigurer - Global AuthenticationManager configured with UserDetailsService bean with name userService
2026-07-19 22:41:26.276 [main] WARN  o.s.b.j.a.JpaBaseConfiguration$JpaWebConfiguration - spring.jpa.open-in-view is enabled by default. Therefore, database queries may be performed during view rendering. Explicitly configure spring.jpa.open-in-view to disable this warning
2026-07-19 22:41:26.564 [main] INFO  o.s.b.a.e.web.EndpointLinksResolver - Exposing 14 endpoints beneath base path '/actuator'
2026-07-19 22:41:26.594 [main] INFO  c.e.h.service.UserServiceCacheTest - Started UserServiceCacheTest in 2.704 seconds (process running for 3.195)
2026-07-19 22:41:26.903 [main] INFO  c.e.h.service.UserServiceCacheTest - first time calling: ErMapsh is great
2026-07-19 22:41:26.903 [main] INFO  c.e.h.service.UserServiceCacheTest - second time calling - from cache: ErMapsh is great
2026-07-19 22:41:26.922 [main] INFO  c.e.h.service.UserServiceCacheTest - first time calling: ErMapsh is great
2026-07-19 22:41:26.922 [main] INFO  c.e.h.service.UserServiceCacheTest - second time calling - from cache: ErMapsh is great
2026-07-19 22:41:29.016 [SpringApplicationShutdownHook] INFO  o.s.o.j.LocalContainerEntityManagerFactoryBean - Closing JPA EntityManagerFactory for persistence unit 'default'
2026-07-19 22:41:29.020 [SpringApplicationShutdownHook] INFO  com.zaxxer.hikari.HikariDataSource - HikariPool-1 - Shutdown initiated...
2026-07-19 22:41:29.024 [SpringApplicationShutdownHook] INFO  com.zaxxer.hikari.HikariDataSource - HikariPool-1 - Shutdown completed.
2026-07-19 22:42:35.097 [main] INFO  c.e.h.service.UserServiceCacheTest - Starting UserServiceCacheTest using Java 25.0.1 with PID 8457 (started by ermapsh in /Users/ermapsh/Devlopement/project/backend/hospital)
2026-07-19 22:42:35.097 [main] INFO  c.e.h.service.UserServiceCacheTest - No active profile set, falling back to 1 default profile: "default"
2026-07-19 22:42:35.176 [background-preinit] INFO  o.h.validator.internal.util.Version - HV000001: Hibernate Validator 9.0.1.Final
2026-07-19 22:42:35.426 [main] INFO  o.s.d.r.c.RepositoryConfigurationDelegate - Bootstrapping Spring Data JPA repositories in DEFAULT mode.
2026-07-19 22:42:35.482 [main] INFO  o.s.d.r.c.RepositoryConfigurationDelegate - Finished Spring Data repository scanning in 53 ms. Found 8 JPA repository interfaces.
2026-07-19 22:42:35.577 [File Watcher] INFO  o.s.b.d.a.LocalDevToolsAutoConfiguration$RestartingClassPathChangeChangedEventListener - Restarting due to 1 class path change (0 additions, 0 deletions, 1 modification)
2026-07-19 22:42:35.578 [Thread-60] INFO  o.s.boot.tomcat.GracefulShutdown - Commencing graceful shutdown. Waiting for active requests to complete
2026-07-19 22:42:35.578 [tomcat-shutdown] INFO  o.a.coyote.http11.Http11NioProtocol - Pausing ProtocolHandler ["http-nio-8080"]
2026-07-19 22:42:35.579 [tomcat-shutdown] INFO  o.s.boot.tomcat.GracefulShutdown - Graceful shutdown complete
2026-07-19 22:42:35.579 [Thread-60] INFO  o.a.coyote.http11.Http11NioProtocol - Stopping ProtocolHandler ["http-nio-8080"]
2026-07-19 22:42:35.580 [Thread-60] INFO  o.s.o.j.LocalContainerEntityManagerFactoryBean - Closing JPA EntityManagerFactory for persistence unit 'default'
2026-07-19 22:42:35.581 [Thread-60] INFO  com.zaxxer.hikari.HikariDataSource - HikariPool-5 - Shutdown initiated...
2026-07-19 22:42:35.581 [Thread-60] INFO  com.zaxxer.hikari.HikariDataSource - HikariPool-5 - Shutdown completed.
2026-07-19 22:42:35.629 [restartedMain] INFO  c.e.hospital.HospitalApplication - Starting HospitalApplication using Java 25.0.1 with PID 8069 (/Users/ermapsh/Devlopement/project/backend/hospital/target/classes started by ermapsh in /Users/ermapsh/Devlopement/project/backend/hospital)
2026-07-19 22:42:35.629 [restartedMain] INFO  c.e.hospital.HospitalApplication - No active profile set, falling back to 1 default profile: "default"
2026-07-19 22:42:35.685 [restartedMain] INFO  o.s.d.r.c.RepositoryConfigurationDelegate - Bootstrapping Spring Data JPA repositories in DEFAULT mode.
2026-07-19 22:42:35.691 [restartedMain] INFO  o.s.d.r.c.RepositoryConfigurationDelegate - Finished Spring Data repository scanning in 5 ms. Found 8 JPA repository interfaces.
2026-07-19 22:42:35.729 [main] INFO  com.zaxxer.hikari.HikariDataSource - HikariPool-1 - Starting...
2026-07-19 22:42:35.729 [restartedMain] INFO  o.s.boot.tomcat.TomcatWebServer - Tomcat initialized with port 8080 (http)
2026-07-19 22:42:35.730 [restartedMain] INFO  o.a.coyote.http11.Http11NioProtocol - Initializing ProtocolHandler ["http-nio-8080"]
2026-07-19 22:42:35.730 [restartedMain] INFO  o.a.catalina.core.StandardService - Starting service [Tomcat]
2026-07-19 22:42:35.730 [restartedMain] INFO  o.a.catalina.core.StandardEngine - Starting Servlet engine: [Apache Tomcat/11.0.18]
2026-07-19 22:42:35.736 [restartedMain] INFO  o.s.b.w.c.s.WebApplicationContextInitializer - Root WebApplicationContext: initialization completed in 106 ms
2026-07-19 22:42:35.755 [restartedMain] INFO  com.zaxxer.hikari.HikariDataSource - HikariPool-6 - Starting...
2026-07-19 22:42:35.762 [restartedMain] INFO  com.zaxxer.hikari.pool.HikariPool - HikariPool-6 - Added connection org.postgresql.jdbc.PgConnection@384c21f8
2026-07-19 22:42:35.762 [restartedMain] INFO  com.zaxxer.hikari.HikariDataSource - HikariPool-6 - Start completed.
2026-07-19 22:42:35.770 [restartedMain] INFO  org.hibernate.orm.jpa - HHH008540: Processing PersistenceUnitInfo [name: default]
2026-07-19 22:42:35.778 [main] INFO  com.zaxxer.hikari.pool.HikariPool - HikariPool-1 - Added connection org.postgresql.jdbc.PgConnection@2b409174
2026-07-19 22:42:35.779 [main] INFO  com.zaxxer.hikari.HikariDataSource - HikariPool-1 - Start completed.
2026-07-19 22:42:35.782 [restartedMain] INFO  o.h.e.b.internal.EnversServiceImpl - Envers integration enabled? : true
2026-07-19 22:42:35.784 [restartedMain] INFO  o.s.o.j.p.SpringPersistenceUnitInfo - No LoadTimeWeaver setup: ignoring JPA class transformer
2026-07-19 22:42:35.790 [restartedMain] INFO  o.hibernate.orm.connections.pooling - HHH10001005: Database info:
	Database JDBC URL [jdbc:postgresql://localhost:5432/hospital]
	Database driver: PostgreSQL JDBC Driver
	Database dialect: PostgreSQLDialect
	Database version: 18.4
	Default catalog/schema: hospital/public
	Autocommit mode: undefined/unknown
	Isolation level: READ_COMMITTED [default READ_COMMITTED]
	JDBC fetch size: none
	Pool: DataSourceConnectionProvider
	Minimum pool size: undefined/unknown
	Maximum pool size: undefined/unknown
2026-07-19 22:42:35.803 [restartedMain] INFO  o.h.e.c.i.m.AuditMetadataGenerator - Adding properties for entity: com.ermapsh.hospital.entity.PostEntity
2026-07-19 22:42:35.820 [main] INFO  org.hibernate.orm.jpa - HHH008540: Processing PersistenceUnitInfo [name: default]
2026-07-19 22:42:35.842 [restartedMain] INFO  org.hibernate.orm.core - HHH000489: No JTA platform available (set 'hibernate.transaction.jta.platform' to enable JTA platform integration)
2026-07-19 22:42:35.846 [main] INFO  org.hibernate.orm.core - HHH000001: Hibernate ORM core version 7.2.7.Final
2026-07-19 22:42:35.869 [restartedMain] INFO  o.s.o.j.LocalContainerEntityManagerFactoryBean - Initialized JPA EntityManagerFactory for persistence unit 'default'
2026-07-19 22:42:35.905 [restartedMain] INFO  o.s.s.c.a.a.c.InitializeUserDetailsBeanManagerConfigurer$InitializeUserDetailsManagerConfigurer - Global AuthenticationManager configured with UserDetailsService bean with name userService
2026-07-19 22:42:35.936 [restartedMain] WARN  o.s.b.j.a.JpaBaseConfiguration$JpaWebConfiguration - spring.jpa.open-in-view is enabled by default. Therefore, database queries may be performed during view rendering. Explicitly configure spring.jpa.open-in-view to disable this warning
2026-07-19 22:42:35.962 [main] INFO  o.h.e.b.internal.EnversServiceImpl - Envers integration enabled? : true
2026-07-19 22:42:35.990 [restartedMain] INFO  o.s.b.a.e.web.EndpointLinksResolver - Exposing 14 endpoints beneath base path '/actuator'
2026-07-19 22:42:35.996 [restartedMain] INFO  o.a.coyote.http11.Http11NioProtocol - Starting ProtocolHandler ["http-nio-8080"]
2026-07-19 22:42:35.997 [restartedMain] INFO  o.s.boot.tomcat.TomcatWebServer - Tomcat started on port 8080 (http) with context path '/'
2026-07-19 22:42:35.998 [restartedMain] INFO  c.e.hospital.HospitalApplication - Started HospitalApplication in 0.377 seconds (process running for 580.87)
2026-07-19 22:42:35.999 [restartedMain] INFO  o.s.b.d.a.ConditionEvaluationDeltaLoggingListener - Condition evaluation unchanged
2026-07-19 22:42:36.042 [main] INFO  o.s.o.j.p.SpringPersistenceUnitInfo - No LoadTimeWeaver setup: ignoring JPA class transformer
2026-07-19 22:42:36.076 [main] INFO  o.hibernate.orm.connections.pooling - HHH10001005: Database info:
	Database JDBC URL [jdbc:postgresql://localhost:5432/hospital]
	Database driver: PostgreSQL JDBC Driver
	Database dialect: PostgreSQLDialect
	Database version: 18.4
	Default catalog/schema: hospital/public
	Autocommit mode: undefined/unknown
	Isolation level: READ_COMMITTED [default READ_COMMITTED]
	JDBC fetch size: none
	Pool: DataSourceConnectionProvider
	Minimum pool size: undefined/unknown
	Maximum pool size: undefined/unknown
2026-07-19 22:42:36.172 [main] INFO  o.h.e.c.i.m.AuditMetadataGenerator - Adding properties for entity: com.ermapsh.hospital.entity.PostEntity
2026-07-19 22:42:36.565 [main] INFO  org.hibernate.orm.core - HHH000489: No JTA platform available (set 'hibernate.transaction.jta.platform' to enable JTA platform integration)
2026-07-19 22:42:36.616 [main] INFO  o.s.o.j.LocalContainerEntityManagerFactoryBean - Initialized JPA EntityManagerFactory for persistence unit 'default'
2026-07-19 22:42:36.774 [main] ERROR i.n.r.d.DnsServerAddressStreamProviders - Unable to load io.netty.resolver.dns.macos.MacOSDnsServerAddressStreamProvider, fallback to system defaults. This may result in incorrect DNS resolutions on MacOS. Check whether you have a dependency on 'io.netty:netty-resolver-dns-native-macos'. Use DEBUG level to see the full stack: java.lang.UnsatisfiedLinkError: failed to load the required native library
2026-07-19 22:42:36.879 [main] INFO  o.s.d.j.r.q.QueryEnhancerFactories - Hibernate is in classpath; If applicable, HQL parser will be used.
2026-07-19 22:42:36.974 [main] INFO  o.s.s.c.a.a.c.InitializeUserDetailsBeanManagerConfigurer$InitializeUserDetailsManagerConfigurer - Global AuthenticationManager configured with UserDetailsService bean with name userService
2026-07-19 22:42:37.454 [main] WARN  o.s.b.j.a.JpaBaseConfiguration$JpaWebConfiguration - spring.jpa.open-in-view is enabled by default. Therefore, database queries may be performed during view rendering. Explicitly configure spring.jpa.open-in-view to disable this warning
2026-07-19 22:42:37.745 [main] INFO  o.s.b.a.e.web.EndpointLinksResolver - Exposing 14 endpoints beneath base path '/actuator'
2026-07-19 22:42:37.774 [main] INFO  c.e.h.service.UserServiceCacheTest - Started UserServiceCacheTest in 2.816 seconds (process running for 3.272)
2026-07-19 22:42:38.080 [main] INFO  c.e.h.service.UserServiceCacheTest - first time calling: ErMapsh is great
2026-07-19 22:42:38.081 [main] INFO  c.e.h.service.UserServiceCacheTest - second time calling - from cache: ErMapsh is great
2026-07-19 22:42:38.107 [main] INFO  c.e.h.service.UserServiceCacheTest - first time calling: ErMapsh is great 2
2026-07-19 22:42:38.107 [main] INFO  c.e.h.service.UserServiceCacheTest - second time calling - from cache: ErMapsh is great 2
2026-07-19 22:42:40.199 [SpringApplicationShutdownHook] INFO  o.s.o.j.LocalContainerEntityManagerFactoryBean - Closing JPA EntityManagerFactory for persistence unit 'default'
2026-07-19 22:42:40.203 [SpringApplicationShutdownHook] INFO  com.zaxxer.hikari.HikariDataSource - HikariPool-1 - Shutdown initiated...
2026-07-19 22:42:40.208 [SpringApplicationShutdownHook] INFO  com.zaxxer.hikari.HikariDataSource - HikariPool-1 - Shutdown completed.
2026-07-19 22:49:18.295 [File Watcher] INFO  o.s.b.d.a.LocalDevToolsAutoConfiguration$RestartingClassPathChangeChangedEventListener - Restarting due to 1 class path change (0 additions, 0 deletions, 1 modification)
2026-07-19 22:49:18.301 [Thread-77] INFO  o.s.boot.tomcat.GracefulShutdown - Commencing graceful shutdown. Waiting for active requests to complete
2026-07-19 22:49:18.302 [tomcat-shutdown] INFO  o.a.coyote.http11.Http11NioProtocol - Pausing ProtocolHandler ["http-nio-8080"]
2026-07-19 22:49:18.304 [tomcat-shutdown] INFO  o.s.boot.tomcat.GracefulShutdown - Graceful shutdown complete
2026-07-19 22:49:18.305 [Thread-77] INFO  o.a.coyote.http11.Http11NioProtocol - Stopping ProtocolHandler ["http-nio-8080"]
2026-07-19 22:49:18.309 [Thread-77] INFO  o.s.o.j.LocalContainerEntityManagerFactoryBean - Closing JPA EntityManagerFactory for persistence unit 'default'
2026-07-19 22:49:18.311 [Thread-77] INFO  com.zaxxer.hikari.HikariDataSource - HikariPool-6 - Shutdown initiated...
2026-07-19 22:49:18.312 [Thread-77] INFO  com.zaxxer.hikari.HikariDataSource - HikariPool-6 - Shutdown completed.
2026-07-19 22:49:18.374 [restartedMain] INFO  c.e.hospital.HospitalApplication - Starting HospitalApplication using Java 25.0.1 with PID 8069 (/Users/ermapsh/Devlopement/project/backend/hospital/target/classes started by ermapsh in /Users/ermapsh/Devlopement/project/backend/hospital)
2026-07-19 22:49:18.374 [restartedMain] INFO  c.e.hospital.HospitalApplication - No active profile set, falling back to 1 default profile: "default"
2026-07-19 22:49:18.438 [restartedMain] INFO  o.s.d.r.c.RepositoryConfigurationDelegate - Bootstrapping Spring Data JPA repositories in DEFAULT mode.
2026-07-19 22:49:18.443 [restartedMain] INFO  o.s.d.r.c.RepositoryConfigurationDelegate - Finished Spring Data repository scanning in 5 ms. Found 8 JPA repository interfaces.
2026-07-19 22:49:18.475 [restartedMain] INFO  o.s.boot.tomcat.TomcatWebServer - Tomcat initialized with port 8080 (http)
2026-07-19 22:49:18.476 [restartedMain] INFO  o.a.coyote.http11.Http11NioProtocol - Initializing ProtocolHandler ["http-nio-8080"]
2026-07-19 22:49:18.476 [restartedMain] INFO  o.a.catalina.core.StandardService - Starting service [Tomcat]
2026-07-19 22:49:18.476 [restartedMain] INFO  o.a.catalina.core.StandardEngine - Starting Servlet engine: [Apache Tomcat/11.0.18]
2026-07-19 22:49:18.480 [restartedMain] INFO  o.s.b.w.c.s.WebApplicationContextInitializer - Root WebApplicationContext: initialization completed in 105 ms
2026-07-19 22:49:18.490 [restartedMain] INFO  com.zaxxer.hikari.HikariDataSource - HikariPool-7 - Starting...
2026-07-19 22:49:18.498 [restartedMain] INFO  com.zaxxer.hikari.pool.HikariPool - HikariPool-7 - Added connection org.postgresql.jdbc.PgConnection@42386136
2026-07-19 22:49:18.498 [restartedMain] INFO  com.zaxxer.hikari.HikariDataSource - HikariPool-7 - Start completed.
2026-07-19 22:49:18.501 [restartedMain] INFO  org.hibernate.orm.jpa - HHH008540: Processing PersistenceUnitInfo [name: default]
2026-07-19 22:49:18.508 [restartedMain] INFO  o.h.e.b.internal.EnversServiceImpl - Envers integration enabled? : true
2026-07-19 22:49:18.510 [restartedMain] INFO  o.s.o.j.p.SpringPersistenceUnitInfo - No LoadTimeWeaver setup: ignoring JPA class transformer
2026-07-19 22:49:18.517 [restartedMain] INFO  o.hibernate.orm.connections.pooling - HHH10001005: Database info:
	Database JDBC URL [jdbc:postgresql://localhost:5432/hospital]
	Database driver: PostgreSQL JDBC Driver
	Database dialect: PostgreSQLDialect
	Database version: 18.4
	Default catalog/schema: hospital/public
	Autocommit mode: undefined/unknown
	Isolation level: READ_COMMITTED [default READ_COMMITTED]
	JDBC fetch size: none
	Pool: DataSourceConnectionProvider
	Minimum pool size: undefined/unknown
	Maximum pool size: undefined/unknown
2026-07-19 22:49:18.528 [restartedMain] INFO  o.h.e.c.i.m.AuditMetadataGenerator - Adding properties for entity: com.ermapsh.hospital.entity.PostEntity
2026-07-19 22:49:18.566 [restartedMain] INFO  org.hibernate.orm.core - HHH000489: No JTA platform available (set 'hibernate.transaction.jta.platform' to enable JTA platform integration)
2026-07-19 22:49:18.595 [restartedMain] INFO  o.s.o.j.LocalContainerEntityManagerFactoryBean - Initialized JPA EntityManagerFactory for persistence unit 'default'
2026-07-19 22:49:18.625 [restartedMain] INFO  o.s.s.c.a.a.c.InitializeUserDetailsBeanManagerConfigurer$InitializeUserDetailsManagerConfigurer - Global AuthenticationManager configured with UserDetailsService bean with name userService
2026-07-19 22:49:18.657 [restartedMain] WARN  o.s.b.j.a.JpaBaseConfiguration$JpaWebConfiguration - spring.jpa.open-in-view is enabled by default. Therefore, database queries may be performed during view rendering. Explicitly configure spring.jpa.open-in-view to disable this warning
2026-07-19 22:49:18.730 [restartedMain] INFO  o.s.b.a.e.web.EndpointLinksResolver - Exposing 14 endpoints beneath base path '/actuator'
2026-07-19 22:49:18.735 [restartedMain] INFO  o.a.coyote.http11.Http11NioProtocol - Starting ProtocolHandler ["http-nio-8080"]
2026-07-19 22:49:18.749 [restartedMain] INFO  o.s.boot.tomcat.TomcatWebServer - Tomcat started on port 8080 (http) with context path '/'
2026-07-19 22:49:18.750 [restartedMain] INFO  c.e.hospital.HospitalApplication - Started HospitalApplication in 0.384 seconds (process running for 983.621)
2026-07-19 22:49:18.751 [restartedMain] INFO  o.s.b.d.a.ConditionEvaluationDeltaLoggingListener - Condition evaluation unchanged
2026-07-19 22:49:26.214 [File Watcher] INFO  o.s.b.d.a.LocalDevToolsAutoConfiguration$RestartingClassPathChangeChangedEventListener - Restarting due to 1 class path change (0 additions, 0 deletions, 1 modification)
2026-07-19 22:49:26.216 [Thread-91] INFO  o.s.boot.tomcat.GracefulShutdown - Commencing graceful shutdown. Waiting for active requests to complete
2026-07-19 22:49:26.216 [tomcat-shutdown] INFO  o.a.coyote.http11.Http11NioProtocol - Pausing ProtocolHandler ["http-nio-8080"]
2026-07-19 22:49:26.218 [tomcat-shutdown] INFO  o.s.boot.tomcat.GracefulShutdown - Graceful shutdown complete
2026-07-19 22:49:26.218 [Thread-91] INFO  o.a.coyote.http11.Http11NioProtocol - Stopping ProtocolHandler ["http-nio-8080"]
2026-07-19 22:49:26.220 [Thread-91] INFO  o.s.o.j.LocalContainerEntityManagerFactoryBean - Closing JPA EntityManagerFactory for persistence unit 'default'
2026-07-19 22:49:26.221 [Thread-91] INFO  com.zaxxer.hikari.HikariDataSource - HikariPool-7 - Shutdown initiated...
2026-07-19 22:49:26.222 [Thread-91] INFO  com.zaxxer.hikari.HikariDataSource - HikariPool-7 - Shutdown completed.
2026-07-19 22:49:26.279 [restartedMain] INFO  c.e.hospital.HospitalApplication - Starting HospitalApplication using Java 25.0.1 with PID 8069 (/Users/ermapsh/Devlopement/project/backend/hospital/target/classes started by ermapsh in /Users/ermapsh/Devlopement/project/backend/hospital)
2026-07-19 22:49:26.279 [restartedMain] INFO  c.e.hospital.HospitalApplication - No active profile set, falling back to 1 default profile: "default"
2026-07-19 22:49:26.326 [restartedMain] INFO  o.s.d.r.c.RepositoryConfigurationDelegate - Bootstrapping Spring Data JPA repositories in DEFAULT mode.
2026-07-19 22:49:26.331 [restartedMain] INFO  o.s.d.r.c.RepositoryConfigurationDelegate - Finished Spring Data repository scanning in 4 ms. Found 8 JPA repository interfaces.
2026-07-19 22:49:26.360 [restartedMain] INFO  o.s.boot.tomcat.TomcatWebServer - Tomcat initialized with port 8080 (http)
2026-07-19 22:49:26.360 [restartedMain] INFO  o.a.coyote.http11.Http11NioProtocol - Initializing ProtocolHandler ["http-nio-8080"]
2026-07-19 22:49:26.360 [restartedMain] INFO  o.a.catalina.core.StandardService - Starting service [Tomcat]
2026-07-19 22:49:26.360 [restartedMain] INFO  o.a.catalina.core.StandardEngine - Starting Servlet engine: [Apache Tomcat/11.0.18]
2026-07-19 22:49:26.365 [restartedMain] INFO  o.s.b.w.c.s.WebApplicationContextInitializer - Root WebApplicationContext: initialization completed in 85 ms
2026-07-19 22:49:26.377 [restartedMain] INFO  com.zaxxer.hikari.HikariDataSource - HikariPool-8 - Starting...
2026-07-19 22:49:26.381 [restartedMain] INFO  com.zaxxer.hikari.pool.HikariPool - HikariPool-8 - Added connection org.postgresql.jdbc.PgConnection@603be439
2026-07-19 22:49:26.381 [restartedMain] INFO  com.zaxxer.hikari.HikariDataSource - HikariPool-8 - Start completed.
2026-07-19 22:49:26.385 [restartedMain] INFO  org.hibernate.orm.jpa - HHH008540: Processing PersistenceUnitInfo [name: default]
2026-07-19 22:49:26.392 [restartedMain] INFO  o.h.e.b.internal.EnversServiceImpl - Envers integration enabled? : true
2026-07-19 22:49:26.394 [restartedMain] INFO  o.s.o.j.p.SpringPersistenceUnitInfo - No LoadTimeWeaver setup: ignoring JPA class transformer
2026-07-19 22:49:26.399 [restartedMain] INFO  o.hibernate.orm.connections.pooling - HHH10001005: Database info:
	Database JDBC URL [jdbc:postgresql://localhost:5432/hospital]
	Database driver: PostgreSQL JDBC Driver
	Database dialect: PostgreSQLDialect
	Database version: 18.4
	Default catalog/schema: hospital/public
	Autocommit mode: undefined/unknown
	Isolation level: READ_COMMITTED [default READ_COMMITTED]
	JDBC fetch size: none
	Pool: DataSourceConnectionProvider
	Minimum pool size: undefined/unknown
	Maximum pool size: undefined/unknown
2026-07-19 22:49:26.408 [restartedMain] INFO  o.h.e.c.i.m.AuditMetadataGenerator - Adding properties for entity: com.ermapsh.hospital.entity.PostEntity
2026-07-19 22:49:26.444 [restartedMain] INFO  org.hibernate.orm.core - HHH000489: No JTA platform available (set 'hibernate.transaction.jta.platform' to enable JTA platform integration)
2026-07-19 22:49:26.471 [restartedMain] INFO  o.s.o.j.LocalContainerEntityManagerFactoryBean - Initialized JPA EntityManagerFactory for persistence unit 'default'
2026-07-19 22:49:26.499 [restartedMain] INFO  o.s.s.c.a.a.c.InitializeUserDetailsBeanManagerConfigurer$InitializeUserDetailsManagerConfigurer - Global AuthenticationManager configured with UserDetailsService bean with name userService
2026-07-19 22:49:26.529 [restartedMain] WARN  o.s.b.j.a.JpaBaseConfiguration$JpaWebConfiguration - spring.jpa.open-in-view is enabled by default. Therefore, database queries may be performed during view rendering. Explicitly configure spring.jpa.open-in-view to disable this warning
2026-07-19 22:49:26.564 [restartedMain] INFO  o.s.b.a.e.web.EndpointLinksResolver - Exposing 14 endpoints beneath base path '/actuator'
2026-07-19 22:49:26.567 [restartedMain] INFO  o.a.coyote.http11.Http11NioProtocol - Starting ProtocolHandler ["http-nio-8080"]
2026-07-19 22:49:26.568 [restartedMain] INFO  o.s.boot.tomcat.TomcatWebServer - Tomcat started on port 8080 (http) with context path '/'
2026-07-19 22:49:26.569 [restartedMain] INFO  c.e.hospital.HospitalApplication - Started HospitalApplication in 0.298 seconds (process running for 991.439)
2026-07-19 22:49:26.569 [restartedMain] INFO  o.s.b.d.a.ConditionEvaluationDeltaLoggingListener - Condition evaluation unchanged
2026-07-19 22:49:49.245 [File Watcher] INFO  o.s.b.d.a.LocalDevToolsAutoConfiguration$RestartingClassPathChangeChangedEventListener - Restarting due to 1 class path change (0 additions, 0 deletions, 1 modification)
2026-07-19 22:49:49.249 [Thread-105] INFO  o.s.boot.tomcat.GracefulShutdown - Commencing graceful shutdown. Waiting for active requests to complete
2026-07-19 22:49:49.250 [tomcat-shutdown] INFO  o.a.coyote.http11.Http11NioProtocol - Pausing ProtocolHandler ["http-nio-8080"]
2026-07-19 22:49:49.252 [tomcat-shutdown] INFO  o.s.boot.tomcat.GracefulShutdown - Graceful shutdown complete
2026-07-19 22:49:49.253 [Thread-105] INFO  o.a.coyote.http11.Http11NioProtocol - Stopping ProtocolHandler ["http-nio-8080"]
2026-07-19 22:49:49.257 [Thread-105] INFO  o.s.o.j.LocalContainerEntityManagerFactoryBean - Closing JPA EntityManagerFactory for persistence unit 'default'
2026-07-19 22:49:49.258 [Thread-105] INFO  com.zaxxer.hikari.HikariDataSource - HikariPool-8 - Shutdown initiated...
2026-07-19 22:49:49.259 [Thread-105] INFO  com.zaxxer.hikari.HikariDataSource - HikariPool-8 - Shutdown completed.
2026-07-19 22:49:49.316 [restartedMain] INFO  c.e.hospital.HospitalApplication - Starting HospitalApplication using Java 25.0.1 with PID 8069 (/Users/ermapsh/Devlopement/project/backend/hospital/target/classes started by ermapsh in /Users/ermapsh/Devlopement/project/backend/hospital)
2026-07-19 22:49:49.316 [restartedMain] INFO  c.e.hospital.HospitalApplication - No active profile set, falling back to 1 default profile: "default"
2026-07-19 22:49:49.368 [restartedMain] INFO  o.s.d.r.c.RepositoryConfigurationDelegate - Bootstrapping Spring Data JPA repositories in DEFAULT mode.
2026-07-19 22:49:49.373 [restartedMain] INFO  o.s.d.r.c.RepositoryConfigurationDelegate - Finished Spring Data repository scanning in 4 ms. Found 8 JPA repository interfaces.
2026-07-19 22:49:49.413 [restartedMain] INFO  o.s.boot.tomcat.TomcatWebServer - Tomcat initialized with port 8080 (http)
2026-07-19 22:49:49.413 [restartedMain] INFO  o.a.coyote.http11.Http11NioProtocol - Initializing ProtocolHandler ["http-nio-8080"]
2026-07-19 22:49:49.413 [restartedMain] INFO  o.a.catalina.core.StandardService - Starting service [Tomcat]
2026-07-19 22:49:49.413 [restartedMain] INFO  o.a.catalina.core.StandardEngine - Starting Servlet engine: [Apache Tomcat/11.0.18]
2026-07-19 22:49:49.422 [restartedMain] INFO  o.s.b.w.c.s.WebApplicationContextInitializer - Root WebApplicationContext: initialization completed in 105 ms
2026-07-19 22:49:49.436 [restartedMain] INFO  com.zaxxer.hikari.HikariDataSource - HikariPool-9 - Starting...
2026-07-19 22:49:49.442 [restartedMain] INFO  com.zaxxer.hikari.pool.HikariPool - HikariPool-9 - Added connection org.postgresql.jdbc.PgConnection@649b2a1
2026-07-19 22:49:49.443 [restartedMain] INFO  com.zaxxer.hikari.HikariDataSource - HikariPool-9 - Start completed.
2026-07-19 22:49:49.446 [restartedMain] INFO  org.hibernate.orm.jpa - HHH008540: Processing PersistenceUnitInfo [name: default]
2026-07-19 22:49:49.453 [restartedMain] INFO  o.h.e.b.internal.EnversServiceImpl - Envers integration enabled? : true
2026-07-19 22:49:49.456 [restartedMain] INFO  o.s.o.j.p.SpringPersistenceUnitInfo - No LoadTimeWeaver setup: ignoring JPA class transformer
2026-07-19 22:49:49.460 [restartedMain] INFO  o.hibernate.orm.connections.pooling - HHH10001005: Database info:
	Database JDBC URL [jdbc:postgresql://localhost:5432/hospital]
	Database driver: PostgreSQL JDBC Driver
	Database dialect: PostgreSQLDialect
	Database version: 18.4
	Default catalog/schema: hospital/public
	Autocommit mode: undefined/unknown
	Isolation level: READ_COMMITTED [default READ_COMMITTED]
	JDBC fetch size: none
	Pool: DataSourceConnectionProvider
	Minimum pool size: undefined/unknown
	Maximum pool size: undefined/unknown
2026-07-19 22:49:49.472 [restartedMain] INFO  o.h.e.c.i.m.AuditMetadataGenerator - Adding properties for entity: com.ermapsh.hospital.entity.PostEntity
2026-07-19 22:49:49.513 [restartedMain] INFO  org.hibernate.orm.core - HHH000489: No JTA platform available (set 'hibernate.transaction.jta.platform' to enable JTA platform integration)
2026-07-19 22:49:49.539 [restartedMain] INFO  o.s.o.j.LocalContainerEntityManagerFactoryBean - Initialized JPA EntityManagerFactory for persistence unit 'default'
2026-07-19 22:49:49.569 [restartedMain] INFO  o.s.s.c.a.a.c.InitializeUserDetailsBeanManagerConfigurer$InitializeUserDetailsManagerConfigurer - Global AuthenticationManager configured with UserDetailsService bean with name userService
2026-07-19 22:49:49.599 [restartedMain] WARN  o.s.b.j.a.JpaBaseConfiguration$JpaWebConfiguration - spring.jpa.open-in-view is enabled by default. Therefore, database queries may be performed during view rendering. Explicitly configure spring.jpa.open-in-view to disable this warning
2026-07-19 22:49:49.636 [restartedMain] INFO  o.s.b.a.e.web.EndpointLinksResolver - Exposing 14 endpoints beneath base path '/actuator'
2026-07-19 22:49:49.639 [restartedMain] INFO  o.a.coyote.http11.Http11NioProtocol - Starting ProtocolHandler ["http-nio-8080"]
2026-07-19 22:49:49.640 [restartedMain] INFO  o.s.boot.tomcat.TomcatWebServer - Tomcat started on port 8080 (http) with context path '/'
2026-07-19 22:49:49.641 [restartedMain] INFO  c.e.hospital.HospitalApplication - Started HospitalApplication in 0.332 seconds (process running for 1014.512)
2026-07-19 22:49:49.641 [restartedMain] INFO  o.s.b.d.a.ConditionEvaluationDeltaLoggingListener - Condition evaluation unchanged
2026-07-19 22:49:51.962 [main] INFO  c.e.h.service.UserServiceCacheTest - Starting UserServiceCacheTest using Java 25.0.1 with PID 8642 (started by ermapsh in /Users/ermapsh/Devlopement/project/backend/hospital)
2026-07-19 22:49:51.963 [main] INFO  c.e.h.service.UserServiceCacheTest - No active profile set, falling back to 1 default profile: "default"
2026-07-19 22:49:52.046 [background-preinit] INFO  o.h.validator.internal.util.Version - HV000001: Hibernate Validator 9.0.1.Final
2026-07-19 22:49:52.295 [main] INFO  o.s.d.r.c.RepositoryConfigurationDelegate - Bootstrapping Spring Data JPA repositories in DEFAULT mode.
2026-07-19 22:49:52.352 [main] INFO  o.s.d.r.c.RepositoryConfigurationDelegate - Finished Spring Data repository scanning in 53 ms. Found 8 JPA repository interfaces.
2026-07-19 22:49:52.563 [main] INFO  com.zaxxer.hikari.HikariDataSource - HikariPool-1 - Starting...
2026-07-19 22:49:52.600 [main] INFO  com.zaxxer.hikari.pool.HikariPool - HikariPool-1 - Added connection org.postgresql.jdbc.PgConnection@2f3c7b24
2026-07-19 22:49:52.601 [main] INFO  com.zaxxer.hikari.HikariDataSource - HikariPool-1 - Start completed.
2026-07-19 22:49:52.637 [main] INFO  org.hibernate.orm.jpa - HHH008540: Processing PersistenceUnitInfo [name: default]
2026-07-19 22:49:52.659 [main] INFO  org.hibernate.orm.core - HHH000001: Hibernate ORM core version 7.2.7.Final
2026-07-19 22:49:52.747 [main] INFO  o.h.e.b.internal.EnversServiceImpl - Envers integration enabled? : true
2026-07-19 22:49:52.832 [main] INFO  o.s.o.j.p.SpringPersistenceUnitInfo - No LoadTimeWeaver setup: ignoring JPA class transformer
2026-07-19 22:49:52.864 [main] INFO  o.hibernate.orm.connections.pooling - HHH10001005: Database info:
	Database JDBC URL [jdbc:postgresql://localhost:5432/hospital]
	Database driver: PostgreSQL JDBC Driver
	Database dialect: PostgreSQLDialect
	Database version: 18.4
	Default catalog/schema: hospital/public
	Autocommit mode: undefined/unknown
	Isolation level: READ_COMMITTED [default READ_COMMITTED]
	JDBC fetch size: none
	Pool: DataSourceConnectionProvider
	Minimum pool size: undefined/unknown
	Maximum pool size: undefined/unknown
2026-07-19 22:49:52.952 [main] INFO  o.h.e.c.i.m.AuditMetadataGenerator - Adding properties for entity: com.ermapsh.hospital.entity.PostEntity
2026-07-19 22:49:53.333 [main] INFO  org.hibernate.orm.core - HHH000489: No JTA platform available (set 'hibernate.transaction.jta.platform' to enable JTA platform integration)
2026-07-19 22:49:53.386 [main] INFO  o.s.o.j.LocalContainerEntityManagerFactoryBean - Initialized JPA EntityManagerFactory for persistence unit 'default'
2026-07-19 22:49:53.533 [main] ERROR i.n.r.d.DnsServerAddressStreamProviders - Unable to load io.netty.resolver.dns.macos.MacOSDnsServerAddressStreamProvider, fallback to system defaults. This may result in incorrect DNS resolutions on MacOS. Check whether you have a dependency on 'io.netty:netty-resolver-dns-native-macos'. Use DEBUG level to see the full stack: java.lang.UnsatisfiedLinkError: failed to load the required native library
2026-07-19 22:49:53.619 [main] INFO  o.s.d.j.r.q.QueryEnhancerFactories - Hibernate is in classpath; If applicable, HQL parser will be used.
2026-07-19 22:49:53.705 [main] INFO  o.s.s.c.a.a.c.InitializeUserDetailsBeanManagerConfigurer$InitializeUserDetailsManagerConfigurer - Global AuthenticationManager configured with UserDetailsService bean with name userService
2026-07-19 22:49:54.132 [main] WARN  o.s.b.j.a.JpaBaseConfiguration$JpaWebConfiguration - spring.jpa.open-in-view is enabled by default. Therefore, database queries may be performed during view rendering. Explicitly configure spring.jpa.open-in-view to disable this warning
2026-07-19 22:49:54.414 [main] INFO  o.s.b.a.e.web.EndpointLinksResolver - Exposing 14 endpoints beneath base path '/actuator'
2026-07-19 22:49:54.442 [main] INFO  c.e.h.service.UserServiceCacheTest - Started UserServiceCacheTest in 2.616 seconds (process running for 3.079)
2026-07-19 22:49:56.888 [SpringApplicationShutdownHook] INFO  o.s.o.j.LocalContainerEntityManagerFactoryBean - Closing JPA EntityManagerFactory for persistence unit 'default'
2026-07-19 22:49:56.892 [SpringApplicationShutdownHook] INFO  com.zaxxer.hikari.HikariDataSource - HikariPool-1 - Shutdown initiated...
2026-07-19 22:49:56.896 [SpringApplicationShutdownHook] INFO  com.zaxxer.hikari.HikariDataSource - HikariPool-1 - Shutdown completed.
2026-07-19 22:50:02.557 [main] INFO  c.e.h.service.UserServiceCacheTest - Starting UserServiceCacheTest using Java 25.0.1 with PID 8664 (started by ermapsh in /Users/ermapsh/Devlopement/project/backend/hospital)
2026-07-19 22:50:02.557 [main] INFO  c.e.h.service.UserServiceCacheTest - No active profile set, falling back to 1 default profile: "default"
2026-07-19 22:50:02.654 [background-preinit] INFO  o.h.validator.internal.util.Version - HV000001: Hibernate Validator 9.0.1.Final
2026-07-19 22:50:02.914 [main] INFO  o.s.d.r.c.RepositoryConfigurationDelegate - Bootstrapping Spring Data JPA repositories in DEFAULT mode.
2026-07-19 22:50:02.965 [main] INFO  o.s.d.r.c.RepositoryConfigurationDelegate - Finished Spring Data repository scanning in 48 ms. Found 8 JPA repository interfaces.
2026-07-19 22:50:03.177 [File Watcher] INFO  o.s.b.d.a.LocalDevToolsAutoConfiguration$RestartingClassPathChangeChangedEventListener - Restarting due to 1 class path change (0 additions, 0 deletions, 1 modification)
2026-07-19 22:50:03.177 [Thread-119] INFO  o.s.boot.tomcat.GracefulShutdown - Commencing graceful shutdown. Waiting for active requests to complete
2026-07-19 22:50:03.177 [tomcat-shutdown] INFO  o.a.coyote.http11.Http11NioProtocol - Pausing ProtocolHandler ["http-nio-8080"]
2026-07-19 22:50:03.178 [tomcat-shutdown] INFO  o.s.boot.tomcat.GracefulShutdown - Graceful shutdown complete
2026-07-19 22:50:03.178 [Thread-119] INFO  o.a.coyote.http11.Http11NioProtocol - Stopping ProtocolHandler ["http-nio-8080"]
2026-07-19 22:50:03.179 [main] INFO  com.zaxxer.hikari.HikariDataSource - HikariPool-1 - Starting...
2026-07-19 22:50:03.180 [Thread-119] INFO  o.s.o.j.LocalContainerEntityManagerFactoryBean - Closing JPA EntityManagerFactory for persistence unit 'default'
2026-07-19 22:50:03.180 [Thread-119] INFO  com.zaxxer.hikari.HikariDataSource - HikariPool-9 - Shutdown initiated...
2026-07-19 22:50:03.181 [Thread-119] INFO  com.zaxxer.hikari.HikariDataSource - HikariPool-9 - Shutdown completed.
2026-07-19 22:50:03.229 [main] INFO  com.zaxxer.hikari.pool.HikariPool - HikariPool-1 - Added connection org.postgresql.jdbc.PgConnection@2d114d27
2026-07-19 22:50:03.231 [main] INFO  com.zaxxer.hikari.HikariDataSource - HikariPool-1 - Start completed.
2026-07-19 22:50:03.235 [restartedMain] INFO  c.e.hospital.HospitalApplication - Starting HospitalApplication using Java 25.0.1 with PID 8069 (/Users/ermapsh/Devlopement/project/backend/hospital/target/classes started by ermapsh in /Users/ermapsh/Devlopement/project/backend/hospital)
2026-07-19 22:50:03.235 [restartedMain] INFO  c.e.hospital.HospitalApplication - No active profile set, falling back to 1 default profile: "default"
2026-07-19 22:50:03.276 [main] INFO  org.hibernate.orm.jpa - HHH008540: Processing PersistenceUnitInfo [name: default]
2026-07-19 22:50:03.293 [restartedMain] INFO  o.s.d.r.c.RepositoryConfigurationDelegate - Bootstrapping Spring Data JPA repositories in DEFAULT mode.
2026-07-19 22:50:03.302 [restartedMain] INFO  o.s.d.r.c.RepositoryConfigurationDelegate - Finished Spring Data repository scanning in 7 ms. Found 8 JPA repository interfaces.
2026-07-19 22:50:03.312 [main] INFO  org.hibernate.orm.core - HHH000001: Hibernate ORM core version 7.2.7.Final
2026-07-19 22:50:03.350 [restartedMain] INFO  o.s.boot.tomcat.TomcatWebServer - Tomcat initialized with port 8080 (http)
2026-07-19 22:50:03.351 [restartedMain] INFO  o.a.coyote.http11.Http11NioProtocol - Initializing ProtocolHandler ["http-nio-8080"]
2026-07-19 22:50:03.351 [restartedMain] INFO  o.a.catalina.core.StandardService - Starting service [Tomcat]
2026-07-19 22:50:03.351 [restartedMain] INFO  o.a.catalina.core.StandardEngine - Starting Servlet engine: [Apache Tomcat/11.0.18]
2026-07-19 22:50:03.360 [restartedMain] INFO  o.s.b.w.c.s.WebApplicationContextInitializer - Root WebApplicationContext: initialization completed in 123 ms
2026-07-19 22:50:03.371 [restartedMain] INFO  com.zaxxer.hikari.HikariDataSource - HikariPool-10 - Starting...
2026-07-19 22:50:03.375 [restartedMain] INFO  com.zaxxer.hikari.pool.HikariPool - HikariPool-10 - Added connection org.postgresql.jdbc.PgConnection@346ba107
2026-07-19 22:50:03.375 [restartedMain] INFO  com.zaxxer.hikari.HikariDataSource - HikariPool-10 - Start completed.
2026-07-19 22:50:03.385 [restartedMain] INFO  org.hibernate.orm.jpa - HHH008540: Processing PersistenceUnitInfo [name: default]
2026-07-19 22:50:03.406 [restartedMain] INFO  o.h.e.b.internal.EnversServiceImpl - Envers integration enabled? : true
2026-07-19 22:50:03.414 [restartedMain] INFO  o.s.o.j.p.SpringPersistenceUnitInfo - No LoadTimeWeaver setup: ignoring JPA class transformer
2026-07-19 22:50:03.420 [restartedMain] INFO  o.hibernate.orm.connections.pooling - HHH10001005: Database info:
	Database JDBC URL [jdbc:postgresql://localhost:5432/hospital]
	Database driver: PostgreSQL JDBC Driver
	Database dialect: PostgreSQLDialect
	Database version: 18.4
	Default catalog/schema: hospital/public
	Autocommit mode: undefined/unknown
	Isolation level: READ_COMMITTED [default READ_COMMITTED]
	JDBC fetch size: none
	Pool: DataSourceConnectionProvider
	Minimum pool size: undefined/unknown
	Maximum pool size: undefined/unknown
2026-07-19 22:50:03.432 [restartedMain] INFO  o.h.e.c.i.m.AuditMetadataGenerator - Adding properties for entity: com.ermapsh.hospital.entity.PostEntity
2026-07-19 22:50:03.451 [main] INFO  o.h.e.b.internal.EnversServiceImpl - Envers integration enabled? : true
2026-07-19 22:50:03.475 [restartedMain] INFO  org.hibernate.orm.core - HHH000489: No JTA platform available (set 'hibernate.transaction.jta.platform' to enable JTA platform integration)
2026-07-19 22:50:03.494 [restartedMain] INFO  o.s.o.j.LocalContainerEntityManagerFactoryBean - Initialized JPA EntityManagerFactory for persistence unit 'default'
2026-07-19 22:50:03.539 [main] INFO  o.s.o.j.p.SpringPersistenceUnitInfo - No LoadTimeWeaver setup: ignoring JPA class transformer
2026-07-19 22:50:03.551 [restartedMain] INFO  o.s.s.c.a.a.c.InitializeUserDetailsBeanManagerConfigurer$InitializeUserDetailsManagerConfigurer - Global AuthenticationManager configured with UserDetailsService bean with name userService
2026-07-19 22:50:03.589 [main] INFO  o.hibernate.orm.connections.pooling - HHH10001005: Database info:
	Database JDBC URL [jdbc:postgresql://localhost:5432/hospital]
	Database driver: PostgreSQL JDBC Driver
	Database dialect: PostgreSQLDialect
	Database version: 18.4
	Default catalog/schema: hospital/public
	Autocommit mode: undefined/unknown
	Isolation level: READ_COMMITTED [default READ_COMMITTED]
	JDBC fetch size: none
	Pool: DataSourceConnectionProvider
	Minimum pool size: undefined/unknown
	Maximum pool size: undefined/unknown
2026-07-19 22:50:03.595 [restartedMain] WARN  o.s.b.j.a.JpaBaseConfiguration$JpaWebConfiguration - spring.jpa.open-in-view is enabled by default. Therefore, database queries may be performed during view rendering. Explicitly configure spring.jpa.open-in-view to disable this warning
2026-07-19 22:50:03.647 [restartedMain] INFO  o.s.b.a.e.web.EndpointLinksResolver - Exposing 14 endpoints beneath base path '/actuator'
2026-07-19 22:50:03.654 [restartedMain] INFO  o.a.coyote.http11.Http11NioProtocol - Starting ProtocolHandler ["http-nio-8080"]
2026-07-19 22:50:03.655 [restartedMain] INFO  o.s.boot.tomcat.TomcatWebServer - Tomcat started on port 8080 (http) with context path '/'
2026-07-19 22:50:03.657 [restartedMain] INFO  c.e.hospital.HospitalApplication - Started HospitalApplication in 0.43 seconds (process running for 1028.527)
2026-07-19 22:50:03.657 [restartedMain] INFO  o.s.b.d.a.ConditionEvaluationDeltaLoggingListener - Condition evaluation unchanged
2026-07-19 22:50:03.708 [main] INFO  o.h.e.c.i.m.AuditMetadataGenerator - Adding properties for entity: com.ermapsh.hospital.entity.PostEntity
2026-07-19 22:50:04.081 [main] INFO  org.hibernate.orm.core - HHH000489: No JTA platform available (set 'hibernate.transaction.jta.platform' to enable JTA platform integration)
2026-07-19 22:50:04.126 [main] INFO  o.s.o.j.LocalContainerEntityManagerFactoryBean - Initialized JPA EntityManagerFactory for persistence unit 'default'
2026-07-19 22:50:04.282 [main] ERROR i.n.r.d.DnsServerAddressStreamProviders - Unable to load io.netty.resolver.dns.macos.MacOSDnsServerAddressStreamProvider, fallback to system defaults. This may result in incorrect DNS resolutions on MacOS. Check whether you have a dependency on 'io.netty:netty-resolver-dns-native-macos'. Use DEBUG level to see the full stack: java.lang.UnsatisfiedLinkError: failed to load the required native library
2026-07-19 22:50:04.382 [main] INFO  o.s.d.j.r.q.QueryEnhancerFactories - Hibernate is in classpath; If applicable, HQL parser will be used.
2026-07-19 22:50:04.472 [main] INFO  o.s.s.c.a.a.c.InitializeUserDetailsBeanManagerConfigurer$InitializeUserDetailsManagerConfigurer - Global AuthenticationManager configured with UserDetailsService bean with name userService
2026-07-19 22:50:04.857 [main] WARN  o.s.b.j.a.JpaBaseConfiguration$JpaWebConfiguration - spring.jpa.open-in-view is enabled by default. Therefore, database queries may be performed during view rendering. Explicitly configure spring.jpa.open-in-view to disable this warning
2026-07-19 22:50:05.177 [main] INFO  o.s.b.a.e.web.EndpointLinksResolver - Exposing 14 endpoints beneath base path '/actuator'
2026-07-19 22:50:05.203 [main] INFO  c.e.h.service.UserServiceCacheTest - Started UserServiceCacheTest in 2.785 seconds (process running for 3.246)
2026-07-19 22:50:07.622 [SpringApplicationShutdownHook] INFO  o.s.o.j.LocalContainerEntityManagerFactoryBean - Closing JPA EntityManagerFactory for persistence unit 'default'
2026-07-19 22:50:07.625 [SpringApplicationShutdownHook] INFO  com.zaxxer.hikari.HikariDataSource - HikariPool-1 - Shutdown initiated...
2026-07-19 22:50:07.635 [SpringApplicationShutdownHook] INFO  com.zaxxer.hikari.HikariDataSource - HikariPool-1 - Shutdown completed.
2026-07-19 22:50:21.228 [File Watcher] INFO  o.s.b.d.a.LocalDevToolsAutoConfiguration$RestartingClassPathChangeChangedEventListener - Restarting due to 1 class path change (0 additions, 0 deletions, 1 modification)
2026-07-19 22:50:21.229 [Thread-133] INFO  o.s.boot.tomcat.GracefulShutdown - Commencing graceful shutdown. Waiting for active requests to complete
2026-07-19 22:50:21.229 [tomcat-shutdown] INFO  o.a.coyote.http11.Http11NioProtocol - Pausing ProtocolHandler ["http-nio-8080"]
2026-07-19 22:50:21.229 [tomcat-shutdown] INFO  o.s.boot.tomcat.GracefulShutdown - Graceful shutdown complete
2026-07-19 22:50:21.230 [Thread-133] INFO  o.a.coyote.http11.Http11NioProtocol - Stopping ProtocolHandler ["http-nio-8080"]
2026-07-19 22:50:21.231 [Thread-133] INFO  o.s.o.j.LocalContainerEntityManagerFactoryBean - Closing JPA EntityManagerFactory for persistence unit 'default'
2026-07-19 22:50:21.231 [Thread-133] INFO  com.zaxxer.hikari.HikariDataSource - HikariPool-10 - Shutdown initiated...
2026-07-19 22:50:21.231 [Thread-133] INFO  com.zaxxer.hikari.HikariDataSource - HikariPool-10 - Shutdown completed.
2026-07-19 22:50:21.279 [restartedMain] INFO  c.e.hospital.HospitalApplication - Starting HospitalApplication using Java 25.0.1 with PID 8069 (/Users/ermapsh/Devlopement/project/backend/hospital/target/classes started by ermapsh in /Users/ermapsh/Devlopement/project/backend/hospital)
2026-07-19 22:50:21.279 [restartedMain] INFO  c.e.hospital.HospitalApplication - No active profile set, falling back to 1 default profile: "default"
2026-07-19 22:50:21.333 [restartedMain] INFO  o.s.d.r.c.RepositoryConfigurationDelegate - Bootstrapping Spring Data JPA repositories in DEFAULT mode.
2026-07-19 22:50:21.339 [restartedMain] INFO  o.s.d.r.c.RepositoryConfigurationDelegate - Finished Spring Data repository scanning in 4 ms. Found 8 JPA repository interfaces.
2026-07-19 22:50:21.368 [restartedMain] INFO  o.s.boot.tomcat.TomcatWebServer - Tomcat initialized with port 8080 (http)
2026-07-19 22:50:21.368 [restartedMain] INFO  o.a.coyote.http11.Http11NioProtocol - Initializing ProtocolHandler ["http-nio-8080"]
2026-07-19 22:50:21.368 [restartedMain] INFO  o.a.catalina.core.StandardService - Starting service [Tomcat]
2026-07-19 22:50:21.368 [restartedMain] INFO  o.a.catalina.core.StandardEngine - Starting Servlet engine: [Apache Tomcat/11.0.18]
2026-07-19 22:50:21.375 [restartedMain] INFO  o.s.b.w.c.s.WebApplicationContextInitializer - Root WebApplicationContext: initialization completed in 95 ms
2026-07-19 22:50:21.390 [restartedMain] INFO  com.zaxxer.hikari.HikariDataSource - HikariPool-11 - Starting...
2026-07-19 22:50:21.395 [restartedMain] INFO  com.zaxxer.hikari.pool.HikariPool - HikariPool-11 - Added connection org.postgresql.jdbc.PgConnection@71a7b50f
2026-07-19 22:50:21.395 [restartedMain] INFO  com.zaxxer.hikari.HikariDataSource - HikariPool-11 - Start completed.
2026-07-19 22:50:21.398 [restartedMain] INFO  org.hibernate.orm.jpa - HHH008540: Processing PersistenceUnitInfo [name: default]
2026-07-19 22:50:21.409 [restartedMain] INFO  o.h.e.b.internal.EnversServiceImpl - Envers integration enabled? : true
2026-07-19 22:50:21.411 [restartedMain] INFO  o.s.o.j.p.SpringPersistenceUnitInfo - No LoadTimeWeaver setup: ignoring JPA class transformer
2026-07-19 22:50:21.416 [restartedMain] INFO  o.hibernate.orm.connections.pooling - HHH10001005: Database info:
	Database JDBC URL [jdbc:postgresql://localhost:5432/hospital]
	Database driver: PostgreSQL JDBC Driver
	Database dialect: PostgreSQLDialect
	Database version: 18.4
	Default catalog/schema: hospital/public
	Autocommit mode: undefined/unknown
	Isolation level: READ_COMMITTED [default READ_COMMITTED]
	JDBC fetch size: none
	Pool: DataSourceConnectionProvider
	Minimum pool size: undefined/unknown
	Maximum pool size: undefined/unknown
2026-07-19 22:50:21.427 [restartedMain] INFO  o.h.e.c.i.m.AuditMetadataGenerator - Adding properties for entity: com.ermapsh.hospital.entity.PostEntity
2026-07-19 22:50:21.459 [restartedMain] INFO  org.hibernate.orm.core - HHH000489: No JTA platform available (set 'hibernate.transaction.jta.platform' to enable JTA platform integration)
2026-07-19 22:50:21.484 [restartedMain] INFO  o.s.o.j.LocalContainerEntityManagerFactoryBean - Initialized JPA EntityManagerFactory for persistence unit 'default'
2026-07-19 22:50:21.513 [restartedMain] INFO  o.s.s.c.a.a.c.InitializeUserDetailsBeanManagerConfigurer$InitializeUserDetailsManagerConfigurer - Global AuthenticationManager configured with UserDetailsService bean with name userService
2026-07-19 22:50:21.540 [restartedMain] WARN  o.s.b.j.a.JpaBaseConfiguration$JpaWebConfiguration - spring.jpa.open-in-view is enabled by default. Therefore, database queries may be performed during view rendering. Explicitly configure spring.jpa.open-in-view to disable this warning
2026-07-19 22:50:21.574 [restartedMain] INFO  o.s.b.a.e.web.EndpointLinksResolver - Exposing 14 endpoints beneath base path '/actuator'
2026-07-19 22:50:21.578 [restartedMain] INFO  o.a.coyote.http11.Http11NioProtocol - Starting ProtocolHandler ["http-nio-8080"]
2026-07-19 22:50:21.579 [restartedMain] INFO  o.s.boot.tomcat.TomcatWebServer - Tomcat started on port 8080 (http) with context path '/'
2026-07-19 22:50:21.580 [restartedMain] INFO  c.e.hospital.HospitalApplication - Started HospitalApplication in 0.307 seconds (process running for 1046.45)
2026-07-19 22:50:21.580 [restartedMain] INFO  o.s.b.d.a.ConditionEvaluationDeltaLoggingListener - Condition evaluation unchanged
2026-07-19 22:50:30.872 [main] INFO  c.e.h.service.UserServiceCacheTest - Starting UserServiceCacheTest using Java 25.0.1 with PID 8719 (started by ermapsh in /Users/ermapsh/Devlopement/project/backend/hospital)
2026-07-19 22:50:30.872 [main] INFO  c.e.h.service.UserServiceCacheTest - No active profile set, falling back to 1 default profile: "default"
2026-07-19 22:50:30.962 [background-preinit] INFO  o.h.validator.internal.util.Version - HV000001: Hibernate Validator 9.0.1.Final
2026-07-19 22:50:31.075 [File Watcher] INFO  o.s.b.d.a.LocalDevToolsAutoConfiguration$RestartingClassPathChangeChangedEventListener - Restarting due to 1 class path change (0 additions, 0 deletions, 1 modification)
2026-07-19 22:50:31.076 [Thread-147] INFO  o.s.boot.tomcat.GracefulShutdown - Commencing graceful shutdown. Waiting for active requests to complete
2026-07-19 22:50:31.076 [tomcat-shutdown] INFO  o.a.coyote.http11.Http11NioProtocol - Pausing ProtocolHandler ["http-nio-8080"]
2026-07-19 22:50:31.077 [tomcat-shutdown] INFO  o.s.boot.tomcat.GracefulShutdown - Graceful shutdown complete
2026-07-19 22:50:31.077 [Thread-147] INFO  o.a.coyote.http11.Http11NioProtocol - Stopping ProtocolHandler ["http-nio-8080"]
2026-07-19 22:50:31.078 [Thread-147] INFO  o.s.o.j.LocalContainerEntityManagerFactoryBean - Closing JPA EntityManagerFactory for persistence unit 'default'
2026-07-19 22:50:31.079 [Thread-147] INFO  com.zaxxer.hikari.HikariDataSource - HikariPool-11 - Shutdown initiated...
2026-07-19 22:50:31.079 [Thread-147] INFO  com.zaxxer.hikari.HikariDataSource - HikariPool-11 - Shutdown completed.
2026-07-19 22:50:31.134 [restartedMain] INFO  c.e.hospital.HospitalApplication - Starting HospitalApplication using Java 25.0.1 with PID 8069 (/Users/ermapsh/Devlopement/project/backend/hospital/target/classes started by ermapsh in /Users/ermapsh/Devlopement/project/backend/hospital)
2026-07-19 22:50:31.134 [restartedMain] INFO  c.e.hospital.HospitalApplication - No active profile set, falling back to 1 default profile: "default"
2026-07-19 22:50:31.186 [restartedMain] INFO  o.s.d.r.c.RepositoryConfigurationDelegate - Bootstrapping Spring Data JPA repositories in DEFAULT mode.
2026-07-19 22:50:31.191 [restartedMain] INFO  o.s.d.r.c.RepositoryConfigurationDelegate - Finished Spring Data repository scanning in 4 ms. Found 8 JPA repository interfaces.
2026-07-19 22:50:31.226 [restartedMain] INFO  o.s.boot.tomcat.TomcatWebServer - Tomcat initialized with port 8080 (http)
2026-07-19 22:50:31.226 [restartedMain] INFO  o.a.coyote.http11.Http11NioProtocol - Initializing ProtocolHandler ["http-nio-8080"]
2026-07-19 22:50:31.226 [restartedMain] INFO  o.a.catalina.core.StandardService - Starting service [Tomcat]
2026-07-19 22:50:31.226 [restartedMain] INFO  o.a.catalina.core.StandardEngine - Starting Servlet engine: [Apache Tomcat/11.0.18]
2026-07-19 22:50:31.234 [restartedMain] INFO  o.s.b.w.c.s.WebApplicationContextInitializer - Root WebApplicationContext: initialization completed in 99 ms
2026-07-19 22:50:31.246 [restartedMain] INFO  com.zaxxer.hikari.HikariDataSource - HikariPool-12 - Starting...
2026-07-19 22:50:31.250 [restartedMain] INFO  com.zaxxer.hikari.pool.HikariPool - HikariPool-12 - Added connection org.postgresql.jdbc.PgConnection@266629e1
2026-07-19 22:50:31.250 [restartedMain] INFO  com.zaxxer.hikari.HikariDataSource - HikariPool-12 - Start completed.
2026-07-19 22:50:31.258 [restartedMain] INFO  org.hibernate.orm.jpa - HHH008540: Processing PersistenceUnitInfo [name: default]
2026-07-19 22:50:31.266 [restartedMain] INFO  o.h.e.b.internal.EnversServiceImpl - Envers integration enabled? : true
2026-07-19 22:50:31.268 [restartedMain] INFO  o.s.o.j.p.SpringPersistenceUnitInfo - No LoadTimeWeaver setup: ignoring JPA class transformer
2026-07-19 22:50:31.272 [restartedMain] INFO  o.hibernate.orm.connections.pooling - HHH10001005: Database info:
	Database JDBC URL [jdbc:postgresql://localhost:5432/hospital]
	Database driver: PostgreSQL JDBC Driver
	Database dialect: PostgreSQLDialect
	Database version: 18.4
	Default catalog/schema: hospital/public
	Autocommit mode: undefined/unknown
	Isolation level: READ_COMMITTED [default READ_COMMITTED]
	JDBC fetch size: none
	Pool: DataSourceConnectionProvider
	Minimum pool size: undefined/unknown
	Maximum pool size: undefined/unknown
2026-07-19 22:50:31.286 [restartedMain] INFO  o.h.e.c.i.m.AuditMetadataGenerator - Adding properties for entity: com.ermapsh.hospital.entity.PostEntity
2026-07-19 22:50:31.305 [main] INFO  o.s.d.r.c.RepositoryConfigurationDelegate - Bootstrapping Spring Data JPA repositories in DEFAULT mode.
2026-07-19 22:50:31.340 [restartedMain] INFO  org.hibernate.orm.core - HHH000489: No JTA platform available (set 'hibernate.transaction.jta.platform' to enable JTA platform integration)
2026-07-19 22:50:31.362 [restartedMain] INFO  o.s.o.j.LocalContainerEntityManagerFactoryBean - Initialized JPA EntityManagerFactory for persistence unit 'default'
2026-07-19 22:50:31.377 [main] INFO  o.s.d.r.c.RepositoryConfigurationDelegate - Finished Spring Data repository scanning in 68 ms. Found 8 JPA repository interfaces.
2026-07-19 22:50:31.397 [restartedMain] INFO  o.s.s.c.a.a.c.InitializeUserDetailsBeanManagerConfigurer$InitializeUserDetailsManagerConfigurer - Global AuthenticationManager configured with UserDetailsService bean with name userService
2026-07-19 22:50:31.437 [restartedMain] WARN  o.s.b.j.a.JpaBaseConfiguration$JpaWebConfiguration - spring.jpa.open-in-view is enabled by default. Therefore, database queries may be performed during view rendering. Explicitly configure spring.jpa.open-in-view to disable this warning
2026-07-19 22:50:31.481 [restartedMain] INFO  o.s.b.a.e.web.EndpointLinksResolver - Exposing 14 endpoints beneath base path '/actuator'
2026-07-19 22:50:31.487 [restartedMain] INFO  o.a.coyote.http11.Http11NioProtocol - Starting ProtocolHandler ["http-nio-8080"]
2026-07-19 22:50:31.488 [restartedMain] INFO  o.s.boot.tomcat.TomcatWebServer - Tomcat started on port 8080 (http) with context path '/'
2026-07-19 22:50:31.490 [restartedMain] INFO  c.e.hospital.HospitalApplication - Started HospitalApplication in 0.362 seconds (process running for 1056.361)
2026-07-19 22:50:31.491 [restartedMain] INFO  o.s.b.d.a.ConditionEvaluationDeltaLoggingListener - Condition evaluation unchanged
2026-07-19 22:50:31.628 [main] INFO  com.zaxxer.hikari.HikariDataSource - HikariPool-1 - Starting...
2026-07-19 22:50:31.665 [main] INFO  com.zaxxer.hikari.pool.HikariPool - HikariPool-1 - Added connection org.postgresql.jdbc.PgConnection@2f3c7b24
2026-07-19 22:50:31.665 [main] INFO  com.zaxxer.hikari.HikariDataSource - HikariPool-1 - Start completed.
2026-07-19 22:50:31.700 [main] INFO  org.hibernate.orm.jpa - HHH008540: Processing PersistenceUnitInfo [name: default]
2026-07-19 22:50:31.721 [main] INFO  org.hibernate.orm.core - HHH000001: Hibernate ORM core version 7.2.7.Final
2026-07-19 22:50:31.806 [main] INFO  o.h.e.b.internal.EnversServiceImpl - Envers integration enabled? : true
2026-07-19 22:50:31.881 [main] INFO  o.s.o.j.p.SpringPersistenceUnitInfo - No LoadTimeWeaver setup: ignoring JPA class transformer
2026-07-19 22:50:31.914 [main] INFO  o.hibernate.orm.connections.pooling - HHH10001005: Database info:
	Database JDBC URL [jdbc:postgresql://localhost:5432/hospital]
	Database driver: PostgreSQL JDBC Driver
	Database dialect: PostgreSQLDialect
	Database version: 18.4
	Default catalog/schema: hospital/public
	Autocommit mode: undefined/unknown
	Isolation level: READ_COMMITTED [default READ_COMMITTED]
	JDBC fetch size: none
	Pool: DataSourceConnectionProvider
	Minimum pool size: undefined/unknown
	Maximum pool size: undefined/unknown
2026-07-19 22:50:32.006 [main] INFO  o.h.e.c.i.m.AuditMetadataGenerator - Adding properties for entity: com.ermapsh.hospital.entity.PostEntity
2026-07-19 22:50:32.385 [main] INFO  org.hibernate.orm.core - HHH000489: No JTA platform available (set 'hibernate.transaction.jta.platform' to enable JTA platform integration)
2026-07-19 22:50:32.430 [main] INFO  o.s.o.j.LocalContainerEntityManagerFactoryBean - Initialized JPA EntityManagerFactory for persistence unit 'default'
2026-07-19 22:50:32.579 [main] ERROR i.n.r.d.DnsServerAddressStreamProviders - Unable to load io.netty.resolver.dns.macos.MacOSDnsServerAddressStreamProvider, fallback to system defaults. This may result in incorrect DNS resolutions on MacOS. Check whether you have a dependency on 'io.netty:netty-resolver-dns-native-macos'. Use DEBUG level to see the full stack: java.lang.UnsatisfiedLinkError: failed to load the required native library
2026-07-19 22:50:32.707 [main] INFO  o.s.d.j.r.q.QueryEnhancerFactories - Hibernate is in classpath; If applicable, HQL parser will be used.
2026-07-19 22:50:32.798 [main] INFO  o.s.s.c.a.a.c.InitializeUserDetailsBeanManagerConfigurer$InitializeUserDetailsManagerConfigurer - Global AuthenticationManager configured with UserDetailsService bean with name userService
2026-07-19 22:50:33.177 [main] WARN  o.s.b.j.a.JpaBaseConfiguration$JpaWebConfiguration - spring.jpa.open-in-view is enabled by default. Therefore, database queries may be performed during view rendering. Explicitly configure spring.jpa.open-in-view to disable this warning
2026-07-19 22:50:33.479 [main] INFO  o.s.b.a.e.web.EndpointLinksResolver - Exposing 14 endpoints beneath base path '/actuator'
2026-07-19 22:50:33.511 [main] INFO  c.e.h.service.UserServiceCacheTest - Started UserServiceCacheTest in 2.777 seconds (process running for 3.236)
2026-07-19 22:50:35.942 [SpringApplicationShutdownHook] INFO  o.s.o.j.LocalContainerEntityManagerFactoryBean - Closing JPA EntityManagerFactory for persistence unit 'default'
2026-07-19 22:50:35.943 [SpringApplicationShutdownHook] INFO  com.zaxxer.hikari.HikariDataSource - HikariPool-1 - Shutdown initiated...
2026-07-19 22:50:35.945 [SpringApplicationShutdownHook] INFO  com.zaxxer.hikari.HikariDataSource - HikariPool-1 - Shutdown completed.
2026-07-19 22:50:41.363 [http-nio-8080-exec-2] INFO  o.a.c.c.C.[Tomcat-2].[localhost].[/] - Initializing Spring DispatcherServlet 'dispatcherServlet'
2026-07-19 22:50:41.363 [http-nio-8080-exec-2] INFO  o.s.web.servlet.DispatcherServlet - Initializing Servlet 'dispatcherServlet'
2026-07-19 22:50:41.366 [http-nio-8080-exec-2] INFO  o.s.web.servlet.DispatcherServlet - Completed initialization in 3 ms
2026-07-19 22:50:41.540 [http-nio-8080-exec-2] WARN  o.s.w.s.m.m.a.ExceptionHandlerExceptionResolver - Resolved [org.springframework.security.authentication.BadCredentialsException: Bad credentials]
2026-07-19 22:50:47.888 [http-nio-8080-exec-3] WARN  o.s.w.s.m.m.a.ExceptionHandlerExceptionResolver - Resolved [org.springframework.expression.spel.SpelEvaluationException: EL1007E: Property or field 'id' cannot be found on null]
2026-07-19 22:50:55.103 [http-nio-8080-exec-4] WARN  o.s.w.s.m.m.a.ExceptionHandlerExceptionResolver - Resolved [org.springframework.security.authentication.BadCredentialsException: User email already exist maheshmestri12@gmail.com]
2026-07-19 22:50:59.665 [http-nio-8080-exec-5] WARN  o.s.w.s.m.m.a.ExceptionHandlerExceptionResolver - Resolved [org.springframework.expression.spel.SpelEvaluationException: EL1007E: Property or field 'id' cannot be found on null]
2026-07-19 22:51:43.747 [File Watcher] INFO  o.s.b.d.a.LocalDevToolsAutoConfiguration$RestartingClassPathChangeChangedEventListener - Restarting due to 1 class path change (0 additions, 0 deletions, 1 modification)
2026-07-19 22:51:43.750 [Thread-161] INFO  o.s.boot.tomcat.GracefulShutdown - Commencing graceful shutdown. Waiting for active requests to complete
2026-07-19 22:51:43.750 [tomcat-shutdown] INFO  o.a.coyote.http11.Http11NioProtocol - Pausing ProtocolHandler ["http-nio-8080"]
2026-07-19 22:51:43.752 [tomcat-shutdown] INFO  o.s.boot.tomcat.GracefulShutdown - Graceful shutdown complete
2026-07-19 22:51:43.752 [Thread-161] INFO  o.a.coyote.http11.Http11NioProtocol - Stopping ProtocolHandler ["http-nio-8080"]
2026-07-19 22:51:43.754 [Thread-161] INFO  o.s.o.j.LocalContainerEntityManagerFactoryBean - Closing JPA EntityManagerFactory for persistence unit 'default'
2026-07-19 22:51:43.755 [Thread-161] INFO  com.zaxxer.hikari.HikariDataSource - HikariPool-12 - Shutdown initiated...
2026-07-19 22:51:43.756 [Thread-161] INFO  com.zaxxer.hikari.HikariDataSource - HikariPool-12 - Shutdown completed.
2026-07-19 22:51:43.822 [restartedMain] INFO  c.e.hospital.HospitalApplication - Starting HospitalApplication using Java 25.0.1 with PID 8069 (/Users/ermapsh/Devlopement/project/backend/hospital/target/classes started by ermapsh in /Users/ermapsh/Devlopement/project/backend/hospital)
2026-07-19 22:51:43.822 [restartedMain] INFO  c.e.hospital.HospitalApplication - No active profile set, falling back to 1 default profile: "default"
2026-07-19 22:51:43.875 [restartedMain] INFO  o.s.d.r.c.RepositoryConfigurationDelegate - Bootstrapping Spring Data JPA repositories in DEFAULT mode.
2026-07-19 22:51:43.880 [restartedMain] INFO  o.s.d.r.c.RepositoryConfigurationDelegate - Finished Spring Data repository scanning in 4 ms. Found 8 JPA repository interfaces.
2026-07-19 22:51:43.909 [restartedMain] INFO  o.s.boot.tomcat.TomcatWebServer - Tomcat initialized with port 8080 (http)
2026-07-19 22:51:43.909 [restartedMain] INFO  o.a.coyote.http11.Http11NioProtocol - Initializing ProtocolHandler ["http-nio-8080"]
2026-07-19 22:51:43.909 [restartedMain] INFO  o.a.catalina.core.StandardService - Starting service [Tomcat]
2026-07-19 22:51:43.909 [restartedMain] INFO  o.a.catalina.core.StandardEngine - Starting Servlet engine: [Apache Tomcat/11.0.18]
2026-07-19 22:51:43.913 [restartedMain] INFO  o.s.b.w.c.s.WebApplicationContextInitializer - Root WebApplicationContext: initialization completed in 90 ms
2026-07-19 22:51:43.923 [restartedMain] INFO  com.zaxxer.hikari.HikariDataSource - HikariPool-13 - Starting...
2026-07-19 22:51:43.930 [restartedMain] INFO  com.zaxxer.hikari.pool.HikariPool - HikariPool-13 - Added connection org.postgresql.jdbc.PgConnection@36f4a0f8
2026-07-19 22:51:43.930 [restartedMain] INFO  com.zaxxer.hikari.HikariDataSource - HikariPool-13 - Start completed.
2026-07-19 22:51:43.936 [restartedMain] INFO  org.hibernate.orm.jpa - HHH008540: Processing PersistenceUnitInfo [name: default]
2026-07-19 22:51:43.943 [restartedMain] INFO  o.h.e.b.internal.EnversServiceImpl - Envers integration enabled? : true
2026-07-19 22:51:43.945 [restartedMain] INFO  o.s.o.j.p.SpringPersistenceUnitInfo - No LoadTimeWeaver setup: ignoring JPA class transformer
2026-07-19 22:51:43.950 [restartedMain] INFO  o.hibernate.orm.connections.pooling - HHH10001005: Database info:
	Database JDBC URL [jdbc:postgresql://localhost:5432/hospital]
	Database driver: PostgreSQL JDBC Driver
	Database dialect: PostgreSQLDialect
	Database version: 18.4
	Default catalog/schema: hospital/public
	Autocommit mode: undefined/unknown
	Isolation level: READ_COMMITTED [default READ_COMMITTED]
	JDBC fetch size: none
	Pool: DataSourceConnectionProvider
	Minimum pool size: undefined/unknown
	Maximum pool size: undefined/unknown
2026-07-19 22:51:43.966 [restartedMain] INFO  o.h.e.c.i.m.AuditMetadataGenerator - Adding properties for entity: com.ermapsh.hospital.entity.PostEntity
2026-07-19 22:51:44.009 [restartedMain] INFO  org.hibernate.orm.core - HHH000489: No JTA platform available (set 'hibernate.transaction.jta.platform' to enable JTA platform integration)
2026-07-19 22:51:44.033 [restartedMain] INFO  o.s.o.j.LocalContainerEntityManagerFactoryBean - Initialized JPA EntityManagerFactory for persistence unit 'default'
2026-07-19 22:51:44.063 [restartedMain] INFO  o.s.s.c.a.a.c.InitializeUserDetailsBeanManagerConfigurer$InitializeUserDetailsManagerConfigurer - Global AuthenticationManager configured with UserDetailsService bean with name userService
2026-07-19 22:51:44.087 [restartedMain] WARN  o.s.b.j.a.JpaBaseConfiguration$JpaWebConfiguration - spring.jpa.open-in-view is enabled by default. Therefore, database queries may be performed during view rendering. Explicitly configure spring.jpa.open-in-view to disable this warning
2026-07-19 22:51:44.123 [restartedMain] INFO  o.s.b.a.e.web.EndpointLinksResolver - Exposing 14 endpoints beneath base path '/actuator'
2026-07-19 22:51:44.127 [restartedMain] INFO  o.a.coyote.http11.Http11NioProtocol - Starting ProtocolHandler ["http-nio-8080"]
2026-07-19 22:51:44.127 [restartedMain] INFO  o.s.boot.tomcat.TomcatWebServer - Tomcat started on port 8080 (http) with context path '/'
2026-07-19 22:51:44.128 [restartedMain] INFO  c.e.hospital.HospitalApplication - Started HospitalApplication in 0.312 seconds (process running for 1128.999)
2026-07-19 22:51:44.129 [restartedMain] INFO  o.s.b.d.a.ConditionEvaluationDeltaLoggingListener - Condition evaluation unchanged
2026-07-19 22:52:18.555 [SpringApplicationShutdownHook] INFO  o.s.boot.tomcat.GracefulShutdown - Commencing graceful shutdown. Waiting for active requests to complete
2026-07-19 22:52:18.556 [tomcat-shutdown] INFO  o.s.boot.tomcat.GracefulShutdown - Graceful shutdown complete
2026-07-19 22:52:18.557 [SpringApplicationShutdownHook] INFO  o.s.o.j.LocalContainerEntityManagerFactoryBean - Closing JPA EntityManagerFactory for persistence unit 'default'
2026-07-19 22:52:18.557 [SpringApplicationShutdownHook] INFO  com.zaxxer.hikari.HikariDataSource - HikariPool-13 - Shutdown initiated...
2026-07-19 22:52:18.558 [SpringApplicationShutdownHook] INFO  com.zaxxer.hikari.HikariDataSource - HikariPool-13 - Shutdown completed.
2026-07-19 22:52:20.002 [restartedMain] INFO  c.e.hospital.HospitalApplication - Starting HospitalApplication using Java 25.0.1 with PID 8803 (/Users/ermapsh/Devlopement/project/backend/hospital/target/classes started by ermapsh in /Users/ermapsh/Devlopement/project/backend/hospital)
2026-07-19 22:52:20.003 [restartedMain] INFO  c.e.hospital.HospitalApplication - No active profile set, falling back to 1 default profile: "default"
2026-07-19 22:52:20.023 [restartedMain] INFO  o.s.b.d.e.DevToolsPropertyDefaultsPostProcessor - Devtools property defaults active! Set 'spring.devtools.add-properties' to 'false' to disable
2026-07-19 22:52:20.023 [restartedMain] INFO  o.s.b.d.e.DevToolsPropertyDefaultsPostProcessor - For additional web related logging consider setting the 'logging.level.web' property to 'DEBUG'
2026-07-19 22:52:20.084 [background-preinit] INFO  o.h.validator.internal.util.Version - HV000001: Hibernate Validator 9.0.1.Final
2026-07-19 22:52:20.459 [restartedMain] INFO  o.s.d.r.c.RepositoryConfigurationDelegate - Bootstrapping Spring Data JPA repositories in DEFAULT mode.
2026-07-19 22:52:20.516 [restartedMain] INFO  o.s.d.r.c.RepositoryConfigurationDelegate - Finished Spring Data repository scanning in 53 ms. Found 8 JPA repository interfaces.
2026-07-19 22:52:20.821 [restartedMain] INFO  o.s.boot.tomcat.TomcatWebServer - Tomcat initialized with port 8080 (http)
2026-07-19 22:52:20.825 [restartedMain] INFO  o.a.coyote.http11.Http11NioProtocol - Initializing ProtocolHandler ["http-nio-8080"]
2026-07-19 22:52:20.825 [restartedMain] INFO  o.a.catalina.core.StandardService - Starting service [Tomcat]
2026-07-19 22:52:20.825 [restartedMain] INFO  o.a.catalina.core.StandardEngine - Starting Servlet engine: [Apache Tomcat/11.0.18]
2026-07-19 22:52:20.838 [restartedMain] INFO  o.s.b.w.c.s.WebApplicationContextInitializer - Root WebApplicationContext: initialization completed in 815 ms
2026-07-19 22:52:20.904 [restartedMain] INFO  com.zaxxer.hikari.HikariDataSource - HikariPool-1 - Starting...
2026-07-19 22:52:20.932 [restartedMain] INFO  com.zaxxer.hikari.pool.HikariPool - HikariPool-1 - Added connection org.postgresql.jdbc.PgConnection@2bb80624
2026-07-19 22:52:20.932 [restartedMain] INFO  com.zaxxer.hikari.HikariDataSource - HikariPool-1 - Start completed.
2026-07-19 22:52:20.964 [restartedMain] INFO  org.hibernate.orm.jpa - HHH008540: Processing PersistenceUnitInfo [name: default]
2026-07-19 22:52:20.983 [restartedMain] INFO  org.hibernate.orm.core - HHH000001: Hibernate ORM core version 7.2.7.Final
2026-07-19 22:52:21.069 [restartedMain] INFO  o.h.e.b.internal.EnversServiceImpl - Envers integration enabled? : true
2026-07-19 22:52:21.135 [restartedMain] INFO  o.s.o.j.p.SpringPersistenceUnitInfo - No LoadTimeWeaver setup: ignoring JPA class transformer
2026-07-19 22:52:21.162 [restartedMain] INFO  o.hibernate.orm.connections.pooling - HHH10001005: Database info:
	Database JDBC URL [jdbc:postgresql://localhost:5432/hospital]
	Database driver: PostgreSQL JDBC Driver
	Database dialect: PostgreSQLDialect
	Database version: 18.4
	Default catalog/schema: hospital/public
	Autocommit mode: undefined/unknown
	Isolation level: READ_COMMITTED [default READ_COMMITTED]
	JDBC fetch size: none
	Pool: DataSourceConnectionProvider
	Minimum pool size: undefined/unknown
	Maximum pool size: undefined/unknown
2026-07-19 22:52:21.255 [restartedMain] INFO  o.h.e.c.i.m.AuditMetadataGenerator - Adding properties for entity: com.ermapsh.hospital.entity.PostEntity
2026-07-19 22:52:21.629 [restartedMain] INFO  org.hibernate.orm.core - HHH000489: No JTA platform available (set 'hibernate.transaction.jta.platform' to enable JTA platform integration)
2026-07-19 22:52:21.673 [restartedMain] INFO  o.s.o.j.LocalContainerEntityManagerFactoryBean - Initialized JPA EntityManagerFactory for persistence unit 'default'
2026-07-19 22:52:21.700 [restartedMain] INFO  o.s.d.j.r.q.QueryEnhancerFactories - Hibernate is in classpath; If applicable, HQL parser will be used.
2026-07-19 22:52:21.910 [restartedMain] ERROR i.n.r.d.DnsServerAddressStreamProviders - Unable to load io.netty.resolver.dns.macos.MacOSDnsServerAddressStreamProvider, fallback to system defaults. This may result in incorrect DNS resolutions on MacOS. Check whether you have a dependency on 'io.netty:netty-resolver-dns-native-macos'. Use DEBUG level to see the full stack: java.lang.UnsatisfiedLinkError: failed to load the required native library
2026-07-19 22:52:21.976 [restartedMain] INFO  o.s.s.c.a.a.c.InitializeUserDetailsBeanManagerConfigurer$InitializeUserDetailsManagerConfigurer - Global AuthenticationManager configured with UserDetailsService bean with name userService
2026-07-19 22:52:22.295 [restartedMain] WARN  o.s.b.j.a.JpaBaseConfiguration$JpaWebConfiguration - spring.jpa.open-in-view is enabled by default. Therefore, database queries may be performed during view rendering. Explicitly configure spring.jpa.open-in-view to disable this warning
2026-07-19 22:52:22.535 [restartedMain] INFO  o.s.b.a.e.web.EndpointLinksResolver - Exposing 14 endpoints beneath base path '/actuator'
2026-07-19 22:52:22.563 [restartedMain] INFO  o.a.coyote.http11.Http11NioProtocol - Starting ProtocolHandler ["http-nio-8080"]
2026-07-19 22:52:22.567 [restartedMain] INFO  o.s.boot.tomcat.TomcatWebServer - Tomcat started on port 8080 (http) with context path '/'
2026-07-19 22:52:22.572 [restartedMain] INFO  c.e.hospital.HospitalApplication - Started HospitalApplication in 2.763 seconds (process running for 2.963)
2026-07-19 22:52:33.043 [File Watcher] INFO  o.s.b.d.a.LocalDevToolsAutoConfiguration$RestartingClassPathChangeChangedEventListener - Restarting due to 1 class path change (0 additions, 0 deletions, 1 modification)
2026-07-19 22:52:33.049 [Thread-1] INFO  o.s.boot.tomcat.GracefulShutdown - Commencing graceful shutdown. Waiting for active requests to complete
2026-07-19 22:52:33.050 [tomcat-shutdown] INFO  o.a.coyote.http11.Http11NioProtocol - Pausing ProtocolHandler ["http-nio-8080"]
2026-07-19 22:52:33.053 [tomcat-shutdown] INFO  o.s.boot.tomcat.GracefulShutdown - Graceful shutdown complete
2026-07-19 22:52:33.054 [Thread-1] INFO  o.a.coyote.http11.Http11NioProtocol - Stopping ProtocolHandler ["http-nio-8080"]
2026-07-19 22:52:33.071 [Thread-1] INFO  o.s.o.j.LocalContainerEntityManagerFactoryBean - Closing JPA EntityManagerFactory for persistence unit 'default'
2026-07-19 22:52:33.073 [Thread-1] INFO  com.zaxxer.hikari.HikariDataSource - HikariPool-1 - Shutdown initiated...
2026-07-19 22:52:33.074 [Thread-1] INFO  com.zaxxer.hikari.HikariDataSource - HikariPool-1 - Shutdown completed.
2026-07-19 22:52:33.116 [restartedMain] INFO  c.e.hospital.HospitalApplication - Starting HospitalApplication using Java 25.0.1 with PID 8803 (/Users/ermapsh/Devlopement/project/backend/hospital/target/classes started by ermapsh in /Users/ermapsh/Devlopement/project/backend/hospital)
2026-07-19 22:52:33.116 [restartedMain] INFO  c.e.hospital.HospitalApplication - No active profile set, falling back to 1 default profile: "default"
2026-07-19 22:52:33.187 [restartedMain] INFO  o.s.d.r.c.RepositoryConfigurationDelegate - Bootstrapping Spring Data JPA repositories in DEFAULT mode.
2026-07-19 22:52:33.193 [restartedMain] INFO  o.s.d.r.c.RepositoryConfigurationDelegate - Finished Spring Data repository scanning in 6 ms. Found 8 JPA repository interfaces.
2026-07-19 22:52:33.236 [restartedMain] INFO  o.s.boot.tomcat.TomcatWebServer - Tomcat initialized with port 8080 (http)
2026-07-19 22:52:33.237 [restartedMain] INFO  o.a.coyote.http11.Http11NioProtocol - Initializing ProtocolHandler ["http-nio-8080"]
2026-07-19 22:52:33.237 [restartedMain] INFO  o.a.catalina.core.StandardService - Starting service [Tomcat]
2026-07-19 22:52:33.237 [restartedMain] INFO  o.a.catalina.core.StandardEngine - Starting Servlet engine: [Apache Tomcat/11.0.18]
2026-07-19 22:52:33.243 [restartedMain] INFO  o.s.b.w.c.s.WebApplicationContextInitializer - Root WebApplicationContext: initialization completed in 126 ms
2026-07-19 22:52:33.272 [restartedMain] INFO  com.zaxxer.hikari.HikariDataSource - HikariPool-2 - Starting...
2026-07-19 22:52:33.276 [restartedMain] INFO  com.zaxxer.hikari.pool.HikariPool - HikariPool-2 - Added connection org.postgresql.jdbc.PgConnection@2c64c4e
2026-07-19 22:52:33.276 [restartedMain] INFO  com.zaxxer.hikari.HikariDataSource - HikariPool-2 - Start completed.
2026-07-19 22:52:33.281 [restartedMain] INFO  org.hibernate.orm.jpa - HHH008540: Processing PersistenceUnitInfo [name: default]
2026-07-19 22:52:33.289 [restartedMain] INFO  o.h.e.b.internal.EnversServiceImpl - Envers integration enabled? : true
2026-07-19 22:52:33.291 [restartedMain] INFO  o.s.o.j.p.SpringPersistenceUnitInfo - No LoadTimeWeaver setup: ignoring JPA class transformer
2026-07-19 22:52:33.295 [restartedMain] INFO  o.hibernate.orm.connections.pooling - HHH10001005: Database info:
	Database JDBC URL [jdbc:postgresql://localhost:5432/hospital]
	Database driver: PostgreSQL JDBC Driver
	Database dialect: PostgreSQLDialect
	Database version: 18.4
	Default catalog/schema: hospital/public
	Autocommit mode: undefined/unknown
	Isolation level: READ_COMMITTED [default READ_COMMITTED]
	JDBC fetch size: none
	Pool: DataSourceConnectionProvider
	Minimum pool size: undefined/unknown
	Maximum pool size: undefined/unknown
2026-07-19 22:52:33.308 [restartedMain] INFO  o.h.e.c.i.m.AuditMetadataGenerator - Adding properties for entity: com.ermapsh.hospital.entity.PostEntity
2026-07-19 22:52:33.359 [restartedMain] INFO  org.hibernate.orm.core - HHH000489: No JTA platform available (set 'hibernate.transaction.jta.platform' to enable JTA platform integration)
2026-07-19 22:52:33.390 [restartedMain] INFO  o.s.o.j.LocalContainerEntityManagerFactoryBean - Initialized JPA EntityManagerFactory for persistence unit 'default'
2026-07-19 22:52:33.433 [restartedMain] INFO  o.s.s.c.a.a.c.InitializeUserDetailsBeanManagerConfigurer$InitializeUserDetailsManagerConfigurer - Global AuthenticationManager configured with UserDetailsService bean with name userService
2026-07-19 22:52:33.467 [restartedMain] WARN  o.s.b.j.a.JpaBaseConfiguration$JpaWebConfiguration - spring.jpa.open-in-view is enabled by default. Therefore, database queries may be performed during view rendering. Explicitly configure spring.jpa.open-in-view to disable this warning
2026-07-19 22:52:33.526 [restartedMain] INFO  o.s.b.a.e.web.EndpointLinksResolver - Exposing 14 endpoints beneath base path '/actuator'
2026-07-19 22:52:33.532 [restartedMain] INFO  o.a.coyote.http11.Http11NioProtocol - Starting ProtocolHandler ["http-nio-8080"]
2026-07-19 22:52:33.533 [restartedMain] INFO  o.s.boot.tomcat.TomcatWebServer - Tomcat started on port 8080 (http) with context path '/'
2026-07-19 22:52:33.534 [restartedMain] INFO  c.e.hospital.HospitalApplication - Started HospitalApplication in 0.427 seconds (process running for 13.925)
2026-07-19 22:52:33.535 [restartedMain] INFO  o.s.b.d.a.ConditionEvaluationDeltaLoggingListener - Condition evaluation unchanged
2026-07-19 22:52:41.687 [http-nio-8080-exec-2] INFO  o.a.c.c.C.[Tomcat].[localhost].[/] - Initializing Spring DispatcherServlet 'dispatcherServlet'
2026-07-19 22:52:41.687 [http-nio-8080-exec-2] INFO  o.s.web.servlet.DispatcherServlet - Initializing Servlet 'dispatcherServlet'
2026-07-19 22:52:41.688 [http-nio-8080-exec-2] INFO  o.s.web.servlet.DispatcherServlet - Completed initialization in 1 ms
2026-07-19 22:52:41.803 [http-nio-8080-exec-2] WARN  o.s.w.s.m.m.a.ExceptionHandlerExceptionResolver - Resolved [org.springframework.security.authentication.BadCredentialsException: User email already exist maheshmestri72@gmail.com]
2026-07-19 22:52:46.063 [http-nio-8080-exec-3] WARN  o.s.w.s.m.m.a.ExceptionHandlerExceptionResolver - Resolved [org.springframework.security.authentication.BadCredentialsException: User email already exist maheshmestri73@gmail.com]
2026-07-19 22:52:55.437 [SpringApplicationShutdownHook] INFO  o.s.boot.tomcat.GracefulShutdown - Commencing graceful shutdown. Waiting for active requests to complete
2026-07-19 22:52:55.438 [tomcat-shutdown] INFO  o.s.boot.tomcat.GracefulShutdown - Graceful shutdown complete
2026-07-19 22:52:55.440 [SpringApplicationShutdownHook] INFO  o.s.o.j.LocalContainerEntityManagerFactoryBean - Closing JPA EntityManagerFactory for persistence unit 'default'
2026-07-19 22:52:55.441 [SpringApplicationShutdownHook] INFO  com.zaxxer.hikari.HikariDataSource - HikariPool-2 - Shutdown initiated...
2026-07-19 22:52:55.441 [SpringApplicationShutdownHook] INFO  com.zaxxer.hikari.HikariDataSource - HikariPool-2 - Shutdown completed.
2026-07-19 22:52:56.389 [restartedMain] INFO  c.e.hospital.HospitalApplication - Starting HospitalApplication using Java 25.0.1 with PID 8851 (/Users/ermapsh/Devlopement/project/backend/hospital/target/classes started by ermapsh in /Users/ermapsh/Devlopement/project/backend/hospital)
2026-07-19 22:52:56.390 [restartedMain] INFO  c.e.hospital.HospitalApplication - No active profile set, falling back to 1 default profile: "default"
2026-07-19 22:52:56.421 [restartedMain] INFO  o.s.b.d.e.DevToolsPropertyDefaultsPostProcessor - Devtools property defaults active! Set 'spring.devtools.add-properties' to 'false' to disable
2026-07-19 22:52:56.421 [restartedMain] INFO  o.s.b.d.e.DevToolsPropertyDefaultsPostProcessor - For additional web related logging consider setting the 'logging.level.web' property to 'DEBUG'
2026-07-19 22:52:56.505 [background-preinit] INFO  o.h.validator.internal.util.Version - HV000001: Hibernate Validator 9.0.1.Final
2026-07-19 22:52:56.845 [restartedMain] INFO  o.s.d.r.c.RepositoryConfigurationDelegate - Bootstrapping Spring Data JPA repositories in DEFAULT mode.
2026-07-19 22:52:56.902 [restartedMain] INFO  o.s.d.r.c.RepositoryConfigurationDelegate - Finished Spring Data repository scanning in 54 ms. Found 8 JPA repository interfaces.
2026-07-19 22:52:57.210 [restartedMain] INFO  o.s.boot.tomcat.TomcatWebServer - Tomcat initialized with port 8080 (http)
2026-07-19 22:52:57.214 [restartedMain] INFO  o.a.coyote.http11.Http11NioProtocol - Initializing ProtocolHandler ["http-nio-8080"]
2026-07-19 22:52:57.214 [restartedMain] INFO  o.a.catalina.core.StandardService - Starting service [Tomcat]
2026-07-19 22:52:57.214 [restartedMain] INFO  o.a.catalina.core.StandardEngine - Starting Servlet engine: [Apache Tomcat/11.0.18]
2026-07-19 22:52:57.227 [restartedMain] INFO  o.s.b.w.c.s.WebApplicationContextInitializer - Root WebApplicationContext: initialization completed in 806 ms
2026-07-19 22:52:57.290 [restartedMain] INFO  com.zaxxer.hikari.HikariDataSource - HikariPool-1 - Starting...
2026-07-19 22:52:57.321 [restartedMain] INFO  com.zaxxer.hikari.pool.HikariPool - HikariPool-1 - Added connection org.postgresql.jdbc.PgConnection@4920a5a3
2026-07-19 22:52:57.321 [restartedMain] INFO  com.zaxxer.hikari.HikariDataSource - HikariPool-1 - Start completed.
2026-07-19 22:52:57.353 [restartedMain] INFO  org.hibernate.orm.jpa - HHH008540: Processing PersistenceUnitInfo [name: default]
2026-07-19 22:52:57.373 [restartedMain] INFO  org.hibernate.orm.core - HHH000001: Hibernate ORM core version 7.2.7.Final
2026-07-19 22:52:57.460 [restartedMain] INFO  o.h.e.b.internal.EnversServiceImpl - Envers integration enabled? : true
2026-07-19 22:52:57.516 [restartedMain] INFO  o.s.o.j.p.SpringPersistenceUnitInfo - No LoadTimeWeaver setup: ignoring JPA class transformer
2026-07-19 22:52:57.548 [restartedMain] INFO  o.hibernate.orm.connections.pooling - HHH10001005: Database info:
	Database JDBC URL [jdbc:postgresql://localhost:5432/hospital]
	Database driver: PostgreSQL JDBC Driver
	Database dialect: PostgreSQLDialect
	Database version: 18.4
	Default catalog/schema: hospital/public
	Autocommit mode: undefined/unknown
	Isolation level: READ_COMMITTED [default READ_COMMITTED]
	JDBC fetch size: none
	Pool: DataSourceConnectionProvider
	Minimum pool size: undefined/unknown
	Maximum pool size: undefined/unknown
2026-07-19 22:52:57.646 [restartedMain] INFO  o.h.e.c.i.m.AuditMetadataGenerator - Adding properties for entity: com.ermapsh.hospital.entity.PostEntity
2026-07-19 22:52:58.001 [restartedMain] INFO  org.hibernate.orm.core - HHH000489: No JTA platform available (set 'hibernate.transaction.jta.platform' to enable JTA platform integration)
2026-07-19 22:52:58.074 [restartedMain] INFO  o.s.o.j.LocalContainerEntityManagerFactoryBean - Initialized JPA EntityManagerFactory for persistence unit 'default'
2026-07-19 22:52:58.098 [restartedMain] INFO  o.s.d.j.r.q.QueryEnhancerFactories - Hibernate is in classpath; If applicable, HQL parser will be used.
2026-07-19 22:52:58.316 [restartedMain] ERROR i.n.r.d.DnsServerAddressStreamProviders - Unable to load io.netty.resolver.dns.macos.MacOSDnsServerAddressStreamProvider, fallback to system defaults. This may result in incorrect DNS resolutions on MacOS. Check whether you have a dependency on 'io.netty:netty-resolver-dns-native-macos'. Use DEBUG level to see the full stack: java.lang.UnsatisfiedLinkError: failed to load the required native library
2026-07-19 22:52:58.377 [restartedMain] INFO  o.s.s.c.a.a.c.InitializeUserDetailsBeanManagerConfigurer$InitializeUserDetailsManagerConfigurer - Global AuthenticationManager configured with UserDetailsService bean with name userService
2026-07-19 22:52:58.699 [restartedMain] WARN  o.s.b.j.a.JpaBaseConfiguration$JpaWebConfiguration - spring.jpa.open-in-view is enabled by default. Therefore, database queries may be performed during view rendering. Explicitly configure spring.jpa.open-in-view to disable this warning
2026-07-19 22:52:58.940 [restartedMain] INFO  o.s.b.a.e.web.EndpointLinksResolver - Exposing 14 endpoints beneath base path '/actuator'
2026-07-19 22:52:58.966 [restartedMain] INFO  o.a.coyote.http11.Http11NioProtocol - Starting ProtocolHandler ["http-nio-8080"]
2026-07-19 22:52:58.970 [restartedMain] INFO  o.s.boot.tomcat.TomcatWebServer - Tomcat started on port 8080 (http) with context path '/'
2026-07-19 22:52:58.974 [restartedMain] INFO  c.e.hospital.HospitalApplication - Started HospitalApplication in 2.763 seconds (process running for 2.957)
2026-07-19 22:53:02.293 [SpringApplicationShutdownHook] INFO  o.s.boot.tomcat.GracefulShutdown - Commencing graceful shutdown. Waiting for active requests to complete
2026-07-19 22:53:02.294 [tomcat-shutdown] INFO  o.s.boot.tomcat.GracefulShutdown - Graceful shutdown complete
2026-07-19 22:53:02.306 [SpringApplicationShutdownHook] INFO  o.s.o.j.LocalContainerEntityManagerFactoryBean - Closing JPA EntityManagerFactory for persistence unit 'default'
2026-07-19 22:53:02.307 [SpringApplicationShutdownHook] INFO  com.zaxxer.hikari.HikariDataSource - HikariPool-1 - Shutdown initiated...
2026-07-19 22:53:02.308 [SpringApplicationShutdownHook] INFO  com.zaxxer.hikari.HikariDataSource - HikariPool-1 - Shutdown completed.
2026-07-19 22:53:03.306 [restartedMain] INFO  c.e.hospital.HospitalApplication - Starting HospitalApplication using Java 25.0.1 with PID 8877 (/Users/ermapsh/Devlopement/project/backend/hospital/target/classes started by ermapsh in /Users/ermapsh/Devlopement/project/backend/hospital)
2026-07-19 22:53:03.309 [restartedMain] INFO  c.e.hospital.HospitalApplication - No active profile set, falling back to 1 default profile: "default"
2026-07-19 22:53:03.331 [restartedMain] INFO  o.s.b.d.e.DevToolsPropertyDefaultsPostProcessor - Devtools property defaults active! Set 'spring.devtools.add-properties' to 'false' to disable
2026-07-19 22:53:03.331 [restartedMain] INFO  o.s.b.d.e.DevToolsPropertyDefaultsPostProcessor - For additional web related logging consider setting the 'logging.level.web' property to 'DEBUG'
2026-07-19 22:53:03.386 [background-preinit] INFO  o.h.validator.internal.util.Version - HV000001: Hibernate Validator 9.0.1.Final
2026-07-19 22:53:03.749 [restartedMain] INFO  o.s.d.r.c.RepositoryConfigurationDelegate - Bootstrapping Spring Data JPA repositories in DEFAULT mode.
2026-07-19 22:53:03.813 [restartedMain] INFO  o.s.d.r.c.RepositoryConfigurationDelegate - Finished Spring Data repository scanning in 60 ms. Found 8 JPA repository interfaces.
2026-07-19 22:53:04.109 [restartedMain] INFO  o.s.boot.tomcat.TomcatWebServer - Tomcat initialized with port 8080 (http)
2026-07-19 22:53:04.114 [restartedMain] INFO  o.a.coyote.http11.Http11NioProtocol - Initializing ProtocolHandler ["http-nio-8080"]
2026-07-19 22:53:04.114 [restartedMain] INFO  o.a.catalina.core.StandardService - Starting service [Tomcat]
2026-07-19 22:53:04.114 [restartedMain] INFO  o.a.catalina.core.StandardEngine - Starting Servlet engine: [Apache Tomcat/11.0.18]
2026-07-19 22:53:04.129 [restartedMain] INFO  o.s.b.w.c.s.WebApplicationContextInitializer - Root WebApplicationContext: initialization completed in 796 ms
2026-07-19 22:53:04.188 [restartedMain] INFO  com.zaxxer.hikari.HikariDataSource - HikariPool-1 - Starting...
2026-07-19 22:53:04.217 [restartedMain] INFO  com.zaxxer.hikari.pool.HikariPool - HikariPool-1 - Added connection org.postgresql.jdbc.PgConnection@4920a5a3
2026-07-19 22:53:04.218 [restartedMain] INFO  com.zaxxer.hikari.HikariDataSource - HikariPool-1 - Start completed.
2026-07-19 22:53:04.249 [restartedMain] INFO  org.hibernate.orm.jpa - HHH008540: Processing PersistenceUnitInfo [name: default]
2026-07-19 22:53:04.266 [restartedMain] INFO  org.hibernate.orm.core - HHH000001: Hibernate ORM core version 7.2.7.Final
2026-07-19 22:53:04.351 [restartedMain] INFO  o.h.e.b.internal.EnversServiceImpl - Envers integration enabled? : true
2026-07-19 22:53:04.413 [restartedMain] INFO  o.s.o.j.p.SpringPersistenceUnitInfo - No LoadTimeWeaver setup: ignoring JPA class transformer
2026-07-19 22:53:04.443 [restartedMain] INFO  o.hibernate.orm.connections.pooling - HHH10001005: Database info:
	Database JDBC URL [jdbc:postgresql://localhost:5432/hospital]
	Database driver: PostgreSQL JDBC Driver
	Database dialect: PostgreSQLDialect
	Database version: 18.4
	Default catalog/schema: hospital/public
	Autocommit mode: undefined/unknown
	Isolation level: READ_COMMITTED [default READ_COMMITTED]
	JDBC fetch size: none
	Pool: DataSourceConnectionProvider
	Minimum pool size: undefined/unknown
	Maximum pool size: undefined/unknown
2026-07-19 22:53:04.539 [restartedMain] INFO  o.h.e.c.i.m.AuditMetadataGenerator - Adding properties for entity: com.ermapsh.hospital.entity.PostEntity
2026-07-19 22:53:04.901 [restartedMain] INFO  org.hibernate.orm.core - HHH000489: No JTA platform available (set 'hibernate.transaction.jta.platform' to enable JTA platform integration)
2026-07-19 22:53:04.943 [restartedMain] INFO  o.s.o.j.LocalContainerEntityManagerFactoryBean - Initialized JPA EntityManagerFactory for persistence unit 'default'
2026-07-19 22:53:04.964 [restartedMain] INFO  o.s.d.j.r.q.QueryEnhancerFactories - Hibernate is in classpath; If applicable, HQL parser will be used.
2026-07-19 22:53:05.157 [restartedMain] ERROR i.n.r.d.DnsServerAddressStreamProviders - Unable to load io.netty.resolver.dns.macos.MacOSDnsServerAddressStreamProvider, fallback to system defaults. This may result in incorrect DNS resolutions on MacOS. Check whether you have a dependency on 'io.netty:netty-resolver-dns-native-macos'. Use DEBUG level to see the full stack: java.lang.UnsatisfiedLinkError: failed to load the required native library
2026-07-19 22:53:05.225 [restartedMain] INFO  o.s.s.c.a.a.c.InitializeUserDetailsBeanManagerConfigurer$InitializeUserDetailsManagerConfigurer - Global AuthenticationManager configured with UserDetailsService bean with name userService
2026-07-19 22:53:05.581 [restartedMain] WARN  o.s.b.j.a.JpaBaseConfiguration$JpaWebConfiguration - spring.jpa.open-in-view is enabled by default. Therefore, database queries may be performed during view rendering. Explicitly configure spring.jpa.open-in-view to disable this warning
2026-07-19 22:53:05.852 [restartedMain] INFO  o.s.b.a.e.web.EndpointLinksResolver - Exposing 14 endpoints beneath base path '/actuator'
2026-07-19 22:53:05.883 [restartedMain] INFO  o.a.coyote.http11.Http11NioProtocol - Starting ProtocolHandler ["http-nio-8080"]
2026-07-19 22:53:05.887 [restartedMain] INFO  o.s.boot.tomcat.TomcatWebServer - Tomcat started on port 8080 (http) with context path '/'
2026-07-19 22:53:05.893 [restartedMain] INFO  c.e.hospital.HospitalApplication - Started HospitalApplication in 2.787 seconds (process running for 2.985)
2026-07-19 22:55:01.302 [main] INFO  c.e.h.service.UserServiceCacheTest - Starting UserServiceCacheTest using Java 25.0.1 with PID 8928 (started by ermapsh in /Users/ermapsh/Devlopement/project/backend/hospital)
2026-07-19 22:55:01.303 [main] INFO  c.e.h.service.UserServiceCacheTest - No active profile set, falling back to 1 default profile: "default"
2026-07-19 22:55:01.387 [background-preinit] INFO  o.h.validator.internal.util.Version - HV000001: Hibernate Validator 9.0.1.Final
2026-07-19 22:55:01.639 [main] INFO  o.s.d.r.c.RepositoryConfigurationDelegate - Bootstrapping Spring Data JPA repositories in DEFAULT mode.
2026-07-19 22:55:01.693 [main] INFO  o.s.d.r.c.RepositoryConfigurationDelegate - Finished Spring Data repository scanning in 50 ms. Found 8 JPA repository interfaces.
2026-07-19 22:55:01.910 [main] INFO  com.zaxxer.hikari.HikariDataSource - HikariPool-1 - Starting...
2026-07-19 22:55:01.949 [main] INFO  com.zaxxer.hikari.pool.HikariPool - HikariPool-1 - Added connection org.postgresql.jdbc.PgConnection@2acbe46d
2026-07-19 22:55:01.950 [main] INFO  com.zaxxer.hikari.HikariDataSource - HikariPool-1 - Start completed.
2026-07-19 22:55:01.982 [main] INFO  org.hibernate.orm.jpa - HHH008540: Processing PersistenceUnitInfo [name: default]
2026-07-19 22:55:02.004 [main] INFO  org.hibernate.orm.core - HHH000001: Hibernate ORM core version 7.2.7.Final
2026-07-19 22:55:02.098 [main] INFO  o.h.e.b.internal.EnversServiceImpl - Envers integration enabled? : true
2026-07-19 22:55:02.171 [main] INFO  o.s.o.j.p.SpringPersistenceUnitInfo - No LoadTimeWeaver setup: ignoring JPA class transformer
2026-07-19 22:55:02.206 [main] INFO  o.hibernate.orm.connections.pooling - HHH10001005: Database info:
	Database JDBC URL [jdbc:postgresql://localhost:5432/hospital]
	Database driver: PostgreSQL JDBC Driver
	Database dialect: PostgreSQLDialect
	Database version: 18.4
	Default catalog/schema: hospital/public
	Autocommit mode: undefined/unknown
	Isolation level: READ_COMMITTED [default READ_COMMITTED]
	JDBC fetch size: none
	Pool: DataSourceConnectionProvider
	Minimum pool size: undefined/unknown
	Maximum pool size: undefined/unknown
2026-07-19 22:55:02.298 [main] INFO  o.h.e.c.i.m.AuditMetadataGenerator - Adding properties for entity: com.ermapsh.hospital.entity.PostEntity
2026-07-19 22:55:02.685 [main] INFO  org.hibernate.orm.core - HHH000489: No JTA platform available (set 'hibernate.transaction.jta.platform' to enable JTA platform integration)
2026-07-19 22:55:02.731 [main] INFO  o.s.o.j.LocalContainerEntityManagerFactoryBean - Initialized JPA EntityManagerFactory for persistence unit 'default'
2026-07-19 22:55:02.889 [main] ERROR i.n.r.d.DnsServerAddressStreamProviders - Unable to load io.netty.resolver.dns.macos.MacOSDnsServerAddressStreamProvider, fallback to system defaults. This may result in incorrect DNS resolutions on MacOS. Check whether you have a dependency on 'io.netty:netty-resolver-dns-native-macos'. Use DEBUG level to see the full stack: java.lang.UnsatisfiedLinkError: failed to load the required native library
2026-07-19 22:55:02.976 [main] INFO  o.s.d.j.r.q.QueryEnhancerFactories - Hibernate is in classpath; If applicable, HQL parser will be used.
2026-07-19 22:55:03.067 [main] INFO  o.s.s.c.a.a.c.InitializeUserDetailsBeanManagerConfigurer$InitializeUserDetailsManagerConfigurer - Global AuthenticationManager configured with UserDetailsService bean with name userService
2026-07-19 22:55:03.516 [main] WARN  o.s.b.j.a.JpaBaseConfiguration$JpaWebConfiguration - spring.jpa.open-in-view is enabled by default. Therefore, database queries may be performed during view rendering. Explicitly configure spring.jpa.open-in-view to disable this warning
2026-07-19 22:55:03.808 [main] INFO  o.s.b.a.e.web.EndpointLinksResolver - Exposing 14 endpoints beneath base path '/actuator'
2026-07-19 22:55:03.840 [main] INFO  c.e.h.service.UserServiceCacheTest - Started UserServiceCacheTest in 2.677 seconds (process running for 3.156)
2026-07-19 22:55:04.174 [main] INFO  c.e.h.service.UserServiceCacheTest - first time calling: mahesh
2026-07-19 22:55:04.174 [main] INFO  c.e.h.service.UserServiceCacheTest - second time calling - from cache: mahesh
2026-07-19 22:55:04.186 [main] INFO  c.e.h.service.UserServiceCacheTest - first time calling: mahesh
2026-07-19 22:55:04.186 [main] INFO  c.e.h.service.UserServiceCacheTest - second time calling - from cache: mahesh
2026-07-19 22:55:06.281 [SpringApplicationShutdownHook] INFO  o.s.o.j.LocalContainerEntityManagerFactoryBean - Closing JPA EntityManagerFactory for persistence unit 'default'
2026-07-19 22:55:06.287 [SpringApplicationShutdownHook] INFO  com.zaxxer.hikari.HikariDataSource - HikariPool-1 - Shutdown initiated...
2026-07-19 22:55:06.291 [SpringApplicationShutdownHook] INFO  com.zaxxer.hikari.HikariDataSource - HikariPool-1 - Shutdown completed.
2026-07-19 22:55:58.253 [File Watcher] INFO  o.s.b.d.a.LocalDevToolsAutoConfiguration$RestartingClassPathChangeChangedEventListener - Restarting due to 1 class path change (0 additions, 0 deletions, 1 modification)
2026-07-19 22:55:58.265 [Thread-1] INFO  o.s.boot.tomcat.GracefulShutdown - Commencing graceful shutdown. Waiting for active requests to complete
2026-07-19 22:55:58.266 [tomcat-shutdown] INFO  o.a.coyote.http11.Http11NioProtocol - Pausing ProtocolHandler ["http-nio-8080"]
2026-07-19 22:55:58.269 [tomcat-shutdown] INFO  o.s.boot.tomcat.GracefulShutdown - Graceful shutdown complete
2026-07-19 22:55:58.269 [Thread-1] INFO  o.a.coyote.http11.Http11NioProtocol - Stopping ProtocolHandler ["http-nio-8080"]
2026-07-19 22:55:58.287 [Thread-1] INFO  o.s.o.j.LocalContainerEntityManagerFactoryBean - Closing JPA EntityManagerFactory for persistence unit 'default'
2026-07-19 22:55:58.290 [Thread-1] INFO  com.zaxxer.hikari.HikariDataSource - HikariPool-1 - Shutdown initiated...
2026-07-19 22:55:58.291 [Thread-1] INFO  com.zaxxer.hikari.HikariDataSource - HikariPool-1 - Shutdown completed.
2026-07-19 22:55:58.337 [restartedMain] INFO  c.e.hospital.HospitalApplication - Starting HospitalApplication using Java 25.0.1 with PID 8877 (/Users/ermapsh/Devlopement/project/backend/hospital/target/classes started by ermapsh in /Users/ermapsh/Devlopement/project/backend/hospital)
2026-07-19 22:55:58.337 [restartedMain] INFO  c.e.hospital.HospitalApplication - No active profile set, falling back to 1 default profile: "default"
2026-07-19 22:55:58.408 [restartedMain] INFO  o.s.d.r.c.RepositoryConfigurationDelegate - Bootstrapping Spring Data JPA repositories in DEFAULT mode.
2026-07-19 22:55:58.415 [restartedMain] INFO  o.s.d.r.c.RepositoryConfigurationDelegate - Finished Spring Data repository scanning in 6 ms. Found 8 JPA repository interfaces.
2026-07-19 22:55:58.457 [restartedMain] INFO  o.s.boot.tomcat.TomcatWebServer - Tomcat initialized with port 8080 (http)
2026-07-19 22:55:58.457 [restartedMain] INFO  o.a.coyote.http11.Http11NioProtocol - Initializing ProtocolHandler ["http-nio-8080"]
2026-07-19 22:55:58.457 [restartedMain] INFO  o.a.catalina.core.StandardService - Starting service [Tomcat]
2026-07-19 22:55:58.457 [restartedMain] INFO  o.a.catalina.core.StandardEngine - Starting Servlet engine: [Apache Tomcat/11.0.18]
2026-07-19 22:55:58.463 [restartedMain] INFO  o.s.b.w.c.s.WebApplicationContextInitializer - Root WebApplicationContext: initialization completed in 125 ms
2026-07-19 22:55:58.476 [restartedMain] INFO  com.zaxxer.hikari.HikariDataSource - HikariPool-2 - Starting...
2026-07-19 22:55:58.481 [restartedMain] INFO  com.zaxxer.hikari.pool.HikariPool - HikariPool-2 - Added connection org.postgresql.jdbc.PgConnection@70077a44
2026-07-19 22:55:58.481 [restartedMain] INFO  com.zaxxer.hikari.HikariDataSource - HikariPool-2 - Start completed.
2026-07-19 22:55:58.485 [restartedMain] INFO  org.hibernate.orm.jpa - HHH008540: Processing PersistenceUnitInfo [name: default]
2026-07-19 22:55:58.492 [restartedMain] INFO  o.h.e.b.internal.EnversServiceImpl - Envers integration enabled? : true
2026-07-19 22:55:58.494 [restartedMain] INFO  o.s.o.j.p.SpringPersistenceUnitInfo - No LoadTimeWeaver setup: ignoring JPA class transformer
2026-07-19 22:55:58.501 [restartedMain] INFO  o.hibernate.orm.connections.pooling - HHH10001005: Database info:
	Database JDBC URL [jdbc:postgresql://localhost:5432/hospital]
	Database driver: PostgreSQL JDBC Driver
	Database dialect: PostgreSQLDialect
	Database version: 18.4
	Default catalog/schema: hospital/public
	Autocommit mode: undefined/unknown
	Isolation level: READ_COMMITTED [default READ_COMMITTED]
	JDBC fetch size: none
	Pool: DataSourceConnectionProvider
	Minimum pool size: undefined/unknown
	Maximum pool size: undefined/unknown
2026-07-19 22:55:58.513 [restartedMain] INFO  o.h.e.c.i.m.AuditMetadataGenerator - Adding properties for entity: com.ermapsh.hospital.entity.PostEntity
2026-07-19 22:55:58.569 [restartedMain] INFO  org.hibernate.orm.core - HHH000489: No JTA platform available (set 'hibernate.transaction.jta.platform' to enable JTA platform integration)
2026-07-19 22:55:58.638 [restartedMain] INFO  o.s.o.j.LocalContainerEntityManagerFactoryBean - Initialized JPA EntityManagerFactory for persistence unit 'default'
2026-07-19 22:55:58.674 [restartedMain] INFO  o.s.s.c.a.a.c.InitializeUserDetailsBeanManagerConfigurer$InitializeUserDetailsManagerConfigurer - Global AuthenticationManager configured with UserDetailsService bean with name userService
2026-07-19 22:55:58.706 [restartedMain] WARN  o.s.b.j.a.JpaBaseConfiguration$JpaWebConfiguration - spring.jpa.open-in-view is enabled by default. Therefore, database queries may be performed during view rendering. Explicitly configure spring.jpa.open-in-view to disable this warning
2026-07-19 22:55:58.758 [restartedMain] INFO  o.s.b.a.e.web.EndpointLinksResolver - Exposing 14 endpoints beneath base path '/actuator'
2026-07-19 22:55:58.764 [restartedMain] INFO  o.a.coyote.http11.Http11NioProtocol - Starting ProtocolHandler ["http-nio-8080"]
2026-07-19 22:55:58.765 [restartedMain] INFO  o.s.boot.tomcat.TomcatWebServer - Tomcat started on port 8080 (http) with context path '/'
2026-07-19 22:55:58.766 [restartedMain] INFO  c.e.hospital.HospitalApplication - Started HospitalApplication in 0.439 seconds (process running for 175.858)
2026-07-19 22:55:58.767 [restartedMain] INFO  o.s.b.d.a.ConditionEvaluationDeltaLoggingListener - Condition evaluation unchanged
2026-07-19 22:57:18.053 [File Watcher] INFO  o.s.b.d.a.LocalDevToolsAutoConfiguration$RestartingClassPathChangeChangedEventListener - Restarting due to 1 class path change (0 additions, 1 deletion, 0 modifications)
2026-07-19 22:57:18.057 [Thread-15] INFO  o.s.boot.tomcat.GracefulShutdown - Commencing graceful shutdown. Waiting for active requests to complete
2026-07-19 22:57:18.057 [tomcat-shutdown] INFO  o.a.coyote.http11.Http11NioProtocol - Pausing ProtocolHandler ["http-nio-8080"]
2026-07-19 22:57:18.059 [tomcat-shutdown] INFO  o.s.boot.tomcat.GracefulShutdown - Graceful shutdown complete
2026-07-19 22:57:18.059 [Thread-15] INFO  o.a.coyote.http11.Http11NioProtocol - Stopping ProtocolHandler ["http-nio-8080"]
2026-07-19 22:57:18.067 [Thread-15] INFO  o.s.o.j.LocalContainerEntityManagerFactoryBean - Closing JPA EntityManagerFactory for persistence unit 'default'
2026-07-19 22:57:18.068 [Thread-15] INFO  com.zaxxer.hikari.HikariDataSource - HikariPool-2 - Shutdown initiated...
2026-07-19 22:57:18.070 [Thread-15] INFO  com.zaxxer.hikari.HikariDataSource - HikariPool-2 - Shutdown completed.
2026-07-19 22:57:18.124 [restartedMain] INFO  c.e.hospital.HospitalApplication - Starting HospitalApplication using Java 25.0.1 with PID 8877 (/Users/ermapsh/Devlopement/project/backend/hospital/target/classes started by ermapsh in /Users/ermapsh/Devlopement/project/backend/hospital)
2026-07-19 22:57:18.124 [restartedMain] INFO  c.e.hospital.HospitalApplication - No active profile set, falling back to 1 default profile: "default"
2026-07-19 22:57:18.197 [restartedMain] INFO  o.s.d.r.c.RepositoryConfigurationDelegate - Bootstrapping Spring Data JPA repositories in DEFAULT mode.
2026-07-19 22:57:18.207 [restartedMain] INFO  o.s.d.r.c.RepositoryConfigurationDelegate - Finished Spring Data repository scanning in 8 ms. Found 8 JPA repository interfaces.
2026-07-19 22:57:18.244 [restartedMain] INFO  o.s.boot.tomcat.TomcatWebServer - Tomcat initialized with port 8080 (http)
2026-07-19 22:57:18.244 [restartedMain] INFO  o.a.coyote.http11.Http11NioProtocol - Initializing ProtocolHandler ["http-nio-8080"]
2026-07-19 22:57:18.244 [restartedMain] INFO  o.a.catalina.core.StandardService - Starting service [Tomcat]
2026-07-19 22:57:18.244 [restartedMain] INFO  o.a.catalina.core.StandardEngine - Starting Servlet engine: [Apache Tomcat/11.0.18]
2026-07-19 22:57:18.250 [restartedMain] INFO  o.s.b.w.c.s.WebApplicationContextInitializer - Root WebApplicationContext: initialization completed in 126 ms
2026-07-19 22:57:18.258 [restartedMain] ERROR o.s.b.t.s.DeferredServletContainerInitializers - Error starting Tomcat context. Exception: org.springframework.beans.factory.BeanCreationException. Message: Error creating bean with name 'jwtAuthFilter': Resolution of declared constructors on bean Class [com.ermapsh.hospital.filter.JwtAuthFilter] from ClassLoader [org.springframework.boot.devtools.restart.classloader.RestartClassLoader@4ad09931] failed
2026-07-19 22:57:18.258 [restartedMain] INFO  o.a.catalina.core.StandardService - Stopping service [Tomcat]
2026-07-19 22:57:18.259 [restartedMain] WARN  o.s.b.w.s.s.c.AnnotationConfigServletWebServerApplicationContext - Exception encountered during context initialization - cancelling refresh attempt: org.springframework.context.ApplicationContextException: Unable to start web server
2026-07-19 22:57:18.260 [restartedMain] INFO  o.s.b.a.l.ConditionEvaluationReportLogger - 

Error starting ApplicationContext. To display the condition evaluation report re-run your application with 'debug' enabled.
2026-07-19 22:57:18.265 [restartedMain] ERROR o.s.boot.SpringApplication - Application run failed
org.springframework.context.ApplicationContextException: Unable to start web server
	at org.springframework.boot.web.server.servlet.context.ServletWebServerApplicationContext.onRefresh(ServletWebServerApplicationContext.java:167)
	at org.springframework.context.support.AbstractApplicationContext.refresh(AbstractApplicationContext.java:615)
	at org.springframework.boot.web.server.servlet.context.ServletWebServerApplicationContext.refresh(ServletWebServerApplicationContext.java:143)
	at org.springframework.boot.SpringApplication.refresh(SpringApplication.java:756)
	at org.springframework.boot.SpringApplication.refreshContext(SpringApplication.java:445)
	at org.springframework.boot.SpringApplication.run(SpringApplication.java:321)
	at org.springframework.boot.SpringApplication.run(SpringApplication.java:1365)
	at org.springframework.boot.SpringApplication.run(SpringApplication.java:1354)
	at com.ermapsh.hospital.HospitalApplication.main(HospitalApplication.java:11)
	at java.base/jdk.internal.reflect.DirectMethodHandleAccessor.invoke(DirectMethodHandleAccessor.java:104)
	at java.base/java.lang.reflect.Method.invoke(Method.java:565)
	at org.springframework.boot.devtools.restart.RestartLauncher.run(RestartLauncher.java:52)
Caused by: org.springframework.boot.web.server.WebServerException: Unable to start embedded Tomcat
	at org.springframework.boot.tomcat.TomcatWebServer.initialize(TomcatWebServer.java:150)
	at org.springframework.boot.tomcat.TomcatWebServer.<init>(TomcatWebServer.java:110)
	at org.springframework.boot.tomcat.servlet.TomcatServletWebServerFactory.getTomcatWebServer(TomcatServletWebServerFactory.java:408)
	at org.springframework.boot.tomcat.servlet.TomcatServletWebServerFactory.getWebServer(TomcatServletWebServerFactory.java:166)
	at org.springframework.boot.web.server.servlet.context.ServletWebServerApplicationContext.createWebServer(ServletWebServerApplicationContext.java:190)
	at org.springframework.boot.web.server.servlet.context.ServletWebServerApplicationContext.onRefresh(ServletWebServerApplicationContext.java:164)
	... 11 common frames omitted
Caused by: org.springframework.beans.factory.BeanCreationException: Error creating bean with name 'jwtAuthFilter': Resolution of declared constructors on bean Class [com.ermapsh.hospital.filter.JwtAuthFilter] from ClassLoader [org.springframework.boot.devtools.restart.classloader.RestartClassLoader@4ad09931] failed
	at org.springframework.beans.factory.annotation.AutowiredAnnotationBeanPostProcessor.determineCandidateConstructors(AutowiredAnnotationBeanPostProcessor.java:368)
	at org.springframework.beans.factory.support.AbstractAutowireCapableBeanFactory.determineConstructorsFromBeanPostProcessors(AbstractAutowireCapableBeanFactory.java:1321)
	at org.springframework.beans.factory.support.AbstractAutowireCapableBeanFactory.createBeanInstance(AbstractAutowireCapableBeanFactory.java:1218)
	at org.springframework.beans.factory.support.AbstractAutowireCapableBeanFactory.doCreateBean(AbstractAutowireCapableBeanFactory.java:565)
	at org.springframework.beans.factory.support.AbstractAutowireCapableBeanFactory.createBean(AbstractAutowireCapableBeanFactory.java:525)
	at org.springframework.beans.factory.support.AbstractBeanFactory.lambda$doGetBean$0(AbstractBeanFactory.java:333)
	at org.springframework.beans.factory.support.DefaultSingletonBeanRegistry.getSingleton(DefaultSingletonBeanRegistry.java:371)
	at org.springframework.beans.factory.support.AbstractBeanFactory.doGetBean(AbstractBeanFactory.java:331)
	at org.springframework.beans.factory.support.AbstractBeanFactory.getBean(AbstractBeanFactory.java:201)
	at org.springframework.boot.web.servlet.ServletContextInitializerBeans.getOrderedBeansOfType(ServletContextInitializerBeans.java:231)
	at org.springframework.boot.web.servlet.ServletContextInitializerBeans.addAsRegistrationBean(ServletContextInitializerBeans.java:185)
	at org.springframework.boot.web.servlet.ServletContextInitializerBeans.addAsRegistrationBean(ServletContextInitializerBeans.java:180)
	at org.springframework.boot.web.servlet.ServletContextInitializerBeans.addAdaptableBeans(ServletContextInitializerBeans.java:165)
	at org.springframework.boot.web.servlet.ServletContextInitializerBeans.<init>(ServletContextInitializerBeans.java:97)
	at org.springframework.boot.web.context.servlet.WebApplicationContextInitializer.initialize(WebApplicationContextInitializer.java:53)
	at org.springframework.boot.tomcat.servlet.DeferredServletContainerInitializers.onStartup(DeferredServletContainerInitializers.java:55)
	at org.apache.catalina.core.StandardContext.startInternal(StandardContext.java:4416)
	at org.apache.catalina.util.LifecycleBase.start(LifecycleBase.java:164)
	at org.apache.catalina.core.ContainerBase$StartChild.call(ContainerBase.java:1162)
	at org.apache.catalina.core.ContainerBase$StartChild.call(ContainerBase.java:1158)
	at java.base/java.util.concurrent.FutureTask.run(FutureTask.java:328)
	at org.apache.tomcat.util.threads.InlineExecutorService.execute(InlineExecutorService.java:81)
	at java.base/java.util.concurrent.AbstractExecutorService.submit(AbstractExecutorService.java:149)
	at org.apache.catalina.core.ContainerBase.startInternal(ContainerBase.java:714)
	at org.apache.catalina.core.StandardHost.startInternal(StandardHost.java:780)
	at org.apache.catalina.util.LifecycleBase.start(LifecycleBase.java:164)
	at org.apache.catalina.core.ContainerBase$StartChild.call(ContainerBase.java:1162)
	at org.apache.catalina.core.ContainerBase$StartChild.call(ContainerBase.java:1158)
	at java.base/java.util.concurrent.FutureTask.run(FutureTask.java:328)
	at org.apache.tomcat.util.threads.InlineExecutorService.execute(InlineExecutorService.java:81)
	at java.base/java.util.concurrent.AbstractExecutorService.submit(AbstractExecutorService.java:149)
	at org.apache.catalina.core.ContainerBase.startInternal(ContainerBase.java:714)
	at org.apache.catalina.core.StandardEngine.startInternal(StandardEngine.java:201)
	at org.apache.catalina.util.LifecycleBase.start(LifecycleBase.java:164)
	at org.apache.catalina.core.StandardService.startInternal(StandardService.java:410)
	at org.apache.catalina.util.LifecycleBase.start(LifecycleBase.java:164)
	at org.apache.catalina.core.StandardServer.startInternal(StandardServer.java:864)
	at org.apache.catalina.util.LifecycleBase.start(LifecycleBase.java:164)
	at org.apache.catalina.startup.Tomcat.start(Tomcat.java:435)
	at org.springframework.boot.tomcat.TomcatWebServer.initialize(TomcatWebServer.java:131)
	... 16 common frames omitted
Caused by: java.lang.NoClassDefFoundError: com/ermapsh/hospital/service/UserService
	at java.base/java.lang.Class.getDeclaredConstructors0(Native Method)
	at java.base/java.lang.Class.privateGetDeclaredConstructors(Class.java:2985)
	at java.base/java.lang.Class.getDeclaredConstructors(Class.java:2354)
	at org.springframework.beans.factory.annotation.AutowiredAnnotationBeanPostProcessor.determineCandidateConstructors(AutowiredAnnotationBeanPostProcessor.java:363)
	... 55 common frames omitted
Caused by: java.lang.ClassNotFoundException: com.ermapsh.hospital.service.UserService
	at java.base/jdk.internal.loader.BuiltinClassLoader.loadClass(BuiltinClassLoader.java:580)
	at java.base/java.lang.ClassLoader.loadClass(ClassLoader.java:490)
	at java.base/java.lang.Class.forName0(Native Method)
	at java.base/java.lang.Class.forName(Class.java:547)
	at org.springframework.boot.devtools.restart.classloader.RestartClassLoader.loadClass(RestartClassLoader.java:123)
	at java.base/java.lang.ClassLoader.loadClass(ClassLoader.java:490)
	... 59 common frames omitted
2026-07-19 22:58:05.234 [restartedMain] INFO  c.e.hospital.HospitalApplication - Starting HospitalApplication using Java 25.0.1 with PID 8877 (/Users/ermapsh/Devlopement/project/backend/hospital/target/classes started by ermapsh in /Users/ermapsh/Devlopement/project/backend/hospital)
2026-07-19 22:58:05.234 [restartedMain] INFO  c.e.hospital.HospitalApplication - No active profile set, falling back to 1 default profile: "default"
2026-07-19 22:58:05.314 [restartedMain] INFO  o.s.d.r.c.RepositoryConfigurationDelegate - Bootstrapping Spring Data JPA repositories in DEFAULT mode.
2026-07-19 22:58:05.321 [restartedMain] INFO  o.s.d.r.c.RepositoryConfigurationDelegate - Finished Spring Data repository scanning in 5 ms. Found 8 JPA repository interfaces.
2026-07-19 22:58:05.357 [restartedMain] INFO  o.s.boot.tomcat.TomcatWebServer - Tomcat initialized with port 8080 (http)
2026-07-19 22:58:05.358 [restartedMain] INFO  o.a.coyote.http11.Http11NioProtocol - Initializing ProtocolHandler ["http-nio-8080"]
2026-07-19 22:58:05.358 [restartedMain] INFO  o.a.catalina.core.StandardService - Starting service [Tomcat]
2026-07-19 22:58:05.358 [restartedMain] INFO  o.a.catalina.core.StandardEngine - Starting Servlet engine: [Apache Tomcat/11.0.18]
2026-07-19 22:58:05.363 [restartedMain] INFO  o.s.b.w.c.s.WebApplicationContextInitializer - Root WebApplicationContext: initialization completed in 128 ms
2026-07-19 22:58:05.374 [restartedMain] INFO  com.zaxxer.hikari.HikariDataSource - HikariPool-3 - Starting...
2026-07-19 22:58:05.382 [restartedMain] INFO  com.zaxxer.hikari.pool.HikariPool - HikariPool-3 - Added connection org.postgresql.jdbc.PgConnection@2ec4d974
2026-07-19 22:58:05.382 [restartedMain] INFO  com.zaxxer.hikari.HikariDataSource - HikariPool-3 - Start completed.
2026-07-19 22:58:05.386 [restartedMain] INFO  org.hibernate.orm.jpa - HHH008540: Processing PersistenceUnitInfo [name: default]
2026-07-19 22:58:05.395 [restartedMain] INFO  o.h.e.b.internal.EnversServiceImpl - Envers integration enabled? : true
2026-07-19 22:58:05.398 [restartedMain] INFO  o.s.o.j.p.SpringPersistenceUnitInfo - No LoadTimeWeaver setup: ignoring JPA class transformer
2026-07-19 22:58:05.404 [restartedMain] INFO  o.hibernate.orm.connections.pooling - HHH10001005: Database info:
	Database JDBC URL [jdbc:postgresql://localhost:5432/hospital]
	Database driver: PostgreSQL JDBC Driver
	Database dialect: PostgreSQLDialect
	Database version: 18.4
	Default catalog/schema: hospital/public
	Autocommit mode: undefined/unknown
	Isolation level: READ_COMMITTED [default READ_COMMITTED]
	JDBC fetch size: none
	Pool: DataSourceConnectionProvider
	Minimum pool size: undefined/unknown
	Maximum pool size: undefined/unknown
2026-07-19 22:58:05.419 [restartedMain] INFO  o.h.e.c.i.m.AuditMetadataGenerator - Adding properties for entity: com.ermapsh.hospital.entity.PostEntity
2026-07-19 22:58:05.456 [restartedMain] INFO  org.hibernate.orm.core - HHH000489: No JTA platform available (set 'hibernate.transaction.jta.platform' to enable JTA platform integration)
2026-07-19 22:58:05.505 [restartedMain] INFO  o.s.o.j.LocalContainerEntityManagerFactoryBean - Initialized JPA EntityManagerFactory for persistence unit 'default'
2026-07-19 22:58:05.540 [restartedMain] INFO  o.s.s.c.a.a.c.InitializeUserDetailsBeanManagerConfigurer$InitializeUserDetailsManagerConfigurer - Global AuthenticationManager configured with UserDetailsService bean with name userService
2026-07-19 22:58:05.575 [restartedMain] WARN  o.s.b.j.a.JpaBaseConfiguration$JpaWebConfiguration - spring.jpa.open-in-view is enabled by default. Therefore, database queries may be performed during view rendering. Explicitly configure spring.jpa.open-in-view to disable this warning
2026-07-19 22:58:05.623 [restartedMain] INFO  o.s.b.a.e.web.EndpointLinksResolver - Exposing 14 endpoints beneath base path '/actuator'
2026-07-19 22:58:05.628 [restartedMain] INFO  o.a.coyote.http11.Http11NioProtocol - Starting ProtocolHandler ["http-nio-8080"]
2026-07-19 22:58:05.629 [restartedMain] INFO  o.s.boot.tomcat.TomcatWebServer - Tomcat started on port 8080 (http) with context path '/'
2026-07-19 22:58:05.631 [restartedMain] INFO  c.e.hospital.HospitalApplication - Started HospitalApplication in 0.418 seconds (process running for 302.709)
2026-07-19 22:58:05.631 [restartedMain] INFO  o.s.b.d.a.ConditionEvaluationDeltaLoggingListener - Condition evaluation unchanged
2026-07-19 22:58:06.648 [main] INFO  c.e.h.service.UserServiceCacheTest - Starting UserServiceCacheTest using Java 25.0.1 with PID 9050 (started by ermapsh in /Users/ermapsh/Devlopement/project/backend/hospital)
2026-07-19 22:58:06.649 [main] INFO  c.e.h.service.UserServiceCacheTest - No active profile set, falling back to 1 default profile: "default"
2026-07-19 22:58:06.735 [background-preinit] INFO  o.h.validator.internal.util.Version - HV000001: Hibernate Validator 9.0.1.Final
2026-07-19 22:58:06.997 [main] INFO  o.s.d.r.c.RepositoryConfigurationDelegate - Bootstrapping Spring Data JPA repositories in DEFAULT mode.
2026-07-19 22:58:07.054 [main] INFO  o.s.d.r.c.RepositoryConfigurationDelegate - Finished Spring Data repository scanning in 53 ms. Found 8 JPA repository interfaces.
2026-07-19 22:58:07.269 [main] INFO  com.zaxxer.hikari.HikariDataSource - HikariPool-1 - Starting...
2026-07-19 22:58:07.304 [main] INFO  com.zaxxer.hikari.pool.HikariPool - HikariPool-1 - Added connection org.postgresql.jdbc.PgConnection@7cadf3ca
2026-07-19 22:58:07.305 [main] INFO  com.zaxxer.hikari.HikariDataSource - HikariPool-1 - Start completed.
2026-07-19 22:58:07.338 [main] INFO  org.hibernate.orm.jpa - HHH008540: Processing PersistenceUnitInfo [name: default]
2026-07-19 22:58:07.360 [main] INFO  org.hibernate.orm.core - HHH000001: Hibernate ORM core version 7.2.7.Final
2026-07-19 22:58:07.449 [main] INFO  o.h.e.b.internal.EnversServiceImpl - Envers integration enabled? : true
2026-07-19 22:58:07.526 [main] INFO  o.s.o.j.p.SpringPersistenceUnitInfo - No LoadTimeWeaver setup: ignoring JPA class transformer
2026-07-19 22:58:07.559 [main] INFO  o.hibernate.orm.connections.pooling - HHH10001005: Database info:
	Database JDBC URL [jdbc:postgresql://localhost:5432/hospital]
	Database driver: PostgreSQL JDBC Driver
	Database dialect: PostgreSQLDialect
	Database version: 18.4
	Default catalog/schema: hospital/public
	Autocommit mode: undefined/unknown
	Isolation level: READ_COMMITTED [default READ_COMMITTED]
	JDBC fetch size: none
	Pool: DataSourceConnectionProvider
	Minimum pool size: undefined/unknown
	Maximum pool size: undefined/unknown
2026-07-19 22:58:07.647 [main] INFO  o.h.e.c.i.m.AuditMetadataGenerator - Adding properties for entity: com.ermapsh.hospital.entity.PostEntity
2026-07-19 22:58:08.027 [main] INFO  org.hibernate.orm.core - HHH000489: No JTA platform available (set 'hibernate.transaction.jta.platform' to enable JTA platform integration)
2026-07-19 22:58:08.087 [main] INFO  o.s.o.j.LocalContainerEntityManagerFactoryBean - Initialized JPA EntityManagerFactory for persistence unit 'default'
2026-07-19 22:58:08.245 [main] ERROR i.n.r.d.DnsServerAddressStreamProviders - Unable to load io.netty.resolver.dns.macos.MacOSDnsServerAddressStreamProvider, fallback to system defaults. This may result in incorrect DNS resolutions on MacOS. Check whether you have a dependency on 'io.netty:netty-resolver-dns-native-macos'. Use DEBUG level to see the full stack: java.lang.UnsatisfiedLinkError: failed to load the required native library
2026-07-19 22:58:08.331 [main] INFO  o.s.d.j.r.q.QueryEnhancerFactories - Hibernate is in classpath; If applicable, HQL parser will be used.
2026-07-19 22:58:08.429 [main] INFO  o.s.s.c.a.a.c.InitializeUserDetailsBeanManagerConfigurer$InitializeUserDetailsManagerConfigurer - Global AuthenticationManager configured with UserDetailsService bean with name userService
2026-07-19 22:58:08.800 [main] WARN  o.s.b.j.a.JpaBaseConfiguration$JpaWebConfiguration - spring.jpa.open-in-view is enabled by default. Therefore, database queries may be performed during view rendering. Explicitly configure spring.jpa.open-in-view to disable this warning
2026-07-19 22:58:09.069 [main] INFO  o.s.b.a.e.web.EndpointLinksResolver - Exposing 14 endpoints beneath base path '/actuator'
2026-07-19 22:58:09.099 [main] INFO  c.e.h.service.UserServiceCacheTest - Started UserServiceCacheTest in 2.602 seconds (process running for 3.083)
2026-07-19 22:58:09.442 [main] INFO  c.e.h.service.UserServiceCacheTest - first time calling: mahesh
2026-07-19 22:58:09.443 [main] INFO  c.e.h.service.UserServiceCacheTest - second time calling - from cache: mahesh
2026-07-19 22:58:09.455 [main] INFO  c.e.h.service.UserServiceCacheTest - first time calling: ErMapsh is great 2
2026-07-19 22:58:09.455 [main] INFO  c.e.h.service.UserServiceCacheTest - second time calling - from cache: ErMapsh is great 2
2026-07-19 22:58:11.555 [SpringApplicationShutdownHook] INFO  o.s.o.j.LocalContainerEntityManagerFactoryBean - Closing JPA EntityManagerFactory for persistence unit 'default'
2026-07-19 22:58:11.560 [SpringApplicationShutdownHook] INFO  com.zaxxer.hikari.HikariDataSource - HikariPool-1 - Shutdown initiated...
2026-07-19 22:58:11.563 [SpringApplicationShutdownHook] INFO  com.zaxxer.hikari.HikariDataSource - HikariPool-1 - Shutdown completed.
2026-07-19 22:59:46.224 [main] INFO  c.e.h.service.UserServiceCacheTest - Starting UserServiceCacheTest using Java 25.0.1 with PID 9112 (started by ermapsh in /Users/ermapsh/Devlopement/project/backend/hospital)
2026-07-19 22:59:46.225 [main] INFO  c.e.h.service.UserServiceCacheTest - No active profile set, falling back to 1 default profile: "default"
2026-07-19 22:59:46.303 [background-preinit] INFO  o.h.validator.internal.util.Version - HV000001: Hibernate Validator 9.0.1.Final
2026-07-19 22:59:46.556 [main] INFO  o.s.d.r.c.RepositoryConfigurationDelegate - Bootstrapping Spring Data JPA repositories in DEFAULT mode.
2026-07-19 22:59:46.590 [File Watcher] INFO  o.s.b.d.a.LocalDevToolsAutoConfiguration$RestartingClassPathChangeChangedEventListener - Restarting due to 1 class path change (0 additions, 0 deletions, 1 modification)
2026-07-19 22:59:46.590 [Thread-29] INFO  o.s.boot.tomcat.GracefulShutdown - Commencing graceful shutdown. Waiting for active requests to complete
2026-07-19 22:59:46.591 [tomcat-shutdown] INFO  o.a.coyote.http11.Http11NioProtocol - Pausing ProtocolHandler ["http-nio-8080"]
2026-07-19 22:59:46.591 [tomcat-shutdown] INFO  o.s.boot.tomcat.GracefulShutdown - Graceful shutdown complete
2026-07-19 22:59:46.591 [Thread-29] INFO  o.a.coyote.http11.Http11NioProtocol - Stopping ProtocolHandler ["http-nio-8080"]
2026-07-19 22:59:46.594 [Thread-29] INFO  o.s.o.j.LocalContainerEntityManagerFactoryBean - Closing JPA EntityManagerFactory for persistence unit 'default'
2026-07-19 22:59:46.594 [Thread-29] INFO  com.zaxxer.hikari.HikariDataSource - HikariPool-3 - Shutdown initiated...
2026-07-19 22:59:46.594 [Thread-29] INFO  com.zaxxer.hikari.HikariDataSource - HikariPool-3 - Shutdown completed.
2026-07-19 22:59:46.628 [main] INFO  o.s.d.r.c.RepositoryConfigurationDelegate - Finished Spring Data repository scanning in 69 ms. Found 8 JPA repository interfaces.
2026-07-19 22:59:46.638 [restartedMain] INFO  c.e.hospital.HospitalApplication - Starting HospitalApplication using Java 25.0.1 with PID 8877 (/Users/ermapsh/Devlopement/project/backend/hospital/target/classes started by ermapsh in /Users/ermapsh/Devlopement/project/backend/hospital)
2026-07-19 22:59:46.638 [restartedMain] INFO  c.e.hospital.HospitalApplication - No active profile set, falling back to 1 default profile: "default"
2026-07-19 22:59:46.700 [restartedMain] INFO  o.s.d.r.c.RepositoryConfigurationDelegate - Bootstrapping Spring Data JPA repositories in DEFAULT mode.
2026-07-19 22:59:46.707 [restartedMain] INFO  o.s.d.r.c.RepositoryConfigurationDelegate - Finished Spring Data repository scanning in 6 ms. Found 8 JPA repository interfaces.
2026-07-19 22:59:46.743 [restartedMain] INFO  o.s.boot.tomcat.TomcatWebServer - Tomcat initialized with port 8080 (http)
2026-07-19 22:59:46.744 [restartedMain] INFO  o.a.coyote.http11.Http11NioProtocol - Initializing ProtocolHandler ["http-nio-8080"]
2026-07-19 22:59:46.744 [restartedMain] INFO  o.a.catalina.core.StandardService - Starting service [Tomcat]
2026-07-19 22:59:46.744 [restartedMain] INFO  o.a.catalina.core.StandardEngine - Starting Servlet engine: [Apache Tomcat/11.0.18]
2026-07-19 22:59:46.751 [restartedMain] INFO  o.s.b.w.c.s.WebApplicationContextInitializer - Root WebApplicationContext: initialization completed in 112 ms
2026-07-19 22:59:46.772 [restartedMain] INFO  com.zaxxer.hikari.HikariDataSource - HikariPool-4 - Starting...
2026-07-19 22:59:46.780 [restartedMain] INFO  com.zaxxer.hikari.pool.HikariPool - HikariPool-4 - Added connection org.postgresql.jdbc.PgConnection@50737718
2026-07-19 22:59:46.780 [restartedMain] INFO  com.zaxxer.hikari.HikariDataSource - HikariPool-4 - Start completed.
2026-07-19 22:59:46.785 [restartedMain] INFO  org.hibernate.orm.jpa - HHH008540: Processing PersistenceUnitInfo [name: default]
2026-07-19 22:59:46.796 [restartedMain] INFO  o.h.e.b.internal.EnversServiceImpl - Envers integration enabled? : true
2026-07-19 22:59:46.798 [restartedMain] INFO  o.s.o.j.p.SpringPersistenceUnitInfo - No LoadTimeWeaver setup: ignoring JPA class transformer
2026-07-19 22:59:46.803 [restartedMain] INFO  o.hibernate.orm.connections.pooling - HHH10001005: Database info:
	Database JDBC URL [jdbc:postgresql://localhost:5432/hospital]
	Database driver: PostgreSQL JDBC Driver
	Database dialect: PostgreSQLDialect
	Database version: 18.4
	Default catalog/schema: hospital/public
	Autocommit mode: undefined/unknown
	Isolation level: READ_COMMITTED [default READ_COMMITTED]
	JDBC fetch size: none
	Pool: DataSourceConnectionProvider
	Minimum pool size: undefined/unknown
	Maximum pool size: undefined/unknown
2026-07-19 22:59:46.817 [restartedMain] INFO  o.h.e.c.i.m.AuditMetadataGenerator - Adding properties for entity: com.ermapsh.hospital.entity.PostEntity
2026-07-19 22:59:46.852 [restartedMain] INFO  org.hibernate.orm.core - HHH000489: No JTA platform available (set 'hibernate.transaction.jta.platform' to enable JTA platform integration)
2026-07-19 22:59:46.890 [main] INFO  com.zaxxer.hikari.HikariDataSource - HikariPool-1 - Starting...
2026-07-19 22:59:46.910 [restartedMain] INFO  o.s.o.j.LocalContainerEntityManagerFactoryBean - Initialized JPA EntityManagerFactory for persistence unit 'default'
2026-07-19 22:59:46.926 [main] INFO  com.zaxxer.hikari.pool.HikariPool - HikariPool-1 - Added connection org.postgresql.jdbc.PgConnection@48126a17
2026-07-19 22:59:46.926 [main] INFO  com.zaxxer.hikari.HikariDataSource - HikariPool-1 - Start completed.
2026-07-19 22:59:46.946 [restartedMain] INFO  o.s.s.c.a.a.c.InitializeUserDetailsBeanManagerConfigurer$InitializeUserDetailsManagerConfigurer - Global AuthenticationManager configured with UserDetailsService bean with name userService
2026-07-19 22:59:46.971 [main] INFO  org.hibernate.orm.jpa - HHH008540: Processing PersistenceUnitInfo [name: default]
2026-07-19 22:59:46.985 [restartedMain] WARN  o.s.b.j.a.JpaBaseConfiguration$JpaWebConfiguration - spring.jpa.open-in-view is enabled by default. Therefore, database queries may be performed during view rendering. Explicitly configure spring.jpa.open-in-view to disable this warning
2026-07-19 22:59:46.996 [main] INFO  org.hibernate.orm.core - HHH000001: Hibernate ORM core version 7.2.7.Final
2026-07-19 22:59:47.032 [restartedMain] INFO  o.s.b.a.e.web.EndpointLinksResolver - Exposing 14 endpoints beneath base path '/actuator'
2026-07-19 22:59:47.037 [restartedMain] INFO  o.a.coyote.http11.Http11NioProtocol - Starting ProtocolHandler ["http-nio-8080"]
2026-07-19 22:59:47.038 [restartedMain] INFO  o.s.boot.tomcat.TomcatWebServer - Tomcat started on port 8080 (http) with context path '/'
2026-07-19 22:59:47.039 [restartedMain] INFO  c.e.hospital.HospitalApplication - Started HospitalApplication in 0.408 seconds (process running for 404.117)
2026-07-19 22:59:47.040 [restartedMain] INFO  o.s.b.d.a.ConditionEvaluationDeltaLoggingListener - Condition evaluation unchanged
2026-07-19 22:59:47.093 [main] INFO  o.h.e.b.internal.EnversServiceImpl - Envers integration enabled? : true
2026-07-19 22:59:47.170 [main] INFO  o.s.o.j.p.SpringPersistenceUnitInfo - No LoadTimeWeaver setup: ignoring JPA class transformer
2026-07-19 22:59:47.203 [main] INFO  o.hibernate.orm.connections.pooling - HHH10001005: Database info:
	Database JDBC URL [jdbc:postgresql://localhost:5432/hospital]
	Database driver: PostgreSQL JDBC Driver
	Database dialect: PostgreSQLDialect
	Database version: 18.4
	Default catalog/schema: hospital/public
	Autocommit mode: undefined/unknown
	Isolation level: READ_COMMITTED [default READ_COMMITTED]
	JDBC fetch size: none
	Pool: DataSourceConnectionProvider
	Minimum pool size: undefined/unknown
	Maximum pool size: undefined/unknown
2026-07-19 22:59:47.297 [main] INFO  o.h.e.c.i.m.AuditMetadataGenerator - Adding properties for entity: com.ermapsh.hospital.entity.PostEntity
2026-07-19 22:59:47.681 [main] INFO  org.hibernate.orm.core - HHH000489: No JTA platform available (set 'hibernate.transaction.jta.platform' to enable JTA platform integration)
2026-07-19 22:59:47.745 [main] INFO  o.s.o.j.LocalContainerEntityManagerFactoryBean - Initialized JPA EntityManagerFactory for persistence unit 'default'
2026-07-19 22:59:47.900 [main] ERROR i.n.r.d.DnsServerAddressStreamProviders - Unable to load io.netty.resolver.dns.macos.MacOSDnsServerAddressStreamProvider, fallback to system defaults. This may result in incorrect DNS resolutions on MacOS. Check whether you have a dependency on 'io.netty:netty-resolver-dns-native-macos'. Use DEBUG level to see the full stack: java.lang.UnsatisfiedLinkError: failed to load the required native library
2026-07-19 22:59:47.989 [main] INFO  o.s.d.j.r.q.QueryEnhancerFactories - Hibernate is in classpath; If applicable, HQL parser will be used.
2026-07-19 22:59:48.073 [main] INFO  o.s.s.c.a.a.c.InitializeUserDetailsBeanManagerConfigurer$InitializeUserDetailsManagerConfigurer - Global AuthenticationManager configured with UserDetailsService bean with name userService
2026-07-19 22:59:48.473 [main] WARN  o.s.b.j.a.JpaBaseConfiguration$JpaWebConfiguration - spring.jpa.open-in-view is enabled by default. Therefore, database queries may be performed during view rendering. Explicitly configure spring.jpa.open-in-view to disable this warning
2026-07-19 22:59:48.783 [main] INFO  o.s.b.a.e.web.EndpointLinksResolver - Exposing 14 endpoints beneath base path '/actuator'
2026-07-19 22:59:48.810 [main] INFO  c.e.h.service.UserServiceCacheTest - Started UserServiceCacheTest in 2.723 seconds (process running for 3.186)
2026-07-19 22:59:49.098 [main] INFO  c.e.h.service.UserServiceCacheTest - first time calling: mahesh
2026-07-19 22:59:49.098 [main] INFO  c.e.h.service.UserServiceCacheTest - second time calling - from cache: mahesh
2026-07-19 22:59:49.142 [main] INFO  c.e.h.service.UserServiceCacheTest - first time calling: ErMapsh is great 2
2026-07-19 22:59:49.143 [main] INFO  c.e.h.service.UserServiceCacheTest - second time calling - from cache: ErMapsh is great 2
2026-07-19 22:59:51.243 [SpringApplicationShutdownHook] INFO  o.s.o.j.LocalContainerEntityManagerFactoryBean - Closing JPA EntityManagerFactory for persistence unit 'default'
2026-07-19 22:59:51.247 [SpringApplicationShutdownHook] INFO  com.zaxxer.hikari.HikariDataSource - HikariPool-1 - Shutdown initiated...
2026-07-19 22:59:51.252 [SpringApplicationShutdownHook] INFO  com.zaxxer.hikari.HikariDataSource - HikariPool-1 - Shutdown completed.
2026-07-19 23:00:55.493 [main] INFO  c.e.h.service.UserServiceCacheTest - Starting UserServiceCacheTest using Java 25.0.1 with PID 9151 (started by ermapsh in /Users/ermapsh/Devlopement/project/backend/hospital)
2026-07-19 23:00:55.493 [main] INFO  c.e.h.service.UserServiceCacheTest - No active profile set, falling back to 1 default profile: "default"
2026-07-19 23:00:55.579 [background-preinit] INFO  o.h.validator.internal.util.Version - HV000001: Hibernate Validator 9.0.1.Final
2026-07-19 23:00:55.830 [main] INFO  o.s.d.r.c.RepositoryConfigurationDelegate - Bootstrapping Spring Data JPA repositories in DEFAULT mode.
2026-07-19 23:00:55.884 [main] INFO  o.s.d.r.c.RepositoryConfigurationDelegate - Finished Spring Data repository scanning in 51 ms. Found 8 JPA repository interfaces.
2026-07-19 23:00:56.105 [main] INFO  com.zaxxer.hikari.HikariDataSource - HikariPool-1 - Starting...
2026-07-19 23:00:56.147 [main] INFO  com.zaxxer.hikari.pool.HikariPool - HikariPool-1 - Added connection org.postgresql.jdbc.PgConnection@6e5b3642
2026-07-19 23:00:56.148 [main] INFO  com.zaxxer.hikari.HikariDataSource - HikariPool-1 - Start completed.
2026-07-19 23:00:56.182 [main] INFO  org.hibernate.orm.jpa - HHH008540: Processing PersistenceUnitInfo [name: default]
2026-07-19 23:00:56.203 [main] INFO  org.hibernate.orm.core - HHH000001: Hibernate ORM core version 7.2.7.Final
2026-07-19 23:00:56.291 [main] INFO  o.h.e.b.internal.EnversServiceImpl - Envers integration enabled? : true
2026-07-19 23:00:56.381 [main] INFO  o.s.o.j.p.SpringPersistenceUnitInfo - No LoadTimeWeaver setup: ignoring JPA class transformer
2026-07-19 23:00:56.416 [main] INFO  o.hibernate.orm.connections.pooling - HHH10001005: Database info:
	Database JDBC URL [jdbc:postgresql://localhost:5432/hospital]
	Database driver: PostgreSQL JDBC Driver
	Database dialect: PostgreSQLDialect
	Database version: 18.4
	Default catalog/schema: hospital/public
	Autocommit mode: undefined/unknown
	Isolation level: READ_COMMITTED [default READ_COMMITTED]
	JDBC fetch size: none
	Pool: DataSourceConnectionProvider
	Minimum pool size: undefined/unknown
	Maximum pool size: undefined/unknown
2026-07-19 23:00:56.513 [main] INFO  o.h.e.c.i.m.AuditMetadataGenerator - Adding properties for entity: com.ermapsh.hospital.entity.PostEntity
2026-07-19 23:00:56.896 [main] INFO  org.hibernate.orm.core - HHH000489: No JTA platform available (set 'hibernate.transaction.jta.platform' to enable JTA platform integration)
2026-07-19 23:00:56.966 [main] INFO  o.s.o.j.LocalContainerEntityManagerFactoryBean - Initialized JPA EntityManagerFactory for persistence unit 'default'
2026-07-19 23:00:57.123 [main] ERROR i.n.r.d.DnsServerAddressStreamProviders - Unable to load io.netty.resolver.dns.macos.MacOSDnsServerAddressStreamProvider, fallback to system defaults. This may result in incorrect DNS resolutions on MacOS. Check whether you have a dependency on 'io.netty:netty-resolver-dns-native-macos'. Use DEBUG level to see the full stack: java.lang.UnsatisfiedLinkError: failed to load the required native library
2026-07-19 23:00:57.209 [main] INFO  o.s.d.j.r.q.QueryEnhancerFactories - Hibernate is in classpath; If applicable, HQL parser will be used.
2026-07-19 23:00:57.298 [main] INFO  o.s.s.c.a.a.c.InitializeUserDetailsBeanManagerConfigurer$InitializeUserDetailsManagerConfigurer - Global AuthenticationManager configured with UserDetailsService bean with name userService
2026-07-19 23:00:57.739 [main] WARN  o.s.b.j.a.JpaBaseConfiguration$JpaWebConfiguration - spring.jpa.open-in-view is enabled by default. Therefore, database queries may be performed during view rendering. Explicitly configure spring.jpa.open-in-view to disable this warning
2026-07-19 23:00:58.026 [main] INFO  o.s.b.a.e.web.EndpointLinksResolver - Exposing 14 endpoints beneath base path '/actuator'
2026-07-19 23:00:58.054 [main] INFO  c.e.h.service.UserServiceCacheTest - Started UserServiceCacheTest in 2.695 seconds (process running for 3.196)
2026-07-19 23:01:00.455 [SpringApplicationShutdownHook] INFO  o.s.o.j.LocalContainerEntityManagerFactoryBean - Closing JPA EntityManagerFactory for persistence unit 'default'
2026-07-19 23:01:00.461 [SpringApplicationShutdownHook] INFO  com.zaxxer.hikari.HikariDataSource - HikariPool-1 - Shutdown initiated...
2026-07-19 23:01:00.465 [SpringApplicationShutdownHook] INFO  com.zaxxer.hikari.HikariDataSource - HikariPool-1 - Shutdown completed.
2026-07-19 23:01:06.100 [main] INFO  c.e.h.service.UserServiceCacheTest - Starting UserServiceCacheTest using Java 25.0.1 with PID 9173 (started by ermapsh in /Users/ermapsh/Devlopement/project/backend/hospital)
2026-07-19 23:01:06.100 [main] INFO  c.e.h.service.UserServiceCacheTest - No active profile set, falling back to 1 default profile: "default"
2026-07-19 23:01:06.199 [background-preinit] INFO  o.h.validator.internal.util.Version - HV000001: Hibernate Validator 9.0.1.Final
2026-07-19 23:01:06.461 [main] INFO  o.s.d.r.c.RepositoryConfigurationDelegate - Bootstrapping Spring Data JPA repositories in DEFAULT mode.
2026-07-19 23:01:06.514 [main] INFO  o.s.d.r.c.RepositoryConfigurationDelegate - Finished Spring Data repository scanning in 48 ms. Found 8 JPA repository interfaces.
2026-07-19 23:01:06.732 [main] INFO  com.zaxxer.hikari.HikariDataSource - HikariPool-1 - Starting...
2026-07-19 23:01:06.767 [main] INFO  com.zaxxer.hikari.pool.HikariPool - HikariPool-1 - Added connection org.postgresql.jdbc.PgConnection@48126a17
2026-07-19 23:01:06.768 [main] INFO  com.zaxxer.hikari.HikariDataSource - HikariPool-1 - Start completed.
2026-07-19 23:01:06.800 [main] INFO  org.hibernate.orm.jpa - HHH008540: Processing PersistenceUnitInfo [name: default]
2026-07-19 23:01:06.821 [main] INFO  org.hibernate.orm.core - HHH000001: Hibernate ORM core version 7.2.7.Final
2026-07-19 23:01:06.912 [main] INFO  o.h.e.b.internal.EnversServiceImpl - Envers integration enabled? : true
2026-07-19 23:01:06.981 [main] INFO  o.s.o.j.p.SpringPersistenceUnitInfo - No LoadTimeWeaver setup: ignoring JPA class transformer
2026-07-19 23:01:07.013 [main] INFO  o.hibernate.orm.connections.pooling - HHH10001005: Database info:
	Database JDBC URL [jdbc:postgresql://localhost:5432/hospital]
	Database driver: PostgreSQL JDBC Driver
	Database dialect: PostgreSQLDialect
	Database version: 18.4
	Default catalog/schema: hospital/public
	Autocommit mode: undefined/unknown
	Isolation level: READ_COMMITTED [default READ_COMMITTED]
	JDBC fetch size: none
	Pool: DataSourceConnectionProvider
	Minimum pool size: undefined/unknown
	Maximum pool size: undefined/unknown
2026-07-19 23:01:07.101 [main] INFO  o.h.e.c.i.m.AuditMetadataGenerator - Adding properties for entity: com.ermapsh.hospital.entity.PostEntity
2026-07-19 23:01:07.484 [main] INFO  org.hibernate.orm.core - HHH000489: No JTA platform available (set 'hibernate.transaction.jta.platform' to enable JTA platform integration)
2026-07-19 23:01:07.571 [main] INFO  o.s.o.j.LocalContainerEntityManagerFactoryBean - Initialized JPA EntityManagerFactory for persistence unit 'default'
2026-07-19 23:01:07.749 [main] ERROR i.n.r.d.DnsServerAddressStreamProviders - Unable to load io.netty.resolver.dns.macos.MacOSDnsServerAddressStreamProvider, fallback to system defaults. This may result in incorrect DNS resolutions on MacOS. Check whether you have a dependency on 'io.netty:netty-resolver-dns-native-macos'. Use DEBUG level to see the full stack: java.lang.UnsatisfiedLinkError: failed to load the required native library
2026-07-19 23:01:07.832 [main] INFO  o.s.d.j.r.q.QueryEnhancerFactories - Hibernate is in classpath; If applicable, HQL parser will be used.
2026-07-19 23:01:07.922 [main] INFO  o.s.s.c.a.a.c.InitializeUserDetailsBeanManagerConfigurer$InitializeUserDetailsManagerConfigurer - Global AuthenticationManager configured with UserDetailsService bean with name userService
2026-07-19 23:01:08.339 [main] WARN  o.s.b.j.a.JpaBaseConfiguration$JpaWebConfiguration - spring.jpa.open-in-view is enabled by default. Therefore, database queries may be performed during view rendering. Explicitly configure spring.jpa.open-in-view to disable this warning
2026-07-19 23:01:08.649 [main] INFO  o.s.b.a.e.web.EndpointLinksResolver - Exposing 14 endpoints beneath base path '/actuator'
2026-07-19 23:01:08.681 [main] INFO  c.e.h.service.UserServiceCacheTest - Started UserServiceCacheTest in 2.713 seconds (process running for 3.168)
2026-07-19 23:01:09.017 [main] INFO  c.e.h.service.UserServiceCacheTest - first time calling: mahesh
2026-07-19 23:01:09.017 [main] INFO  c.e.h.service.UserServiceCacheTest - second time calling - from cache: mahesh
2026-07-19 23:01:09.061 [main] INFO  c.e.h.service.UserServiceCacheTest - first time calling: ErMapsh is great 2
2026-07-19 23:01:09.061 [main] INFO  c.e.h.service.UserServiceCacheTest - second time calling - from cache: ErMapsh is great 2
2026-07-19 23:01:11.163 [SpringApplicationShutdownHook] INFO  o.s.o.j.LocalContainerEntityManagerFactoryBean - Closing JPA EntityManagerFactory for persistence unit 'default'
2026-07-19 23:01:11.167 [SpringApplicationShutdownHook] INFO  com.zaxxer.hikari.HikariDataSource - HikariPool-1 - Shutdown initiated...
2026-07-19 23:01:11.171 [SpringApplicationShutdownHook] INFO  com.zaxxer.hikari.HikariDataSource - HikariPool-1 - Shutdown completed.
2026-07-19 23:03:51.217 [File Watcher] INFO  o.s.b.d.a.LocalDevToolsAutoConfiguration$RestartingClassPathChangeChangedEventListener - Restarting due to 1 class path change (0 additions, 0 deletions, 1 modification)
2026-07-19 23:03:51.219 [Thread-46] INFO  o.s.boot.tomcat.GracefulShutdown - Commencing graceful shutdown. Waiting for active requests to complete
2026-07-19 23:03:51.220 [tomcat-shutdown] INFO  o.a.coyote.http11.Http11NioProtocol - Pausing ProtocolHandler ["http-nio-8080"]
2026-07-19 23:03:51.221 [tomcat-shutdown] INFO  o.s.boot.tomcat.GracefulShutdown - Graceful shutdown complete
2026-07-19 23:03:51.221 [Thread-46] INFO  o.a.coyote.http11.Http11NioProtocol - Stopping ProtocolHandler ["http-nio-8080"]
2026-07-19 23:03:51.226 [Thread-46] INFO  o.s.o.j.LocalContainerEntityManagerFactoryBean - Closing JPA EntityManagerFactory for persistence unit 'default'
2026-07-19 23:03:51.227 [Thread-46] INFO  com.zaxxer.hikari.HikariDataSource - HikariPool-4 - Shutdown initiated...
2026-07-19 23:03:51.228 [Thread-46] INFO  com.zaxxer.hikari.HikariDataSource - HikariPool-4 - Shutdown completed.
2026-07-19 23:03:51.282 [restartedMain] INFO  c.e.hospital.HospitalApplication - Starting HospitalApplication using Java 25.0.1 with PID 8877 (/Users/ermapsh/Devlopement/project/backend/hospital/target/classes started by ermapsh in /Users/ermapsh/Devlopement/project/backend/hospital)
2026-07-19 23:03:51.282 [restartedMain] INFO  c.e.hospital.HospitalApplication - No active profile set, falling back to 1 default profile: "default"
2026-07-19 23:03:51.343 [restartedMain] INFO  o.s.d.r.c.RepositoryConfigurationDelegate - Bootstrapping Spring Data JPA repositories in DEFAULT mode.
2026-07-19 23:03:51.349 [restartedMain] INFO  o.s.d.r.c.RepositoryConfigurationDelegate - Finished Spring Data repository scanning in 5 ms. Found 8 JPA repository interfaces.
2026-07-19 23:03:51.386 [restartedMain] INFO  o.s.boot.tomcat.TomcatWebServer - Tomcat initialized with port 8080 (http)
2026-07-19 23:03:51.387 [restartedMain] INFO  o.a.coyote.http11.Http11NioProtocol - Initializing ProtocolHandler ["http-nio-8080"]
2026-07-19 23:03:51.387 [restartedMain] INFO  o.a.catalina.core.StandardService - Starting service [Tomcat]
2026-07-19 23:03:51.387 [restartedMain] INFO  o.a.catalina.core.StandardEngine - Starting Servlet engine: [Apache Tomcat/11.0.18]
2026-07-19 23:03:51.392 [restartedMain] INFO  o.s.b.w.c.s.WebApplicationContextInitializer - Root WebApplicationContext: initialization completed in 109 ms
2026-07-19 23:03:51.407 [restartedMain] INFO  com.zaxxer.hikari.HikariDataSource - HikariPool-5 - Starting...
2026-07-19 23:03:51.418 [restartedMain] INFO  com.zaxxer.hikari.pool.HikariPool - HikariPool-5 - Added connection org.postgresql.jdbc.PgConnection@2e16346f
2026-07-19 23:03:51.418 [restartedMain] INFO  com.zaxxer.hikari.HikariDataSource - HikariPool-5 - Start completed.
2026-07-19 23:03:51.423 [restartedMain] INFO  org.hibernate.orm.jpa - HHH008540: Processing PersistenceUnitInfo [name: default]
2026-07-19 23:03:51.440 [restartedMain] INFO  o.h.e.b.internal.EnversServiceImpl - Envers integration enabled? : true
2026-07-19 23:03:51.442 [restartedMain] INFO  o.s.o.j.p.SpringPersistenceUnitInfo - No LoadTimeWeaver setup: ignoring JPA class transformer
2026-07-19 23:03:51.448 [restartedMain] INFO  o.hibernate.orm.connections.pooling - HHH10001005: Database info:
	Database JDBC URL [jdbc:postgresql://localhost:5432/hospital]
	Database driver: PostgreSQL JDBC Driver
	Database dialect: PostgreSQLDialect
	Database version: 18.4
	Default catalog/schema: hospital/public
	Autocommit mode: undefined/unknown
	Isolation level: READ_COMMITTED [default READ_COMMITTED]
	JDBC fetch size: none
	Pool: DataSourceConnectionProvider
	Minimum pool size: undefined/unknown
	Maximum pool size: undefined/unknown
2026-07-19 23:03:51.458 [restartedMain] INFO  o.h.e.c.i.m.AuditMetadataGenerator - Adding properties for entity: com.ermapsh.hospital.entity.PostEntity
2026-07-19 23:03:51.490 [restartedMain] INFO  org.hibernate.orm.core - HHH000489: No JTA platform available (set 'hibernate.transaction.jta.platform' to enable JTA platform integration)
2026-07-19 23:03:51.575 [restartedMain] INFO  o.s.o.j.LocalContainerEntityManagerFactoryBean - Initialized JPA EntityManagerFactory for persistence unit 'default'
2026-07-19 23:03:51.609 [restartedMain] INFO  o.s.s.c.a.a.c.InitializeUserDetailsBeanManagerConfigurer$InitializeUserDetailsManagerConfigurer - Global AuthenticationManager configured with UserDetailsService bean with name userService
2026-07-19 23:03:51.648 [restartedMain] WARN  o.s.b.j.a.JpaBaseConfiguration$JpaWebConfiguration - spring.jpa.open-in-view is enabled by default. Therefore, database queries may be performed during view rendering. Explicitly configure spring.jpa.open-in-view to disable this warning
2026-07-19 23:03:51.699 [restartedMain] INFO  o.s.b.a.e.web.EndpointLinksResolver - Exposing 14 endpoints beneath base path '/actuator'
2026-07-19 23:03:51.703 [restartedMain] INFO  o.a.coyote.http11.Http11NioProtocol - Starting ProtocolHandler ["http-nio-8080"]
2026-07-19 23:03:51.704 [restartedMain] INFO  o.s.boot.tomcat.TomcatWebServer - Tomcat started on port 8080 (http) with context path '/'
2026-07-19 23:03:51.705 [restartedMain] INFO  c.e.hospital.HospitalApplication - Started HospitalApplication in 0.432 seconds (process running for 648.781)
2026-07-19 23:03:51.705 [restartedMain] INFO  o.s.b.d.a.ConditionEvaluationDeltaLoggingListener - Condition evaluation unchanged
2026-07-19 23:04:34.571 [File Watcher] INFO  o.s.b.d.a.LocalDevToolsAutoConfiguration$RestartingClassPathChangeChangedEventListener - Restarting due to 1 class path change (0 additions, 0 deletions, 1 modification)
2026-07-19 23:04:34.572 [Thread-60] INFO  o.s.boot.tomcat.GracefulShutdown - Commencing graceful shutdown. Waiting for active requests to complete
2026-07-19 23:04:34.572 [tomcat-shutdown] INFO  o.a.coyote.http11.Http11NioProtocol - Pausing ProtocolHandler ["http-nio-8080"]
2026-07-19 23:04:34.574 [tomcat-shutdown] INFO  o.s.boot.tomcat.GracefulShutdown - Graceful shutdown complete
2026-07-19 23:04:34.575 [Thread-60] INFO  o.a.coyote.http11.Http11NioProtocol - Stopping ProtocolHandler ["http-nio-8080"]
2026-07-19 23:04:34.577 [Thread-60] INFO  o.s.o.j.LocalContainerEntityManagerFactoryBean - Closing JPA EntityManagerFactory for persistence unit 'default'
2026-07-19 23:04:34.578 [Thread-60] INFO  com.zaxxer.hikari.HikariDataSource - HikariPool-5 - Shutdown initiated...
2026-07-19 23:04:34.579 [Thread-60] INFO  com.zaxxer.hikari.HikariDataSource - HikariPool-5 - Shutdown completed.
2026-07-19 23:04:34.636 [restartedMain] INFO  c.e.hospital.HospitalApplication - Starting HospitalApplication using Java 25.0.1 with PID 8877 (/Users/ermapsh/Devlopement/project/backend/hospital/target/classes started by ermapsh in /Users/ermapsh/Devlopement/project/backend/hospital)
2026-07-19 23:04:34.636 [restartedMain] INFO  c.e.hospital.HospitalApplication - No active profile set, falling back to 1 default profile: "default"
2026-07-19 23:04:34.704 [restartedMain] INFO  o.s.d.r.c.RepositoryConfigurationDelegate - Bootstrapping Spring Data JPA repositories in DEFAULT mode.
2026-07-19 23:04:34.710 [restartedMain] INFO  o.s.d.r.c.RepositoryConfigurationDelegate - Finished Spring Data repository scanning in 5 ms. Found 8 JPA repository interfaces.
2026-07-19 23:04:34.742 [restartedMain] INFO  o.s.boot.tomcat.TomcatWebServer - Tomcat initialized with port 8080 (http)
2026-07-19 23:04:34.742 [restartedMain] INFO  o.a.coyote.http11.Http11NioProtocol - Initializing ProtocolHandler ["http-nio-8080"]
2026-07-19 23:04:34.742 [restartedMain] INFO  o.a.catalina.core.StandardService - Starting service [Tomcat]
2026-07-19 23:04:34.742 [restartedMain] INFO  o.a.catalina.core.StandardEngine - Starting Servlet engine: [Apache Tomcat/11.0.18]
2026-07-19 23:04:34.747 [restartedMain] INFO  o.s.b.w.c.s.WebApplicationContextInitializer - Root WebApplicationContext: initialization completed in 110 ms
2026-07-19 23:04:34.756 [restartedMain] INFO  com.zaxxer.hikari.HikariDataSource - HikariPool-6 - Starting...
2026-07-19 23:04:34.768 [restartedMain] INFO  com.zaxxer.hikari.pool.HikariPool - HikariPool-6 - Added connection org.postgresql.jdbc.PgConnection@6fe24c3e
2026-07-19 23:04:34.768 [restartedMain] INFO  com.zaxxer.hikari.HikariDataSource - HikariPool-6 - Start completed.
2026-07-19 23:04:34.771 [restartedMain] INFO  org.hibernate.orm.jpa - HHH008540: Processing PersistenceUnitInfo [name: default]
2026-07-19 23:04:34.779 [restartedMain] INFO  o.h.e.b.internal.EnversServiceImpl - Envers integration enabled? : true
2026-07-19 23:04:34.781 [restartedMain] INFO  o.s.o.j.p.SpringPersistenceUnitInfo - No LoadTimeWeaver setup: ignoring JPA class transformer
2026-07-19 23:04:34.787 [restartedMain] INFO  o.hibernate.orm.connections.pooling - HHH10001005: Database info:
	Database JDBC URL [jdbc:postgresql://localhost:5432/hospital]
	Database driver: PostgreSQL JDBC Driver
	Database dialect: PostgreSQLDialect
	Database version: 18.4
	Default catalog/schema: hospital/public
	Autocommit mode: undefined/unknown
	Isolation level: READ_COMMITTED [default READ_COMMITTED]
	JDBC fetch size: none
	Pool: DataSourceConnectionProvider
	Minimum pool size: undefined/unknown
	Maximum pool size: undefined/unknown
2026-07-19 23:04:34.805 [restartedMain] INFO  o.h.e.c.i.m.AuditMetadataGenerator - Adding properties for entity: com.ermapsh.hospital.entity.PostEntity
2026-07-19 23:04:34.866 [restartedMain] INFO  org.hibernate.orm.core - HHH000489: No JTA platform available (set 'hibernate.transaction.jta.platform' to enable JTA platform integration)
2026-07-19 23:04:34.931 [restartedMain] INFO  o.s.o.j.LocalContainerEntityManagerFactoryBean - Initialized JPA EntityManagerFactory for persistence unit 'default'
2026-07-19 23:04:34.962 [restartedMain] INFO  o.s.s.c.a.a.c.InitializeUserDetailsBeanManagerConfigurer$InitializeUserDetailsManagerConfigurer - Global AuthenticationManager configured with UserDetailsService bean with name userService
2026-07-19 23:04:34.999 [restartedMain] WARN  o.s.b.j.a.JpaBaseConfiguration$JpaWebConfiguration - spring.jpa.open-in-view is enabled by default. Therefore, database queries may be performed during view rendering. Explicitly configure spring.jpa.open-in-view to disable this warning
2026-07-19 23:04:35.041 [restartedMain] INFO  o.s.b.a.e.web.EndpointLinksResolver - Exposing 14 endpoints beneath base path '/actuator'
2026-07-19 23:04:35.045 [restartedMain] INFO  o.a.coyote.http11.Http11NioProtocol - Starting ProtocolHandler ["http-nio-8080"]
2026-07-19 23:04:35.045 [restartedMain] INFO  o.s.boot.tomcat.TomcatWebServer - Tomcat started on port 8080 (http) with context path '/'
2026-07-19 23:04:35.046 [restartedMain] INFO  c.e.hospital.HospitalApplication - Started HospitalApplication in 0.419 seconds (process running for 692.122)
2026-07-19 23:04:35.047 [restartedMain] INFO  o.s.b.d.a.ConditionEvaluationDeltaLoggingListener - Condition evaluation unchanged
2026-07-19 23:05:52.048 [main] INFO  c.e.h.service.UserServiceCacheTest - Starting UserServiceCacheTest using Java 25.0.1 with PID 9299 (started by ermapsh in /Users/ermapsh/Devlopement/project/backend/hospital)
2026-07-19 23:05:52.048 [main] INFO  c.e.h.service.UserServiceCacheTest - No active profile set, falling back to 1 default profile: "default"
2026-07-19 23:05:52.132 [background-preinit] INFO  o.h.validator.internal.util.Version - HV000001: Hibernate Validator 9.0.1.Final
2026-07-19 23:05:52.444 [main] INFO  o.s.d.r.c.RepositoryConfigurationDelegate - Bootstrapping Spring Data JPA repositories in DEFAULT mode.
2026-07-19 23:05:52.502 [main] INFO  o.s.d.r.c.RepositoryConfigurationDelegate - Finished Spring Data repository scanning in 55 ms. Found 8 JPA repository interfaces.
2026-07-19 23:05:52.733 [main] INFO  com.zaxxer.hikari.HikariDataSource - HikariPool-1 - Starting...
2026-07-19 23:05:52.774 [main] INFO  com.zaxxer.hikari.pool.HikariPool - HikariPool-1 - Added connection org.postgresql.jdbc.PgConnection@7a17ffee
2026-07-19 23:05:52.775 [main] INFO  com.zaxxer.hikari.HikariDataSource - HikariPool-1 - Start completed.
2026-07-19 23:05:52.808 [main] INFO  org.hibernate.orm.jpa - HHH008540: Processing PersistenceUnitInfo [name: default]
2026-07-19 23:05:52.830 [main] INFO  org.hibernate.orm.core - HHH000001: Hibernate ORM core version 7.2.7.Final
2026-07-19 23:05:52.922 [main] INFO  o.h.e.b.internal.EnversServiceImpl - Envers integration enabled? : true
2026-07-19 23:05:53.000 [main] INFO  o.s.o.j.p.SpringPersistenceUnitInfo - No LoadTimeWeaver setup: ignoring JPA class transformer
2026-07-19 23:05:53.032 [main] INFO  o.hibernate.orm.connections.pooling - HHH10001005: Database info:
	Database JDBC URL [jdbc:postgresql://localhost:5432/hospital]
	Database driver: PostgreSQL JDBC Driver
	Database dialect: PostgreSQLDialect
	Database version: 18.4
	Default catalog/schema: hospital/public
	Autocommit mode: undefined/unknown
	Isolation level: READ_COMMITTED [default READ_COMMITTED]
	JDBC fetch size: none
	Pool: DataSourceConnectionProvider
	Minimum pool size: undefined/unknown
	Maximum pool size: undefined/unknown
2026-07-19 23:05:53.123 [main] INFO  o.h.e.c.i.m.AuditMetadataGenerator - Adding properties for entity: com.ermapsh.hospital.entity.PostEntity
2026-07-19 23:05:53.502 [main] INFO  org.hibernate.orm.core - HHH000489: No JTA platform available (set 'hibernate.transaction.jta.platform' to enable JTA platform integration)
2026-07-19 23:05:53.573 [main] INFO  o.s.o.j.LocalContainerEntityManagerFactoryBean - Initialized JPA EntityManagerFactory for persistence unit 'default'
2026-07-19 23:05:53.743 [main] ERROR i.n.r.d.DnsServerAddressStreamProviders - Unable to load io.netty.resolver.dns.macos.MacOSDnsServerAddressStreamProvider, fallback to system defaults. This may result in incorrect DNS resolutions on MacOS. Check whether you have a dependency on 'io.netty:netty-resolver-dns-native-macos'. Use DEBUG level to see the full stack: java.lang.UnsatisfiedLinkError: failed to load the required native library
2026-07-19 23:05:53.829 [main] INFO  o.s.d.j.r.q.QueryEnhancerFactories - Hibernate is in classpath; If applicable, HQL parser will be used.
2026-07-19 23:05:53.919 [main] INFO  o.s.s.c.a.a.c.InitializeUserDetailsBeanManagerConfigurer$InitializeUserDetailsManagerConfigurer - Global AuthenticationManager configured with UserDetailsService bean with name userService
2026-07-19 23:05:54.335 [main] WARN  o.s.b.j.a.JpaBaseConfiguration$JpaWebConfiguration - spring.jpa.open-in-view is enabled by default. Therefore, database queries may be performed during view rendering. Explicitly configure spring.jpa.open-in-view to disable this warning
2026-07-19 23:05:54.644 [main] INFO  o.s.b.a.e.web.EndpointLinksResolver - Exposing 14 endpoints beneath base path '/actuator'
2026-07-19 23:05:54.674 [main] INFO  c.e.h.service.UserServiceCacheTest - Started UserServiceCacheTest in 2.77 seconds (process running for 3.268)
2026-07-19 23:05:54.972 [main] INFO  c.e.h.service.UserServiceCacheTest - first time calling: mahesh
2026-07-19 23:05:54.972 [main] INFO  c.e.h.service.UserServiceCacheTest - second time calling - from cache: mahesh
2026-07-19 23:05:55.015 [main] INFO  c.e.h.service.UserServiceCacheTest - first time calling: ErMapsh is great 2
2026-07-19 23:05:55.015 [main] INFO  c.e.h.service.UserServiceCacheTest - second time calling - from cache: ErMapsh is great 2
2026-07-19 23:05:57.108 [SpringApplicationShutdownHook] INFO  o.s.o.j.LocalContainerEntityManagerFactoryBean - Closing JPA EntityManagerFactory for persistence unit 'default'
2026-07-19 23:05:57.114 [SpringApplicationShutdownHook] INFO  com.zaxxer.hikari.HikariDataSource - HikariPool-1 - Shutdown initiated...
2026-07-19 23:05:57.118 [SpringApplicationShutdownHook] INFO  com.zaxxer.hikari.HikariDataSource - HikariPool-1 - Shutdown completed.
2026-07-19 23:06:39.128 [main] INFO  c.e.h.service.UserServiceCacheTest - Starting UserServiceCacheTest using Java 25.0.1 with PID 9336 (started by ermapsh in /Users/ermapsh/Devlopement/project/backend/hospital)
2026-07-19 23:06:39.129 [main] INFO  c.e.h.service.UserServiceCacheTest - No active profile set, falling back to 1 default profile: "default"
2026-07-19 23:06:39.228 [background-preinit] INFO  o.h.validator.internal.util.Version - HV000001: Hibernate Validator 9.0.1.Final
2026-07-19 23:06:39.496 [main] INFO  o.s.d.r.c.RepositoryConfigurationDelegate - Bootstrapping Spring Data JPA repositories in DEFAULT mode.
2026-07-19 23:06:39.557 [main] INFO  o.s.d.r.c.RepositoryConfigurationDelegate - Finished Spring Data repository scanning in 57 ms. Found 8 JPA repository interfaces.
2026-07-19 23:06:39.776 [main] INFO  com.zaxxer.hikari.HikariDataSource - HikariPool-1 - Starting...
2026-07-19 23:06:39.818 [main] INFO  com.zaxxer.hikari.pool.HikariPool - HikariPool-1 - Added connection org.postgresql.jdbc.PgConnection@54780c40
2026-07-19 23:06:39.818 [main] INFO  com.zaxxer.hikari.HikariDataSource - HikariPool-1 - Start completed.
2026-07-19 23:06:39.854 [main] INFO  org.hibernate.orm.jpa - HHH008540: Processing PersistenceUnitInfo [name: default]
2026-07-19 23:06:39.877 [main] INFO  org.hibernate.orm.core - HHH000001: Hibernate ORM core version 7.2.7.Final
2026-07-19 23:06:39.965 [main] INFO  o.h.e.b.internal.EnversServiceImpl - Envers integration enabled? : true
2026-07-19 23:06:40.048 [main] INFO  o.s.o.j.p.SpringPersistenceUnitInfo - No LoadTimeWeaver setup: ignoring JPA class transformer
2026-07-19 23:06:40.081 [main] INFO  o.hibernate.orm.connections.pooling - HHH10001005: Database info:
	Database JDBC URL [jdbc:postgresql://localhost:5432/hospital]
	Database driver: PostgreSQL JDBC Driver
	Database dialect: PostgreSQLDialect
	Database version: 18.4
	Default catalog/schema: hospital/public
	Autocommit mode: undefined/unknown
	Isolation level: READ_COMMITTED [default READ_COMMITTED]
	JDBC fetch size: none
	Pool: DataSourceConnectionProvider
	Minimum pool size: undefined/unknown
	Maximum pool size: undefined/unknown
2026-07-19 23:06:40.175 [main] INFO  o.h.e.c.i.m.AuditMetadataGenerator - Adding properties for entity: com.ermapsh.hospital.entity.PostEntity
2026-07-19 23:06:40.556 [main] INFO  org.hibernate.orm.core - HHH000489: No JTA platform available (set 'hibernate.transaction.jta.platform' to enable JTA platform integration)
2026-07-19 23:06:40.626 [main] INFO  o.s.o.j.LocalContainerEntityManagerFactoryBean - Initialized JPA EntityManagerFactory for persistence unit 'default'
2026-07-19 23:06:40.786 [main] ERROR i.n.r.d.DnsServerAddressStreamProviders - Unable to load io.netty.resolver.dns.macos.MacOSDnsServerAddressStreamProvider, fallback to system defaults. This may result in incorrect DNS resolutions on MacOS. Check whether you have a dependency on 'io.netty:netty-resolver-dns-native-macos'. Use DEBUG level to see the full stack: java.lang.UnsatisfiedLinkError: failed to load the required native library
2026-07-19 23:06:40.878 [main] INFO  o.s.d.j.r.q.QueryEnhancerFactories - Hibernate is in classpath; If applicable, HQL parser will be used.
2026-07-19 23:06:40.970 [main] INFO  o.s.s.c.a.a.c.InitializeUserDetailsBeanManagerConfigurer$InitializeUserDetailsManagerConfigurer - Global AuthenticationManager configured with UserDetailsService bean with name userService
2026-07-19 23:06:41.386 [main] WARN  o.s.b.j.a.JpaBaseConfiguration$JpaWebConfiguration - spring.jpa.open-in-view is enabled by default. Therefore, database queries may be performed during view rendering. Explicitly configure spring.jpa.open-in-view to disable this warning
2026-07-19 23:06:41.684 [main] INFO  o.s.b.a.e.web.EndpointLinksResolver - Exposing 14 endpoints beneath base path '/actuator'
2026-07-19 23:06:41.713 [main] INFO  c.e.h.service.UserServiceCacheTest - Started UserServiceCacheTest in 2.724 seconds (process running for 3.186)
2026-07-19 23:06:42.028 [main] INFO  c.e.h.service.UserServiceCacheTest - first time calling: mahesh
2026-07-19 23:06:42.028 [main] INFO  c.e.h.service.UserServiceCacheTest - second time calling - from cache: mahesh
2026-07-19 23:06:42.087 [main] INFO  c.e.h.service.UserServiceCacheTest - first time calling: ErMapsh is great 2
2026-07-19 23:06:42.087 [main] INFO  c.e.h.service.UserServiceCacheTest - second time calling - from cache: ErMapsh is great 2
2026-07-19 23:06:44.177 [SpringApplicationShutdownHook] INFO  o.s.o.j.LocalContainerEntityManagerFactoryBean - Closing JPA EntityManagerFactory for persistence unit 'default'
2026-07-19 23:06:44.178 [SpringApplicationShutdownHook] INFO  com.zaxxer.hikari.HikariDataSource - HikariPool-1 - Shutdown initiated...
2026-07-19 23:06:44.180 [SpringApplicationShutdownHook] INFO  com.zaxxer.hikari.HikariDataSource - HikariPool-1 - Shutdown completed.
2026-07-19 23:06:51.078 [main] INFO  c.e.h.service.UserServiceCacheTest - Starting UserServiceCacheTest using Java 25.0.1 with PID 9357 (started by ermapsh in /Users/ermapsh/Devlopement/project/backend/hospital)
2026-07-19 23:06:51.078 [main] INFO  c.e.h.service.UserServiceCacheTest - No active profile set, falling back to 1 default profile: "default"
2026-07-19 23:06:51.167 [background-preinit] INFO  o.h.validator.internal.util.Version - HV000001: Hibernate Validator 9.0.1.Final
2026-07-19 23:06:51.455 [main] INFO  o.s.d.r.c.RepositoryConfigurationDelegate - Bootstrapping Spring Data JPA repositories in DEFAULT mode.
2026-07-19 23:06:51.515 [main] INFO  o.s.d.r.c.RepositoryConfigurationDelegate - Finished Spring Data repository scanning in 57 ms. Found 8 JPA repository interfaces.
2026-07-19 23:06:51.748 [main] INFO  com.zaxxer.hikari.HikariDataSource - HikariPool-1 - Starting...
2026-07-19 23:06:51.803 [main] INFO  com.zaxxer.hikari.pool.HikariPool - HikariPool-1 - Added connection org.postgresql.jdbc.PgConnection@23cb8fcb
2026-07-19 23:06:51.804 [main] INFO  com.zaxxer.hikari.HikariDataSource - HikariPool-1 - Start completed.
2026-07-19 23:06:51.852 [main] INFO  org.hibernate.orm.jpa - HHH008540: Processing PersistenceUnitInfo [name: default]
2026-07-19 23:06:51.880 [main] INFO  org.hibernate.orm.core - HHH000001: Hibernate ORM core version 7.2.7.Final
2026-07-19 23:06:51.978 [main] INFO  o.h.e.b.internal.EnversServiceImpl - Envers integration enabled? : true
2026-07-19 23:06:52.049 [main] INFO  o.s.o.j.p.SpringPersistenceUnitInfo - No LoadTimeWeaver setup: ignoring JPA class transformer
2026-07-19 23:06:52.080 [main] INFO  o.hibernate.orm.connections.pooling - HHH10001005: Database info:
	Database JDBC URL [jdbc:postgresql://localhost:5432/hospital]
	Database driver: PostgreSQL JDBC Driver
	Database dialect: PostgreSQLDialect
	Database version: 18.4
	Default catalog/schema: hospital/public
	Autocommit mode: undefined/unknown
	Isolation level: READ_COMMITTED [default READ_COMMITTED]
	JDBC fetch size: none
	Pool: DataSourceConnectionProvider
	Minimum pool size: undefined/unknown
	Maximum pool size: undefined/unknown
2026-07-19 23:06:52.169 [main] INFO  o.h.e.c.i.m.AuditMetadataGenerator - Adding properties for entity: com.ermapsh.hospital.entity.PostEntity
2026-07-19 23:06:52.548 [main] INFO  org.hibernate.orm.core - HHH000489: No JTA platform available (set 'hibernate.transaction.jta.platform' to enable JTA platform integration)
2026-07-19 23:06:52.626 [main] INFO  o.s.o.j.LocalContainerEntityManagerFactoryBean - Initialized JPA EntityManagerFactory for persistence unit 'default'
2026-07-19 23:06:52.797 [main] ERROR i.n.r.d.DnsServerAddressStreamProviders - Unable to load io.netty.resolver.dns.macos.MacOSDnsServerAddressStreamProvider, fallback to system defaults. This may result in incorrect DNS resolutions on MacOS. Check whether you have a dependency on 'io.netty:netty-resolver-dns-native-macos'. Use DEBUG level to see the full stack: java.lang.UnsatisfiedLinkError: failed to load the required native library
2026-07-19 23:06:52.900 [main] INFO  o.s.d.j.r.q.QueryEnhancerFactories - Hibernate is in classpath; If applicable, HQL parser will be used.
2026-07-19 23:06:53.006 [main] INFO  o.s.s.c.a.a.c.InitializeUserDetailsBeanManagerConfigurer$InitializeUserDetailsManagerConfigurer - Global AuthenticationManager configured with UserDetailsService bean with name userService
2026-07-19 23:06:53.380 [main] WARN  o.s.b.j.a.JpaBaseConfiguration$JpaWebConfiguration - spring.jpa.open-in-view is enabled by default. Therefore, database queries may be performed during view rendering. Explicitly configure spring.jpa.open-in-view to disable this warning
2026-07-19 23:06:53.674 [main] INFO  o.s.b.a.e.web.EndpointLinksResolver - Exposing 14 endpoints beneath base path '/actuator'
2026-07-19 23:06:53.702 [main] INFO  c.e.h.service.UserServiceCacheTest - Started UserServiceCacheTest in 2.763 seconds (process running for 3.217)
2026-07-19 23:06:54.000 [main] INFO  c.e.h.service.UserServiceCacheTest - first time calling: mahesh
2026-07-19 23:06:54.001 [main] INFO  c.e.h.service.UserServiceCacheTest - second time calling - from cache: mahesh
2026-07-19 23:06:54.041 [main] INFO  c.e.h.service.UserServiceCacheTest - first time calling: ErMapsh is great 2
2026-07-19 23:06:54.041 [main] INFO  c.e.h.service.UserServiceCacheTest - second time calling - from cache: ErMapsh is great 2
2026-07-19 23:06:54.053 [main] INFO  c.e.h.service.UserServiceCacheTest - after cache removing - from db: ErMapsh is great 2
2026-07-19 23:06:56.148 [SpringApplicationShutdownHook] INFO  o.s.o.j.LocalContainerEntityManagerFactoryBean - Closing JPA EntityManagerFactory for persistence unit 'default'
2026-07-19 23:06:56.150 [SpringApplicationShutdownHook] INFO  com.zaxxer.hikari.HikariDataSource - HikariPool-1 - Shutdown initiated...
2026-07-19 23:06:56.152 [SpringApplicationShutdownHook] INFO  com.zaxxer.hikari.HikariDataSource - HikariPool-1 - Shutdown completed.
2026-07-19 23:07:37.632 [main] INFO  c.e.h.service.UserServiceCacheTest - Starting UserServiceCacheTest using Java 25.0.1 with PID 9390 (started by ermapsh in /Users/ermapsh/Devlopement/project/backend/hospital)
2026-07-19 23:07:37.632 [main] INFO  c.e.h.service.UserServiceCacheTest - No active profile set, falling back to 1 default profile: "default"
2026-07-19 23:07:37.734 [background-preinit] INFO  o.h.validator.internal.util.Version - HV000001: Hibernate Validator 9.0.1.Final
2026-07-19 23:07:38.008 [main] INFO  o.s.d.r.c.RepositoryConfigurationDelegate - Bootstrapping Spring Data JPA repositories in DEFAULT mode.
2026-07-19 23:07:38.067 [main] INFO  o.s.d.r.c.RepositoryConfigurationDelegate - Finished Spring Data repository scanning in 55 ms. Found 8 JPA repository interfaces.
2026-07-19 23:07:38.313 [main] INFO  com.zaxxer.hikari.HikariDataSource - HikariPool-1 - Starting...
2026-07-19 23:07:38.357 [main] INFO  com.zaxxer.hikari.pool.HikariPool - HikariPool-1 - Added connection org.postgresql.jdbc.PgConnection@2e5c7cd5
2026-07-19 23:07:38.359 [main] INFO  com.zaxxer.hikari.HikariDataSource - HikariPool-1 - Start completed.
2026-07-19 23:07:38.398 [main] INFO  org.hibernate.orm.jpa - HHH008540: Processing PersistenceUnitInfo [name: default]
2026-07-19 23:07:38.419 [main] INFO  org.hibernate.orm.core - HHH000001: Hibernate ORM core version 7.2.7.Final
2026-07-19 23:07:38.514 [main] INFO  o.h.e.b.internal.EnversServiceImpl - Envers integration enabled? : true
2026-07-19 23:07:38.588 [main] INFO  o.s.o.j.p.SpringPersistenceUnitInfo - No LoadTimeWeaver setup: ignoring JPA class transformer
2026-07-19 23:07:38.621 [main] INFO  o.hibernate.orm.connections.pooling - HHH10001005: Database info:
	Database JDBC URL [jdbc:postgresql://localhost:5432/hospital]
	Database driver: PostgreSQL JDBC Driver
	Database dialect: PostgreSQLDialect
	Database version: 18.4
	Default catalog/schema: hospital/public
	Autocommit mode: undefined/unknown
	Isolation level: READ_COMMITTED [default READ_COMMITTED]
	JDBC fetch size: none
	Pool: DataSourceConnectionProvider
	Minimum pool size: undefined/unknown
	Maximum pool size: undefined/unknown
2026-07-19 23:07:38.703 [main] INFO  o.h.e.c.i.m.AuditMetadataGenerator - Adding properties for entity: com.ermapsh.hospital.entity.PostEntity
2026-07-19 23:07:39.061 [main] INFO  org.hibernate.orm.core - HHH000489: No JTA platform available (set 'hibernate.transaction.jta.platform' to enable JTA platform integration)
2026-07-19 23:07:39.120 [main] INFO  o.s.o.j.LocalContainerEntityManagerFactoryBean - Initialized JPA EntityManagerFactory for persistence unit 'default'
2026-07-19 23:07:39.276 [main] ERROR i.n.r.d.DnsServerAddressStreamProviders - Unable to load io.netty.resolver.dns.macos.MacOSDnsServerAddressStreamProvider, fallback to system defaults. This may result in incorrect DNS resolutions on MacOS. Check whether you have a dependency on 'io.netty:netty-resolver-dns-native-macos'. Use DEBUG level to see the full stack: java.lang.UnsatisfiedLinkError: failed to load the required native library
2026-07-19 23:07:39.368 [main] INFO  o.s.d.j.r.q.QueryEnhancerFactories - Hibernate is in classpath; If applicable, HQL parser will be used.
2026-07-19 23:07:39.461 [main] INFO  o.s.s.c.a.a.c.InitializeUserDetailsBeanManagerConfigurer$InitializeUserDetailsManagerConfigurer - Global AuthenticationManager configured with UserDetailsService bean with name userService
2026-07-19 23:07:39.840 [main] WARN  o.s.b.j.a.JpaBaseConfiguration$JpaWebConfiguration - spring.jpa.open-in-view is enabled by default. Therefore, database queries may be performed during view rendering. Explicitly configure spring.jpa.open-in-view to disable this warning
2026-07-19 23:07:40.182 [main] INFO  o.s.b.a.e.web.EndpointLinksResolver - Exposing 14 endpoints beneath base path '/actuator'
2026-07-19 23:07:40.209 [main] INFO  c.e.h.service.UserServiceCacheTest - Started UserServiceCacheTest in 2.716 seconds (process running for 3.175)
2026-07-19 23:07:40.501 [main] INFO  c.e.h.service.UserServiceCacheTest - first time calling: mahesh
2026-07-19 23:07:40.501 [main] INFO  c.e.h.service.UserServiceCacheTest - second time calling - from cache: mahesh
2026-07-19 23:07:40.542 [main] INFO  c.e.h.service.UserServiceCacheTest - first time calling: ErMapsh is great 2
2026-07-19 23:07:40.542 [main] INFO  c.e.h.service.UserServiceCacheTest - second time calling - from cache: ErMapsh is great 2
2026-07-19 23:07:40.544 [main] INFO  c.e.h.service.UserServiceCacheTest - before cache removing - from db: ErMapsh is great 2
2026-07-19 23:07:40.556 [main] INFO  c.e.h.service.UserServiceCacheTest - after cache removing - from db: ErMapsh is great 2
2026-07-19 23:07:42.653 [SpringApplicationShutdownHook] INFO  o.s.o.j.LocalContainerEntityManagerFactoryBean - Closing JPA EntityManagerFactory for persistence unit 'default'
2026-07-19 23:07:42.658 [SpringApplicationShutdownHook] INFO  com.zaxxer.hikari.HikariDataSource - HikariPool-1 - Shutdown initiated...
2026-07-19 23:07:42.663 [SpringApplicationShutdownHook] INFO  com.zaxxer.hikari.HikariDataSource - HikariPool-1 - Shutdown completed.
